ISO-10303-21;
HEADER;
FILE_DESCRIPTION((''),'2;1');
FILE_NAME('1053091108','2020-11-23T',('gga'),(''),
'PRO/ENGINEER BY PARAMETRIC TECHNOLOGY CORPORATION, 2016010',
'PRO/ENGINEER BY PARAMETRIC TECHNOLOGY CORPORATION, 2016010','');
FILE_SCHEMA(('CONFIG_CONTROL_DESIGN'));
ENDSEC;
DATA;
#1=DIRECTION('',(-1.E0,0.E0,0.E0));
#2=VECTOR('',#1,1.934E1);
#3=CARTESIAN_POINT('',(9.67E0,-1.74E0,-4.23E0));
#4=LINE('',#3,#2);
#5=DIRECTION('',(0.E0,0.E0,-1.E0));
#6=VECTOR('',#5,6.E-1);
#7=CARTESIAN_POINT('',(-9.67E0,-1.74E0,-4.23E0));
#8=LINE('',#7,#6);
#9=DIRECTION('',(1.E0,0.E0,0.E0));
#10=VECTOR('',#9,2.094E1);
#11=CARTESIAN_POINT('',(-1.047E1,-1.74E0,4.23E0));
#12=LINE('',#11,#10);
#13=DIRECTION('',(0.E0,0.E0,-1.E0));
#14=VECTOR('',#13,9.06E0);
#15=CARTESIAN_POINT('',(1.047E1,-1.74E0,4.23E0));
#16=LINE('',#15,#14);
#17=DIRECTION('',(0.E0,1.E0,0.E0));
#18=VECTOR('',#17,6.35E-1);
#19=CARTESIAN_POINT('',(8.4325E0,-3.175E-1,-4.23E0));
#20=LINE('',#19,#18);
#21=DIRECTION('',(1.E0,0.E0,0.E0));
#22=VECTOR('',#21,6.35E-1);
#23=CARTESIAN_POINT('',(8.4325E0,3.175E-1,-4.23E0));
#24=LINE('',#23,#22);
#25=DIRECTION('',(0.E0,1.E0,0.E0));
#26=VECTOR('',#25,6.35E-1);
#27=CARTESIAN_POINT('',(9.0675E0,-3.175E-1,-4.23E0));
#28=LINE('',#27,#26);
#29=DIRECTION('',(1.E0,0.E0,0.E0));
#30=VECTOR('',#29,6.35E-1);
#31=CARTESIAN_POINT('',(8.4325E0,-3.175E-1,-4.23E0));
#32=LINE('',#31,#30);
#33=DIRECTION('',(0.E0,1.E0,0.E0));
#34=VECTOR('',#33,6.35E-1);
#35=CARTESIAN_POINT('',(5.9325E0,-3.175E-1,-4.23E0));
#36=LINE('',#35,#34);
#37=DIRECTION('',(1.E0,0.E0,0.E0));
#38=VECTOR('',#37,6.35E-1);
#39=CARTESIAN_POINT('',(5.9325E0,3.175E-1,-4.23E0));
#40=LINE('',#39,#38);
#41=DIRECTION('',(0.E0,1.E0,0.E0));
#42=VECTOR('',#41,6.35E-1);
#43=CARTESIAN_POINT('',(6.5675E0,-3.175E-1,-4.23E0));
#44=LINE('',#43,#42);
#45=DIRECTION('',(1.E0,0.E0,0.E0));
#46=VECTOR('',#45,6.35E-1);
#47=CARTESIAN_POINT('',(5.9325E0,-3.175E-1,-4.23E0));
#48=LINE('',#47,#46);
#49=DIRECTION('',(0.E0,1.E0,0.E0));
#50=VECTOR('',#49,6.35E-1);
#51=CARTESIAN_POINT('',(3.4325E0,-3.175E-1,-4.23E0));
#52=LINE('',#51,#50);
#53=DIRECTION('',(1.E0,0.E0,0.E0));
#54=VECTOR('',#53,6.35E-1);
#55=CARTESIAN_POINT('',(3.4325E0,3.175E-1,-4.23E0));
#56=LINE('',#55,#54);
#57=DIRECTION('',(0.E0,1.E0,0.E0));
#58=VECTOR('',#57,6.35E-1);
#59=CARTESIAN_POINT('',(4.0675E0,-3.175E-1,-4.23E0));
#60=LINE('',#59,#58);
#61=DIRECTION('',(1.E0,0.E0,0.E0));
#62=VECTOR('',#61,6.35E-1);
#63=CARTESIAN_POINT('',(3.4325E0,-3.175E-1,-4.23E0));
#64=LINE('',#63,#62);
#65=DIRECTION('',(0.E0,1.E0,0.E0));
#66=VECTOR('',#65,6.35E-1);
#67=CARTESIAN_POINT('',(9.325E-1,-3.175E-1,-4.23E0));
#68=LINE('',#67,#66);
#69=DIRECTION('',(1.E0,0.E0,0.E0));
#70=VECTOR('',#69,6.35E-1);
#71=CARTESIAN_POINT('',(9.325E-1,3.175E-1,-4.23E0));
#72=LINE('',#71,#70);
#73=DIRECTION('',(0.E0,1.E0,0.E0));
#74=VECTOR('',#73,6.35E-1);
#75=CARTESIAN_POINT('',(1.5675E0,-3.175E-1,-4.23E0));
#76=LINE('',#75,#74);
#77=DIRECTION('',(1.E0,0.E0,0.E0));
#78=VECTOR('',#77,6.35E-1);
#79=CARTESIAN_POINT('',(9.325E-1,-3.175E-1,-4.23E0));
#80=LINE('',#79,#78);
#81=DIRECTION('',(0.E0,1.E0,0.E0));
#82=VECTOR('',#81,6.35E-1);
#83=CARTESIAN_POINT('',(-1.5675E0,-3.175E-1,-4.23E0));
#84=LINE('',#83,#82);
#85=DIRECTION('',(1.E0,0.E0,0.E0));
#86=VECTOR('',#85,6.35E-1);
#87=CARTESIAN_POINT('',(-1.5675E0,3.175E-1,-4.23E0));
#88=LINE('',#87,#86);
#89=DIRECTION('',(0.E0,1.E0,0.E0));
#90=VECTOR('',#89,6.35E-1);
#91=CARTESIAN_POINT('',(-9.325E-1,-3.175E-1,-4.23E0));
#92=LINE('',#91,#90);
#93=DIRECTION('',(1.E0,0.E0,0.E0));
#94=VECTOR('',#93,6.35E-1);
#95=CARTESIAN_POINT('',(-1.5675E0,-3.175E-1,-4.23E0));
#96=LINE('',#95,#94);
#97=DIRECTION('',(0.E0,1.E0,0.E0));
#98=VECTOR('',#97,6.35E-1);
#99=CARTESIAN_POINT('',(-4.0675E0,-3.175E-1,-4.23E0));
#100=LINE('',#99,#98);
#101=DIRECTION('',(1.E0,0.E0,0.E0));
#102=VECTOR('',#101,6.35E-1);
#103=CARTESIAN_POINT('',(-4.0675E0,3.175E-1,-4.23E0));
#104=LINE('',#103,#102);
#105=DIRECTION('',(0.E0,1.E0,0.E0));
#106=VECTOR('',#105,6.35E-1);
#107=CARTESIAN_POINT('',(-3.4325E0,-3.175E-1,-4.23E0));
#108=LINE('',#107,#106);
#109=DIRECTION('',(1.E0,0.E0,0.E0));
#110=VECTOR('',#109,6.35E-1);
#111=CARTESIAN_POINT('',(-4.0675E0,-3.175E-1,-4.23E0));
#112=LINE('',#111,#110);
#113=DIRECTION('',(0.E0,1.E0,0.E0));
#114=VECTOR('',#113,6.35E-1);
#115=CARTESIAN_POINT('',(-6.5675E0,-3.175E-1,-4.23E0));
#116=LINE('',#115,#114);
#117=DIRECTION('',(1.E0,0.E0,0.E0));
#118=VECTOR('',#117,6.35E-1);
#119=CARTESIAN_POINT('',(-6.5675E0,3.175E-1,-4.23E0));
#120=LINE('',#119,#118);
#121=DIRECTION('',(0.E0,1.E0,0.E0));
#122=VECTOR('',#121,6.35E-1);
#123=CARTESIAN_POINT('',(-5.9325E0,-3.175E-1,-4.23E0));
#124=LINE('',#123,#122);
#125=DIRECTION('',(1.E0,0.E0,0.E0));
#126=VECTOR('',#125,6.35E-1);
#127=CARTESIAN_POINT('',(-6.5675E0,-3.175E-1,-4.23E0));
#128=LINE('',#127,#126);
#129=DIRECTION('',(0.E0,1.E0,0.E0));
#130=VECTOR('',#129,6.35E-1);
#131=CARTESIAN_POINT('',(-9.0675E0,-3.175E-1,-4.23E0));
#132=LINE('',#131,#130);
#133=DIRECTION('',(1.E0,0.E0,0.E0));
#134=VECTOR('',#133,6.35E-1);
#135=CARTESIAN_POINT('',(-9.0675E0,3.175E-1,-4.23E0));
#136=LINE('',#135,#134);
#137=DIRECTION('',(0.E0,1.E0,0.E0));
#138=VECTOR('',#137,6.35E-1);
#139=CARTESIAN_POINT('',(-8.4325E0,-3.175E-1,-4.23E0));
#140=LINE('',#139,#138);
#141=DIRECTION('',(1.E0,0.E0,0.E0));
#142=VECTOR('',#141,6.35E-1);
#143=CARTESIAN_POINT('',(-9.0675E0,-3.175E-1,-4.23E0));
#144=LINE('',#143,#142);
#145=CARTESIAN_POINT('',(0.E0,1.34E0,-4.23E0));
#146=DIRECTION('',(0.E0,0.E0,-1.E0));
#147=DIRECTION('',(7.453559924999E-1,6.666666666667E-1,0.E0));
#148=AXIS2_PLACEMENT_3D('',#145,#146,#147);
#150=DIRECTION('',(0.E0,-1.E0,0.E0));
#151=VECTOR('',#150,6.E-1);
#152=CARTESIAN_POINT('',(-9.67E0,1.74E0,-4.23E0));
#153=LINE('',#152,#151);
#154=DIRECTION('',(1.E0,0.E0,0.E0));
#155=VECTOR('',#154,8.E-1);
#156=CARTESIAN_POINT('',(-1.047E1,1.14E0,-4.23E0));
#157=LINE('',#156,#155);
#158=DIRECTION('',(1.E0,0.E0,0.E0));
#159=VECTOR('',#158,8.E-1);
#160=CARTESIAN_POINT('',(-1.047E1,-1.14E0,-4.23E0));
#161=LINE('',#160,#159);
#162=DIRECTION('',(0.E0,1.E0,0.E0));
#163=VECTOR('',#162,6.E-1);
#164=CARTESIAN_POINT('',(-9.67E0,-1.74E0,-4.23E0));
#165=LINE('',#164,#163);
#166=DIRECTION('',(0.E0,1.E0,0.E0));
#167=VECTOR('',#166,6.E-1);
#168=CARTESIAN_POINT('',(9.67E0,-1.74E0,-4.23E0));
#169=LINE('',#168,#167);
#170=DIRECTION('',(-1.E0,0.E0,0.E0));
#171=VECTOR('',#170,8.E-1);
#172=CARTESIAN_POINT('',(1.047E1,-1.14E0,-4.23E0));
#173=LINE('',#172,#171);
#174=DIRECTION('',(0.E0,1.E0,0.E0));
#175=VECTOR('',#174,2.28E0);
#176=CARTESIAN_POINT('',(1.047E1,-1.14E0,-4.23E0));
#177=LINE('',#176,#175);
#178=DIRECTION('',(-1.E0,0.E0,0.E0));
#179=VECTOR('',#178,8.E-1);
#180=CARTESIAN_POINT('',(1.047E1,1.14E0,-4.23E0));
#181=LINE('',#180,#179);
#182=DIRECTION('',(0.E0,-1.E0,0.E0));
#183=VECTOR('',#182,6.E-1);
#184=CARTESIAN_POINT('',(9.67E0,1.74E0,-4.23E0));
#185=LINE('',#184,#183);
#186=DIRECTION('',(0.E0,1.E0,0.E0));
#187=VECTOR('',#186,6.35E-1);
#188=CARTESIAN_POINT('',(8.4325E0,-3.175E-1,2.22E0));
#189=LINE('',#188,#187);
#190=DIRECTION('',(0.E0,0.E0,-1.E0));
#191=VECTOR('',#190,3.99E0);
#192=CARTESIAN_POINT('',(8.4325E0,-3.175E-1,2.22E0));
#193=LINE('',#192,#191);
#194=DIRECTION('',(0.E0,0.E0,1.E0));
#195=VECTOR('',#194,3.99E0);
#196=CARTESIAN_POINT('',(8.4325E0,3.175E-1,-1.77E0));
#197=LINE('',#196,#195);
#198=CARTESIAN_POINT('',(8.4325E0,-1.3225E0,-4.786409164080E0));
#199=DIRECTION('',(-1.E0,0.E0,0.E0));
#200=DIRECTION('',(0.E0,1.E0,0.E0));
#201=AXIS2_PLACEMENT_3D('',#198,#199,#200);
#203=CARTESIAN_POINT('',(8.4325E0,1.0625E0,-5.93E0));
#204=DIRECTION('',(1.E0,0.E0,0.E0));
#205=DIRECTION('',(0.E0,-9.017013232514E-1,4.323594842797E-1));
#206=AXIS2_PLACEMENT_3D('',#203,#204,#205);
#208=CARTESIAN_POINT('',(8.4325E0,-1.3225E0,-7.073590835920E0));
#209=DIRECTION('',(-1.E0,0.E0,0.E0));
#210=DIRECTION('',(0.E0,9.017013232514E-1,4.323594842797E-1));
#211=AXIS2_PLACEMENT_3D('',#208,#209,#210);
#213=DIRECTION('',(0.E0,-1.E0,0.E0));
#214=VECTOR('',#213,6.35E-1);
#215=CARTESIAN_POINT('',(8.4325E0,3.175E-1,-7.48E0));
#216=LINE('',#215,#214);
#217=CARTESIAN_POINT('',(8.4325E0,-1.3225E0,-7.073590835920E0));
#218=DIRECTION('',(1.E0,0.E0,0.E0));
#219=DIRECTION('',(0.E0,1.E0,0.E0));
#220=AXIS2_PLACEMENT_3D('',#217,#218,#219);
#222=CARTESIAN_POINT('',(8.4325E0,1.0625E0,-5.93E0));
#223=DIRECTION('',(-1.E0,0.E0,0.E0));
#224=DIRECTION('',(0.E0,-9.017013232514E-1,-4.323594842797E-1));
#225=AXIS2_PLACEMENT_3D('',#222,#223,#224);
#227=CARTESIAN_POINT('',(8.4325E0,-1.3225E0,-4.786409164080E0));
#228=DIRECTION('',(1.E0,0.E0,0.E0));
#229=DIRECTION('',(0.E0,9.017013232514E-1,-4.323594842797E-1));
#230=AXIS2_PLACEMENT_3D('',#227,#228,#229);
#232=DIRECTION('',(-1.E0,0.E0,0.E0));
#233=VECTOR('',#232,3.35E-1);
#234=CARTESIAN_POINT('',(8.9175E0,1.675E-1,2.77E0));
#235=LINE('',#234,#233);
#236=DIRECTION('',(0.E0,-1.E0,0.E0));
#237=VECTOR('',#236,3.35E-1);
#238=CARTESIAN_POINT('',(8.9175E0,1.675E-1,2.77E0));
#239=LINE('',#238,#237);
#240=DIRECTION('',(-1.E0,0.E0,0.E0));
#241=VECTOR('',#240,3.35E-1);
#242=CARTESIAN_POINT('',(8.9175E0,-1.675E-1,2.77E0));
#243=LINE('',#242,#241);
#244=DIRECTION('',(0.E0,1.E0,0.E0));
#245=VECTOR('',#244,3.35E-1);
#246=CARTESIAN_POINT('',(8.5825E0,-1.675E-1,2.77E0));
#247=LINE('',#246,#245);
#248=DIRECTION('',(2.544566789040E-1,-2.544566789040E-1,9.330078226480E-1));
#249=VECTOR('',#248,5.894913061276E-1);
#250=CARTESIAN_POINT('',(8.4325E0,3.175E-1,2.22E0));
#251=LINE('',#250,#249);
#252=DIRECTION('',(2.544566789040E-1,2.544566789040E-1,-9.330078226480E-1));
#253=VECTOR('',#252,5.894913061276E-1);
#254=CARTESIAN_POINT('',(8.9175E0,1.675E-1,2.77E0));
#255=LINE('',#254,#253);
#256=DIRECTION('',(-1.E0,0.E0,0.E0));
#257=VECTOR('',#256,6.35E-1);
#258=CARTESIAN_POINT('',(9.0675E0,3.175E-1,2.22E0));
#259=LINE('',#258,#257);
#260=DIRECTION('',(0.E0,0.E0,-1.E0));
#261=VECTOR('',#260,5.564091640801E-1);
#262=CARTESIAN_POINT('',(8.4325E0,3.175E-1,-4.23E0));
#263=LINE('',#262,#261);
#264=DIRECTION('',(1.E0,0.E0,0.E0));
#265=VECTOR('',#264,6.35E-1);
#266=CARTESIAN_POINT('',(8.4325E0,3.175E-1,-4.786409164080E0));
#267=LINE('',#266,#265);
#268=DIRECTION('',(0.E0,0.E0,1.E0));
#269=VECTOR('',#268,5.564091640801E-1);
#270=CARTESIAN_POINT('',(9.0675E0,3.175E-1,-4.786409164080E0));
#271=LINE('',#270,#269);
#272=DIRECTION('',(0.E0,0.E0,1.E0));
#273=VECTOR('',#272,4.064091640801E-1);
#274=CARTESIAN_POINT('',(9.0675E0,3.175E-1,-7.48E0));
#275=LINE('',#274,#273);
#276=DIRECTION('',(0.E0,0.E0,-1.E0));
#277=VECTOR('',#276,4.064091640801E-1);
#278=CARTESIAN_POINT('',(8.4325E0,3.175E-1,-7.073590835920E0));
#279=LINE('',#278,#277);
#280=DIRECTION('',(-1.E0,0.E0,0.E0));
#281=VECTOR('',#280,6.35E-1);
#282=CARTESIAN_POINT('',(9.0675E0,3.175E-1,-7.48E0));
#283=LINE('',#282,#281);
#284=DIRECTION('',(0.E0,-1.E0,0.E0));
#285=VECTOR('',#284,2.19E0);
#286=CARTESIAN_POINT('',(7.64E0,1.095E0,-1.77E0));
#287=LINE('',#286,#285);
#288=DIRECTION('',(-1.E0,0.E0,0.E0));
#289=VECTOR('',#288,2.22E0);
#290=CARTESIAN_POINT('',(9.86E0,1.095E0,-1.77E0));
#291=LINE('',#290,#289);
#292=DIRECTION('',(0.E0,1.E0,0.E0));
#293=VECTOR('',#292,2.19E0);
#294=CARTESIAN_POINT('',(9.86E0,-1.095E0,-1.77E0));
#295=LINE('',#294,#293);
#296=DIRECTION('',(1.E0,0.E0,0.E0));
#297=VECTOR('',#296,2.22E0);
#298=CARTESIAN_POINT('',(7.64E0,-1.095E0,-1.77E0));
#299=LINE('',#298,#297);
#300=DIRECTION('',(0.E0,1.E0,0.E0));
#301=VECTOR('',#300,6.35E-1);
#302=CARTESIAN_POINT('',(8.4325E0,-3.175E-1,-1.77E0));
#303=LINE('',#302,#301);
#304=DIRECTION('',(1.E0,0.E0,0.E0));
#305=VECTOR('',#304,6.35E-1);
#306=CARTESIAN_POINT('',(8.4325E0,-3.175E-1,-1.77E0));
#307=LINE('',#306,#305);
#308=DIRECTION('',(0.E0,1.E0,0.E0));
#309=VECTOR('',#308,6.35E-1);
#310=CARTESIAN_POINT('',(9.0675E0,-3.175E-1,-1.77E0));
#311=LINE('',#310,#309);
#312=DIRECTION('',(1.E0,0.E0,0.E0));
#313=VECTOR('',#312,6.35E-1);
#314=CARTESIAN_POINT('',(8.4325E0,3.175E-1,-1.77E0));
#315=LINE('',#314,#313);
#316=DIRECTION('',(0.E0,1.E0,0.E0));
#317=VECTOR('',#316,7.1E-1);
#318=CARTESIAN_POINT('',(7.64E0,-1.095E0,-7.E-2));
#319=LINE('',#318,#317);
#320=DIRECTION('',(0.E0,0.E0,1.E0));
#321=VECTOR('',#320,3.7E0);
#322=CARTESIAN_POINT('',(7.64E0,-3.85E-1,-7.E-2));
#323=LINE('',#322,#321);
#324=DIRECTION('',(0.E0,7.071067811865E-1,7.071067811865E-1));
#325=VECTOR('',#324,8.485281374239E-1);
#326=CARTESIAN_POINT('',(7.64E0,-3.85E-1,3.63E0));
#327=LINE('',#326,#325);
#328=DIRECTION('',(0.E0,0.E0,-1.E0));
#329=VECTOR('',#328,6.E0);
#330=CARTESIAN_POINT('',(7.64E0,1.095E0,4.23E0));
#331=LINE('',#330,#329);
#332=DIRECTION('',(-1.E0,0.E0,0.E0));
#333=VECTOR('',#332,2.8E-1);
#334=CARTESIAN_POINT('',(7.64E0,-1.095E0,-7.E-2));
#335=LINE('',#334,#333);
#336=DIRECTION('',(-1.E0,0.E0,0.E0));
#337=VECTOR('',#336,4.72E0);
#338=CARTESIAN_POINT('',(9.86E0,-1.095E0,4.23E0));
#339=LINE('',#338,#337);
#340=DIRECTION('',(0.E0,0.E0,-1.E0));
#341=VECTOR('',#340,6.E0);
#342=CARTESIAN_POINT('',(5.14E0,-1.095E0,4.23E0));
#343=LINE('',#342,#341);
#344=DIRECTION('',(0.E0,0.E0,-1.E0));
#345=VECTOR('',#344,1.7E0);
#346=CARTESIAN_POINT('',(7.64E0,-1.095E0,-7.E-2));
#347=LINE('',#346,#345);
#348=DIRECTION('',(0.E0,-1.E0,0.E0));
#349=VECTOR('',#348,2.19E0);
#350=CARTESIAN_POINT('',(2.64E0,1.095E0,4.23E0));
#351=LINE('',#350,#349);
#352=DIRECTION('',(1.E0,0.E0,0.E0));
#353=VECTOR('',#352,2.22E0);
#354=CARTESIAN_POINT('',(2.64E0,-1.095E0,4.23E0));
#355=LINE('',#354,#353);
#356=DIRECTION('',(0.E0,1.E0,0.E0));
#357=VECTOR('',#356,2.19E0);
#358=CARTESIAN_POINT('',(4.86E0,-1.095E0,4.23E0));
#359=LINE('',#358,#357);
#360=DIRECTION('',(-1.E0,0.E0,0.E0));
#361=VECTOR('',#360,2.22E0);
#362=CARTESIAN_POINT('',(4.86E0,1.095E0,4.23E0));
#363=LINE('',#362,#361);
#364=DIRECTION('',(0.E0,-1.E0,0.E0));
#365=VECTOR('',#364,2.19E0);
#366=CARTESIAN_POINT('',(-4.86E0,1.095E0,4.23E0));
#367=LINE('',#366,#365);
#368=DIRECTION('',(1.E0,0.E0,0.E0));
#369=VECTOR('',#368,2.22E0);
#370=CARTESIAN_POINT('',(-4.86E0,-1.095E0,4.23E0));
#371=LINE('',#370,#369);
#372=DIRECTION('',(0.E0,1.E0,0.E0));
#373=VECTOR('',#372,2.19E0);
#374=CARTESIAN_POINT('',(-2.64E0,-1.095E0,4.23E0));
#375=LINE('',#374,#373);
#376=DIRECTION('',(-1.E0,0.E0,0.E0));
#377=VECTOR('',#376,2.22E0);
#378=CARTESIAN_POINT('',(-2.64E0,1.095E0,4.23E0));
#379=LINE('',#378,#377);
#380=DIRECTION('',(0.E0,-1.E0,0.E0));
#381=VECTOR('',#380,2.19E0);
#382=CARTESIAN_POINT('',(-7.36E0,1.095E0,4.23E0));
#383=LINE('',#382,#381);
#384=DIRECTION('',(1.E0,0.E0,0.E0));
#385=VECTOR('',#384,2.22E0);
#386=CARTESIAN_POINT('',(-7.36E0,-1.095E0,4.23E0));
#387=LINE('',#386,#385);
#388=DIRECTION('',(0.E0,1.E0,0.E0));
#389=VECTOR('',#388,2.19E0);
#390=CARTESIAN_POINT('',(-5.14E0,-1.095E0,4.23E0));
#391=LINE('',#390,#389);
#392=DIRECTION('',(-1.E0,0.E0,0.E0));
#393=VECTOR('',#392,2.22E0);
#394=CARTESIAN_POINT('',(-5.14E0,1.095E0,4.23E0));
#395=LINE('',#394,#393);
#396=DIRECTION('',(0.E0,-1.E0,0.E0));
#397=VECTOR('',#396,2.19E0);
#398=CARTESIAN_POINT('',(-9.86E0,1.095E0,4.23E0));
#399=LINE('',#398,#397);
#400=DIRECTION('',(1.E0,0.E0,0.E0));
#401=VECTOR('',#400,2.22E0);
#402=CARTESIAN_POINT('',(-9.86E0,-1.095E0,4.23E0));
#403=LINE('',#402,#401);
#404=DIRECTION('',(0.E0,1.E0,0.E0));
#405=VECTOR('',#404,2.19E0);
#406=CARTESIAN_POINT('',(-7.64E0,-1.095E0,4.23E0));
#407=LINE('',#406,#405);
#408=DIRECTION('',(-1.E0,0.E0,0.E0));
#409=VECTOR('',#408,2.22E0);
#410=CARTESIAN_POINT('',(-7.64E0,1.095E0,4.23E0));
#411=LINE('',#410,#409);
#412=DIRECTION('',(0.E0,1.E0,0.E0));
#413=VECTOR('',#412,2.19E0);
#414=CARTESIAN_POINT('',(9.86E0,-1.095E0,4.23E0));
#415=LINE('',#414,#413);
#416=DIRECTION('',(-1.E0,0.E0,0.E0));
#417=VECTOR('',#416,2.22E0);
#418=CARTESIAN_POINT('',(9.86E0,1.095E0,4.23E0));
#419=LINE('',#418,#417);
#420=DIRECTION('',(0.E0,-1.E0,0.E0));
#421=VECTOR('',#420,8.8E-1);
#422=CARTESIAN_POINT('',(7.64E0,1.095E0,4.23E0));
#423=LINE('',#422,#421);
#424=DIRECTION('',(1.E0,0.E0,0.E0));
#425=VECTOR('',#424,2.8E-1);
#426=CARTESIAN_POINT('',(7.36E0,2.15E-1,4.23E0));
#427=LINE('',#426,#425);
#428=DIRECTION('',(0.E0,1.E0,0.E0));
#429=VECTOR('',#428,8.8E-1);
#430=CARTESIAN_POINT('',(7.36E0,2.15E-1,4.23E0));
#431=LINE('',#430,#429);
#432=DIRECTION('',(-1.E0,0.E0,0.E0));
#433=VECTOR('',#432,2.22E0);
#434=CARTESIAN_POINT('',(7.36E0,1.095E0,4.23E0));
#435=LINE('',#434,#433);
#436=DIRECTION('',(0.E0,-1.E0,0.E0));
#437=VECTOR('',#436,2.19E0);
#438=CARTESIAN_POINT('',(5.14E0,1.095E0,4.23E0));
#439=LINE('',#438,#437);
#440=DIRECTION('',(0.E0,-1.E0,0.E0));
#441=VECTOR('',#440,1.465E0);
#442=CARTESIAN_POINT('',(-2.2E0,2.56E0,4.23E0));
#443=LINE('',#442,#441);
#444=DIRECTION('',(-1.E0,0.E0,0.E0));
#445=VECTOR('',#444,1.6E-1);
#446=CARTESIAN_POINT('',(-2.2E0,1.095E0,4.23E0));
#447=LINE('',#446,#445);
#448=DIRECTION('',(0.E0,-1.E0,0.E0));
#449=VECTOR('',#448,2.19E0);
#450=CARTESIAN_POINT('',(-2.36E0,1.095E0,4.23E0));
#451=LINE('',#450,#449);
#452=DIRECTION('',(1.E0,0.E0,0.E0));
#453=VECTOR('',#452,2.22E0);
#454=CARTESIAN_POINT('',(-2.36E0,-1.095E0,4.23E0));
#455=LINE('',#454,#453);
#456=DIRECTION('',(0.E0,1.E0,0.E0));
#457=VECTOR('',#456,2.19E0);
#458=CARTESIAN_POINT('',(-1.4E-1,-1.095E0,4.23E0));
#459=LINE('',#458,#457);
#460=DIRECTION('',(-1.E0,0.E0,0.E0));
#461=VECTOR('',#460,1.19E0);
#462=CARTESIAN_POINT('',(-1.4E-1,1.095E0,4.23E0));
#463=LINE('',#462,#461);
#464=DIRECTION('',(0.E0,1.E0,0.E0));
#465=VECTOR('',#464,2.75E-1);
#466=CARTESIAN_POINT('',(-1.33E0,1.095E0,4.23E0));
#467=LINE('',#466,#465);
#468=DIRECTION('',(1.E0,0.E0,0.E0));
#469=VECTOR('',#468,2.66E0);
#470=CARTESIAN_POINT('',(-1.33E0,1.37E0,4.23E0));
#471=LINE('',#470,#469);
#472=DIRECTION('',(0.E0,-1.E0,0.E0));
#473=VECTOR('',#472,2.75E-1);
#474=CARTESIAN_POINT('',(1.33E0,1.37E0,4.23E0));
#475=LINE('',#474,#473);
#476=DIRECTION('',(-1.E0,0.E0,0.E0));
#477=VECTOR('',#476,1.19E0);
#478=CARTESIAN_POINT('',(1.33E0,1.095E0,4.23E0));
#479=LINE('',#478,#477);
#480=DIRECTION('',(0.E0,-1.E0,0.E0));
#481=VECTOR('',#480,2.19E0);
#482=CARTESIAN_POINT('',(1.4E-1,1.095E0,4.23E0));
#483=LINE('',#482,#481);
#484=DIRECTION('',(1.E0,0.E0,0.E0));
#485=VECTOR('',#484,2.22E0);
#486=CARTESIAN_POINT('',(1.4E-1,-1.095E0,4.23E0));
#487=LINE('',#486,#485);
#488=DIRECTION('',(0.E0,1.E0,0.E0));
#489=VECTOR('',#488,2.19E0);
#490=CARTESIAN_POINT('',(2.36E0,-1.095E0,4.23E0));
#491=LINE('',#490,#489);
#492=DIRECTION('',(-1.E0,0.E0,0.E0));
#493=VECTOR('',#492,1.6E-1);
#494=CARTESIAN_POINT('',(2.36E0,1.095E0,4.23E0));
#495=LINE('',#494,#493);
#496=DIRECTION('',(0.E0,-1.E0,0.E0));
#497=VECTOR('',#496,1.465E0);
#498=CARTESIAN_POINT('',(2.2E0,2.56E0,4.23E0));
#499=LINE('',#498,#497);
#500=DIRECTION('',(1.E0,0.E0,0.E0));
#501=VECTOR('',#500,4.E-1);
#502=CARTESIAN_POINT('',(2.2E0,2.56E0,4.23E0));
#503=LINE('',#502,#501);
#504=DIRECTION('',(0.E0,1.E0,0.E0));
#505=VECTOR('',#504,3.48E0);
#506=CARTESIAN_POINT('',(-1.047E1,-1.74E0,4.23E0));
#507=LINE('',#506,#505);
#508=DIRECTION('',(1.E0,0.E0,0.E0));
#509=VECTOR('',#508,4.E-1);
#510=CARTESIAN_POINT('',(-2.6E0,2.56E0,4.23E0));
#511=LINE('',#510,#509);
#512=DIRECTION('',(0.E0,0.E0,-1.E0));
#513=VECTOR('',#512,6.E0);
#514=CARTESIAN_POINT('',(2.64E0,1.095E0,4.23E0));
#515=LINE('',#514,#513);
#516=DIRECTION('',(0.E0,0.E0,-1.E0));
#517=VECTOR('',#516,6.E0);
#518=CARTESIAN_POINT('',(4.86E0,1.095E0,4.23E0));
#519=LINE('',#518,#517);
#520=DIRECTION('',(0.E0,0.E0,-1.E0));
#521=VECTOR('',#520,6.E0);
#522=CARTESIAN_POINT('',(4.86E0,-1.095E0,4.23E0));
#523=LINE('',#522,#521);
#524=DIRECTION('',(0.E0,0.E0,-1.E0));
#525=VECTOR('',#524,6.E0);
#526=CARTESIAN_POINT('',(2.64E0,-1.095E0,4.23E0));
#527=LINE('',#526,#525);
#528=DIRECTION('',(0.E0,-1.E0,0.E0));
#529=VECTOR('',#528,2.19E0);
#530=CARTESIAN_POINT('',(2.64E0,1.095E0,-1.77E0));
#531=LINE('',#530,#529);
#532=DIRECTION('',(-1.E0,0.E0,0.E0));
#533=VECTOR('',#532,2.22E0);
#534=CARTESIAN_POINT('',(4.86E0,1.095E0,-1.77E0));
#535=LINE('',#534,#533);
#536=DIRECTION('',(0.E0,1.E0,0.E0));
#537=VECTOR('',#536,2.19E0);
#538=CARTESIAN_POINT('',(4.86E0,-1.095E0,-1.77E0));
#539=LINE('',#538,#537);
#540=DIRECTION('',(1.E0,0.E0,0.E0));
#541=VECTOR('',#540,2.22E0);
#542=CARTESIAN_POINT('',(2.64E0,-1.095E0,-1.77E0));
#543=LINE('',#542,#541);
#544=DIRECTION('',(0.E0,1.E0,0.E0));
#545=VECTOR('',#544,6.35E-1);
#546=CARTESIAN_POINT('',(3.4325E0,-3.175E-1,-1.77E0));
#547=LINE('',#546,#545);
#548=DIRECTION('',(1.E0,0.E0,0.E0));
#549=VECTOR('',#548,6.35E-1);
#550=CARTESIAN_POINT('',(3.4325E0,-3.175E-1,-1.77E0));
#551=LINE('',#550,#549);
#552=DIRECTION('',(0.E0,1.E0,0.E0));
#553=VECTOR('',#552,6.35E-1);
#554=CARTESIAN_POINT('',(4.0675E0,-3.175E-1,-1.77E0));
#555=LINE('',#554,#553);
#556=DIRECTION('',(1.E0,0.E0,0.E0));
#557=VECTOR('',#556,6.35E-1);
#558=CARTESIAN_POINT('',(3.4325E0,3.175E-1,-1.77E0));
#559=LINE('',#558,#557);
#560=DIRECTION('',(0.E0,1.E0,0.E0));
#561=VECTOR('',#560,6.35E-1);
#562=CARTESIAN_POINT('',(3.4325E0,-3.175E-1,2.22E0));
#563=LINE('',#562,#561);
#564=DIRECTION('',(0.E0,0.E0,-1.E0));
#565=VECTOR('',#564,3.99E0);
#566=CARTESIAN_POINT('',(3.4325E0,-3.175E-1,2.22E0));
#567=LINE('',#566,#565);
#568=DIRECTION('',(0.E0,0.E0,1.E0));
#569=VECTOR('',#568,3.99E0);
#570=CARTESIAN_POINT('',(3.4325E0,3.175E-1,-1.77E0));
#571=LINE('',#570,#569);
#572=DIRECTION('',(0.E0,-1.E0,0.E0));
#573=VECTOR('',#572,6.35E-1);
#574=CARTESIAN_POINT('',(3.4325E0,3.175E-1,-7.48E0));
#575=LINE('',#574,#573);
#576=DIRECTION('',(0.E0,0.E0,1.E0));
#577=VECTOR('',#576,3.25E0);
#578=CARTESIAN_POINT('',(3.4325E0,3.175E-1,-7.48E0));
#579=LINE('',#578,#577);
#580=DIRECTION('',(0.E0,0.E0,-1.E0));
#581=VECTOR('',#580,3.25E0);
#582=CARTESIAN_POINT('',(3.4325E0,-3.175E-1,-4.23E0));
#583=LINE('',#582,#581);
#584=DIRECTION('',(-1.E0,0.E0,0.E0));
#585=VECTOR('',#584,3.35E-1);
#586=CARTESIAN_POINT('',(3.9175E0,1.675E-1,2.77E0));
#587=LINE('',#586,#585);
#588=DIRECTION('',(0.E0,-1.E0,0.E0));
#589=VECTOR('',#588,3.35E-1);
#590=CARTESIAN_POINT('',(3.9175E0,1.675E-1,2.77E0));
#591=LINE('',#590,#589);
#592=DIRECTION('',(-1.E0,0.E0,0.E0));
#593=VECTOR('',#592,3.35E-1);
#594=CARTESIAN_POINT('',(3.9175E0,-1.675E-1,2.77E0));
#595=LINE('',#594,#593);
#596=DIRECTION('',(0.E0,1.E0,0.E0));
#597=VECTOR('',#596,3.35E-1);
#598=CARTESIAN_POINT('',(3.5825E0,-1.675E-1,2.77E0));
#599=LINE('',#598,#597);
#600=DIRECTION('',(2.544566789040E-1,-2.544566789040E-1,9.330078226480E-1));
#601=VECTOR('',#600,5.894913061276E-1);
#602=CARTESIAN_POINT('',(3.4325E0,3.175E-1,2.22E0));
#603=LINE('',#602,#601);
#604=DIRECTION('',(2.544566789040E-1,2.544566789040E-1,-9.330078226480E-1));
#605=VECTOR('',#604,5.894913061276E-1);
#606=CARTESIAN_POINT('',(3.9175E0,1.675E-1,2.77E0));
#607=LINE('',#606,#605);
#608=DIRECTION('',(-1.E0,0.E0,0.E0));
#609=VECTOR('',#608,6.35E-1);
#610=CARTESIAN_POINT('',(4.0675E0,3.175E-1,2.22E0));
#611=LINE('',#610,#609);
#612=DIRECTION('',(-1.E0,0.E0,0.E0));
#613=VECTOR('',#612,6.35E-1);
#614=CARTESIAN_POINT('',(4.0675E0,3.175E-1,-7.48E0));
#615=LINE('',#614,#613);
#616=DIRECTION('',(0.E0,-1.E0,0.E0));
#617=VECTOR('',#616,6.35E-1);
#618=CARTESIAN_POINT('',(4.0675E0,3.175E-1,2.22E0));
#619=LINE('',#618,#617);
#620=DIRECTION('',(0.E0,0.E0,1.E0));
#621=VECTOR('',#620,3.99E0);
#622=CARTESIAN_POINT('',(4.0675E0,3.175E-1,-1.77E0));
#623=LINE('',#622,#621);
#624=DIRECTION('',(0.E0,0.E0,-1.E0));
#625=VECTOR('',#624,3.99E0);
#626=CARTESIAN_POINT('',(4.0675E0,-3.175E-1,2.22E0));
#627=LINE('',#626,#625);
#628=DIRECTION('',(0.E0,1.E0,0.E0));
#629=VECTOR('',#628,6.35E-1);
#630=CARTESIAN_POINT('',(4.0675E0,-3.175E-1,-7.48E0));
#631=LINE('',#630,#629);
#632=DIRECTION('',(0.E0,0.E0,-1.E0));
#633=VECTOR('',#632,3.25E0);
#634=CARTESIAN_POINT('',(4.0675E0,-3.175E-1,-4.23E0));
#635=LINE('',#634,#633);
#636=DIRECTION('',(0.E0,0.E0,1.E0));
#637=VECTOR('',#636,3.25E0);
#638=CARTESIAN_POINT('',(4.0675E0,3.175E-1,-7.48E0));
#639=LINE('',#638,#637);
#640=DIRECTION('',(-2.544566789040E-1,-2.544566789040E-1,-9.330078226480E-1));
#641=VECTOR('',#640,5.894913061276E-1);
#642=CARTESIAN_POINT('',(3.5825E0,-1.675E-1,2.77E0));
#643=LINE('',#642,#641);
#644=DIRECTION('',(-2.544566789040E-1,2.544566789040E-1,9.330078226480E-1));
#645=VECTOR('',#644,5.894913061276E-1);
#646=CARTESIAN_POINT('',(4.0675E0,-3.175E-1,2.22E0));
#647=LINE('',#646,#645);
#648=DIRECTION('',(-1.E0,0.E0,0.E0));
#649=VECTOR('',#648,6.35E-1);
#650=CARTESIAN_POINT('',(4.0675E0,-3.175E-1,2.22E0));
#651=LINE('',#650,#649);
#652=DIRECTION('',(-1.E0,0.E0,0.E0));
#653=VECTOR('',#652,6.35E-1);
#654=CARTESIAN_POINT('',(4.0675E0,-3.175E-1,-7.48E0));
#655=LINE('',#654,#653);
#656=DIRECTION('',(2.544566789040E-1,-2.544566789040E-1,9.330078226480E-1));
#657=VECTOR('',#656,5.894913061276E-1);
#658=CARTESIAN_POINT('',(3.9175E0,-1.675E-1,-8.03E0));
#659=LINE('',#658,#657);
#660=DIRECTION('',(-1.E0,0.E0,0.E0));
#661=VECTOR('',#660,3.35E-1);
#662=CARTESIAN_POINT('',(3.9175E0,1.675E-1,-8.03E0));
#663=LINE('',#662,#661);
#664=DIRECTION('',(0.E0,-1.E0,0.E0));
#665=VECTOR('',#664,3.35E-1);
#666=CARTESIAN_POINT('',(3.5825E0,1.675E-1,-8.03E0));
#667=LINE('',#666,#665);
#668=DIRECTION('',(-1.E0,0.E0,0.E0));
#669=VECTOR('',#668,3.35E-1);
#670=CARTESIAN_POINT('',(3.9175E0,-1.675E-1,-8.03E0));
#671=LINE('',#670,#669);
#672=DIRECTION('',(0.E0,1.E0,0.E0));
#673=VECTOR('',#672,3.35E-1);
#674=CARTESIAN_POINT('',(3.9175E0,-1.675E-1,-8.03E0));
#675=LINE('',#674,#673);
#676=DIRECTION('',(-2.544566789040E-1,2.544566789040E-1,9.330078226480E-1));
#677=VECTOR('',#676,5.894913061276E-1);
#678=CARTESIAN_POINT('',(3.5825E0,1.675E-1,-8.03E0));
#679=LINE('',#678,#677);
#680=DIRECTION('',(-2.544566789040E-1,-2.544566789040E-1,-9.330078226480E-1));
#681=VECTOR('',#680,5.894913061276E-1);
#682=CARTESIAN_POINT('',(4.0675E0,3.175E-1,-7.48E0));
#683=LINE('',#682,#681);
#684=DIRECTION('',(-2.544566789040E-1,-2.544566789040E-1,9.330078226480E-1));
#685=VECTOR('',#684,5.894913061276E-1);
#686=CARTESIAN_POINT('',(3.5825E0,-1.675E-1,-8.03E0));
#687=LINE('',#686,#685);
#688=DIRECTION('',(0.E0,0.E0,-1.E0));
#689=VECTOR('',#688,6.E0);
#690=CARTESIAN_POINT('',(-4.86E0,1.095E0,4.23E0));
#691=LINE('',#690,#689);
#692=DIRECTION('',(0.E0,0.E0,-1.E0));
#693=VECTOR('',#692,6.E0);
#694=CARTESIAN_POINT('',(-2.64E0,1.095E0,4.23E0));
#695=LINE('',#694,#693);
#696=DIRECTION('',(0.E0,0.E0,-1.E0));
#697=VECTOR('',#696,6.E0);
#698=CARTESIAN_POINT('',(-2.64E0,-1.095E0,4.23E0));
#699=LINE('',#698,#697);
#700=DIRECTION('',(0.E0,0.E0,-1.E0));
#701=VECTOR('',#700,6.E0);
#702=CARTESIAN_POINT('',(-4.86E0,-1.095E0,4.23E0));
#703=LINE('',#702,#701);
#704=DIRECTION('',(0.E0,-1.E0,0.E0));
#705=VECTOR('',#704,2.19E0);
#706=CARTESIAN_POINT('',(-4.86E0,1.095E0,-1.77E0));
#707=LINE('',#706,#705);
#708=DIRECTION('',(-1.E0,0.E0,0.E0));
#709=VECTOR('',#708,2.22E0);
#710=CARTESIAN_POINT('',(-2.64E0,1.095E0,-1.77E0));
#711=LINE('',#710,#709);
#712=DIRECTION('',(0.E0,1.E0,0.E0));
#713=VECTOR('',#712,2.19E0);
#714=CARTESIAN_POINT('',(-2.64E0,-1.095E0,-1.77E0));
#715=LINE('',#714,#713);
#716=DIRECTION('',(1.E0,0.E0,0.E0));
#717=VECTOR('',#716,2.22E0);
#718=CARTESIAN_POINT('',(-4.86E0,-1.095E0,-1.77E0));
#719=LINE('',#718,#717);
#720=DIRECTION('',(0.E0,1.E0,0.E0));
#721=VECTOR('',#720,6.35E-1);
#722=CARTESIAN_POINT('',(-4.0675E0,-3.175E-1,-1.77E0));
#723=LINE('',#722,#721);
#724=DIRECTION('',(1.E0,0.E0,0.E0));
#725=VECTOR('',#724,6.35E-1);
#726=CARTESIAN_POINT('',(-4.0675E0,-3.175E-1,-1.77E0));
#727=LINE('',#726,#725);
#728=DIRECTION('',(0.E0,1.E0,0.E0));
#729=VECTOR('',#728,6.35E-1);
#730=CARTESIAN_POINT('',(-3.4325E0,-3.175E-1,-1.77E0));
#731=LINE('',#730,#729);
#732=DIRECTION('',(1.E0,0.E0,0.E0));
#733=VECTOR('',#732,6.35E-1);
#734=CARTESIAN_POINT('',(-4.0675E0,3.175E-1,-1.77E0));
#735=LINE('',#734,#733);
#736=DIRECTION('',(0.E0,1.E0,0.E0));
#737=VECTOR('',#736,6.35E-1);
#738=CARTESIAN_POINT('',(-4.0675E0,-3.175E-1,2.22E0));
#739=LINE('',#738,#737);
#740=DIRECTION('',(0.E0,0.E0,-1.E0));
#741=VECTOR('',#740,3.99E0);
#742=CARTESIAN_POINT('',(-4.0675E0,-3.175E-1,2.22E0));
#743=LINE('',#742,#741);
#744=DIRECTION('',(0.E0,0.E0,1.E0));
#745=VECTOR('',#744,3.99E0);
#746=CARTESIAN_POINT('',(-4.0675E0,3.175E-1,-1.77E0));
#747=LINE('',#746,#745);
#748=DIRECTION('',(0.E0,-1.E0,0.E0));
#749=VECTOR('',#748,6.35E-1);
#750=CARTESIAN_POINT('',(-4.0675E0,3.175E-1,-7.48E0));
#751=LINE('',#750,#749);
#752=DIRECTION('',(0.E0,0.E0,1.E0));
#753=VECTOR('',#752,3.25E0);
#754=CARTESIAN_POINT('',(-4.0675E0,3.175E-1,-7.48E0));
#755=LINE('',#754,#753);
#756=DIRECTION('',(0.E0,0.E0,-1.E0));
#757=VECTOR('',#756,3.25E0);
#758=CARTESIAN_POINT('',(-4.0675E0,-3.175E-1,-4.23E0));
#759=LINE('',#758,#757);
#760=DIRECTION('',(-1.E0,0.E0,0.E0));
#761=VECTOR('',#760,3.35E-1);
#762=CARTESIAN_POINT('',(-3.5825E0,1.675E-1,2.77E0));
#763=LINE('',#762,#761);
#764=DIRECTION('',(0.E0,-1.E0,0.E0));
#765=VECTOR('',#764,3.35E-1);
#766=CARTESIAN_POINT('',(-3.5825E0,1.675E-1,2.77E0));
#767=LINE('',#766,#765);
#768=DIRECTION('',(-1.E0,0.E0,0.E0));
#769=VECTOR('',#768,3.35E-1);
#770=CARTESIAN_POINT('',(-3.5825E0,-1.675E-1,2.77E0));
#771=LINE('',#770,#769);
#772=DIRECTION('',(0.E0,1.E0,0.E0));
#773=VECTOR('',#772,3.35E-1);
#774=CARTESIAN_POINT('',(-3.9175E0,-1.675E-1,2.77E0));
#775=LINE('',#774,#773);
#776=DIRECTION('',(2.544566789040E-1,-2.544566789040E-1,9.330078226480E-1));
#777=VECTOR('',#776,5.894913061276E-1);
#778=CARTESIAN_POINT('',(-4.0675E0,3.175E-1,2.22E0));
#779=LINE('',#778,#777);
#780=DIRECTION('',(2.544566789040E-1,2.544566789040E-1,-9.330078226480E-1));
#781=VECTOR('',#780,5.894913061276E-1);
#782=CARTESIAN_POINT('',(-3.5825E0,1.675E-1,2.77E0));
#783=LINE('',#782,#781);
#784=DIRECTION('',(-1.E0,0.E0,0.E0));
#785=VECTOR('',#784,6.35E-1);
#786=CARTESIAN_POINT('',(-3.4325E0,3.175E-1,2.22E0));
#787=LINE('',#786,#785);
#788=DIRECTION('',(-1.E0,0.E0,0.E0));
#789=VECTOR('',#788,6.35E-1);
#790=CARTESIAN_POINT('',(-3.4325E0,3.175E-1,-7.48E0));
#791=LINE('',#790,#789);
#792=DIRECTION('',(0.E0,-1.E0,0.E0));
#793=VECTOR('',#792,6.35E-1);
#794=CARTESIAN_POINT('',(-3.4325E0,3.175E-1,2.22E0));
#795=LINE('',#794,#793);
#796=DIRECTION('',(0.E0,0.E0,1.E0));
#797=VECTOR('',#796,3.99E0);
#798=CARTESIAN_POINT('',(-3.4325E0,3.175E-1,-1.77E0));
#799=LINE('',#798,#797);
#800=DIRECTION('',(0.E0,0.E0,-1.E0));
#801=VECTOR('',#800,3.99E0);
#802=CARTESIAN_POINT('',(-3.4325E0,-3.175E-1,2.22E0));
#803=LINE('',#802,#801);
#804=DIRECTION('',(0.E0,1.E0,0.E0));
#805=VECTOR('',#804,6.35E-1);
#806=CARTESIAN_POINT('',(-3.4325E0,-3.175E-1,-7.48E0));
#807=LINE('',#806,#805);
#808=DIRECTION('',(0.E0,0.E0,-1.E0));
#809=VECTOR('',#808,3.25E0);
#810=CARTESIAN_POINT('',(-3.4325E0,-3.175E-1,-4.23E0));
#811=LINE('',#810,#809);
#812=DIRECTION('',(0.E0,0.E0,1.E0));
#813=VECTOR('',#812,3.25E0);
#814=CARTESIAN_POINT('',(-3.4325E0,3.175E-1,-7.48E0));
#815=LINE('',#814,#813);
#816=DIRECTION('',(-2.544566789040E-1,-2.544566789040E-1,-9.330078226480E-1));
#817=VECTOR('',#816,5.894913061276E-1);
#818=CARTESIAN_POINT('',(-3.9175E0,-1.675E-1,2.77E0));
#819=LINE('',#818,#817);
#820=DIRECTION('',(-2.544566789040E-1,2.544566789040E-1,9.330078226480E-1));
#821=VECTOR('',#820,5.894913061276E-1);
#822=CARTESIAN_POINT('',(-3.4325E0,-3.175E-1,2.22E0));
#823=LINE('',#822,#821);
#824=DIRECTION('',(-1.E0,0.E0,0.E0));
#825=VECTOR('',#824,6.35E-1);
#826=CARTESIAN_POINT('',(-3.4325E0,-3.175E-1,2.22E0));
#827=LINE('',#826,#825);
#828=DIRECTION('',(-1.E0,0.E0,0.E0));
#829=VECTOR('',#828,6.35E-1);
#830=CARTESIAN_POINT('',(-3.4325E0,-3.175E-1,-7.48E0));
#831=LINE('',#830,#829);
#832=DIRECTION('',(2.544566789040E-1,-2.544566789040E-1,9.330078226480E-1));
#833=VECTOR('',#832,5.894913061276E-1);
#834=CARTESIAN_POINT('',(-3.5825E0,-1.675E-1,-8.03E0));
#835=LINE('',#834,#833);
#836=DIRECTION('',(-1.E0,0.E0,0.E0));
#837=VECTOR('',#836,3.35E-1);
#838=CARTESIAN_POINT('',(-3.5825E0,1.675E-1,-8.03E0));
#839=LINE('',#838,#837);
#840=DIRECTION('',(0.E0,-1.E0,0.E0));
#841=VECTOR('',#840,3.35E-1);
#842=CARTESIAN_POINT('',(-3.9175E0,1.675E-1,-8.03E0));
#843=LINE('',#842,#841);
#844=DIRECTION('',(-1.E0,0.E0,0.E0));
#845=VECTOR('',#844,3.35E-1);
#846=CARTESIAN_POINT('',(-3.5825E0,-1.675E-1,-8.03E0));
#847=LINE('',#846,#845);
#848=DIRECTION('',(0.E0,1.E0,0.E0));
#849=VECTOR('',#848,3.35E-1);
#850=CARTESIAN_POINT('',(-3.5825E0,-1.675E-1,-8.03E0));
#851=LINE('',#850,#849);
#852=DIRECTION('',(-2.544566789040E-1,2.544566789040E-1,9.330078226480E-1));
#853=VECTOR('',#852,5.894913061276E-1);
#854=CARTESIAN_POINT('',(-3.9175E0,1.675E-1,-8.03E0));
#855=LINE('',#854,#853);
#856=DIRECTION('',(-2.544566789040E-1,-2.544566789040E-1,-9.330078226480E-1));
#857=VECTOR('',#856,5.894913061276E-1);
#858=CARTESIAN_POINT('',(-3.4325E0,3.175E-1,-7.48E0));
#859=LINE('',#858,#857);
#860=DIRECTION('',(-2.544566789040E-1,-2.544566789040E-1,9.330078226480E-1));
#861=VECTOR('',#860,5.894913061276E-1);
#862=CARTESIAN_POINT('',(-3.9175E0,-1.675E-1,-8.03E0));
#863=LINE('',#862,#861);
#864=DIRECTION('',(0.E0,0.E0,-1.E0));
#865=VECTOR('',#864,6.E0);
#866=CARTESIAN_POINT('',(-7.36E0,1.095E0,4.23E0));
#867=LINE('',#866,#865);
#868=DIRECTION('',(0.E0,0.E0,-1.E0));
#869=VECTOR('',#868,6.E0);
#870=CARTESIAN_POINT('',(-5.14E0,1.095E0,4.23E0));
#871=LINE('',#870,#869);
#872=DIRECTION('',(0.E0,0.E0,-1.E0));
#873=VECTOR('',#872,6.E0);
#874=CARTESIAN_POINT('',(-5.14E0,-1.095E0,4.23E0));
#875=LINE('',#874,#873);
#876=DIRECTION('',(0.E0,0.E0,-1.E0));
#877=VECTOR('',#876,6.E0);
#878=CARTESIAN_POINT('',(-7.36E0,-1.095E0,4.23E0));
#879=LINE('',#878,#877);
#880=DIRECTION('',(0.E0,-1.E0,0.E0));
#881=VECTOR('',#880,2.19E0);
#882=CARTESIAN_POINT('',(-7.36E0,1.095E0,-1.77E0));
#883=LINE('',#882,#881);
#884=DIRECTION('',(-1.E0,0.E0,0.E0));
#885=VECTOR('',#884,2.22E0);
#886=CARTESIAN_POINT('',(-5.14E0,1.095E0,-1.77E0));
#887=LINE('',#886,#885);
#888=DIRECTION('',(0.E0,1.E0,0.E0));
#889=VECTOR('',#888,2.19E0);
#890=CARTESIAN_POINT('',(-5.14E0,-1.095E0,-1.77E0));
#891=LINE('',#890,#889);
#892=DIRECTION('',(1.E0,0.E0,0.E0));
#893=VECTOR('',#892,2.22E0);
#894=CARTESIAN_POINT('',(-7.36E0,-1.095E0,-1.77E0));
#895=LINE('',#894,#893);
#896=DIRECTION('',(0.E0,1.E0,0.E0));
#897=VECTOR('',#896,6.35E-1);
#898=CARTESIAN_POINT('',(-6.5675E0,-3.175E-1,-1.77E0));
#899=LINE('',#898,#897);
#900=DIRECTION('',(1.E0,0.E0,0.E0));
#901=VECTOR('',#900,6.35E-1);
#902=CARTESIAN_POINT('',(-6.5675E0,-3.175E-1,-1.77E0));
#903=LINE('',#902,#901);
#904=DIRECTION('',(0.E0,1.E0,0.E0));
#905=VECTOR('',#904,6.35E-1);
#906=CARTESIAN_POINT('',(-5.9325E0,-3.175E-1,-1.77E0));
#907=LINE('',#906,#905);
#908=DIRECTION('',(1.E0,0.E0,0.E0));
#909=VECTOR('',#908,6.35E-1);
#910=CARTESIAN_POINT('',(-6.5675E0,3.175E-1,-1.77E0));
#911=LINE('',#910,#909);
#912=DIRECTION('',(0.E0,1.E0,0.E0));
#913=VECTOR('',#912,6.35E-1);
#914=CARTESIAN_POINT('',(-6.5675E0,-3.175E-1,2.22E0));
#915=LINE('',#914,#913);
#916=DIRECTION('',(0.E0,0.E0,-1.E0));
#917=VECTOR('',#916,3.99E0);
#918=CARTESIAN_POINT('',(-6.5675E0,-3.175E-1,2.22E0));
#919=LINE('',#918,#917);
#920=DIRECTION('',(0.E0,0.E0,1.E0));
#921=VECTOR('',#920,3.99E0);
#922=CARTESIAN_POINT('',(-6.5675E0,3.175E-1,-1.77E0));
#923=LINE('',#922,#921);
#924=DIRECTION('',(0.E0,-1.E0,0.E0));
#925=VECTOR('',#924,6.35E-1);
#926=CARTESIAN_POINT('',(-6.5675E0,3.175E-1,-7.48E0));
#927=LINE('',#926,#925);
#928=CARTESIAN_POINT('',(-6.5675E0,1.3225E0,-7.073590835920E0));
#929=DIRECTION('',(-1.E0,0.E0,0.E0));
#930=DIRECTION('',(0.E0,-1.E0,0.E0));
#931=AXIS2_PLACEMENT_3D('',#928,#929,#930);
#933=CARTESIAN_POINT('',(-6.5675E0,-1.0625E0,-5.93E0));
#934=DIRECTION('',(1.E0,0.E0,0.E0));
#935=DIRECTION('',(0.E0,9.017013232514E-1,-4.323594842797E-1));
#936=AXIS2_PLACEMENT_3D('',#933,#934,#935);
#938=CARTESIAN_POINT('',(-6.5675E0,1.3225E0,-4.786409164080E0));
#939=DIRECTION('',(-1.E0,0.E0,0.E0));
#940=DIRECTION('',(0.E0,-9.017013232514E-1,-4.323594842797E-1));
#941=AXIS2_PLACEMENT_3D('',#938,#939,#940);
#943=CARTESIAN_POINT('',(-6.5675E0,1.3225E0,-4.786409164080E0));
#944=DIRECTION('',(1.E0,0.E0,0.E0));
#945=DIRECTION('',(0.E0,-1.E0,0.E0));
#946=AXIS2_PLACEMENT_3D('',#943,#944,#945);
#948=CARTESIAN_POINT('',(-6.5675E0,-1.0625E0,-5.93E0));
#949=DIRECTION('',(-1.E0,0.E0,0.E0));
#950=DIRECTION('',(0.E0,9.017013232514E-1,4.323594842797E-1));
#951=AXIS2_PLACEMENT_3D('',#948,#949,#950);
#953=CARTESIAN_POINT('',(-6.5675E0,1.3225E0,-7.073590835920E0));
#954=DIRECTION('',(1.E0,0.E0,0.E0));
#955=DIRECTION('',(0.E0,-9.017013232514E-1,4.323594842797E-1));
#956=AXIS2_PLACEMENT_3D('',#953,#954,#955);
#958=DIRECTION('',(-1.E0,0.E0,0.E0));
#959=VECTOR('',#958,3.35E-1);
#960=CARTESIAN_POINT('',(-6.0825E0,1.675E-1,2.77E0));
#961=LINE('',#960,#959);
#962=DIRECTION('',(0.E0,-1.E0,0.E0));
#963=VECTOR('',#962,3.35E-1);
#964=CARTESIAN_POINT('',(-6.0825E0,1.675E-1,2.77E0));
#965=LINE('',#964,#963);
#966=DIRECTION('',(-1.E0,0.E0,0.E0));
#967=VECTOR('',#966,3.35E-1);
#968=CARTESIAN_POINT('',(-6.0825E0,-1.675E-1,2.77E0));
#969=LINE('',#968,#967);
#970=DIRECTION('',(0.E0,1.E0,0.E0));
#971=VECTOR('',#970,3.35E-1);
#972=CARTESIAN_POINT('',(-6.4175E0,-1.675E-1,2.77E0));
#973=LINE('',#972,#971);
#974=DIRECTION('',(2.544566789040E-1,-2.544566789040E-1,9.330078226480E-1));
#975=VECTOR('',#974,5.894913061276E-1);
#976=CARTESIAN_POINT('',(-6.5675E0,3.175E-1,2.22E0));
#977=LINE('',#976,#975);
#978=DIRECTION('',(2.544566789040E-1,2.544566789040E-1,-9.330078226480E-1));
#979=VECTOR('',#978,5.894913061276E-1);
#980=CARTESIAN_POINT('',(-6.0825E0,1.675E-1,2.77E0));
#981=LINE('',#980,#979);
#982=DIRECTION('',(-1.E0,0.E0,0.E0));
#983=VECTOR('',#982,6.35E-1);
#984=CARTESIAN_POINT('',(-5.9325E0,3.175E-1,2.22E0));
#985=LINE('',#984,#983);
#986=DIRECTION('',(0.E0,0.E0,1.E0));
#987=VECTOR('',#986,5.564091640801E-1);
#988=CARTESIAN_POINT('',(-5.9325E0,3.175E-1,-4.786409164080E0));
#989=LINE('',#988,#987);
#990=DIRECTION('',(0.E0,0.E0,-1.E0));
#991=VECTOR('',#990,5.564091640801E-1);
#992=CARTESIAN_POINT('',(-6.5675E0,3.175E-1,-4.23E0));
#993=LINE('',#992,#991);
#994=DIRECTION('',(-1.E0,0.E0,0.E0));
#995=VECTOR('',#994,6.35E-1);
#996=CARTESIAN_POINT('',(-5.9325E0,3.175E-1,-4.786409164080E0));
#997=LINE('',#996,#995);
#998=DIRECTION('',(0.E0,0.E0,-1.E0));
#999=VECTOR('',#998,4.064091640801E-1);
#1000=CARTESIAN_POINT('',(-6.5675E0,3.175E-1,-7.073590835920E0));
#1001=LINE('',#1000,#999);
#1002=DIRECTION('',(-1.E0,0.E0,0.E0));
#1003=VECTOR('',#1002,6.35E-1);
#1004=CARTESIAN_POINT('',(-5.9325E0,3.175E-1,-7.48E0));
#1005=LINE('',#1004,#1003);
#1006=DIRECTION('',(0.E0,0.E0,1.E0));
#1007=VECTOR('',#1006,4.064091640801E-1);
#1008=CARTESIAN_POINT('',(-5.9325E0,3.175E-1,-7.48E0));
#1009=LINE('',#1008,#1007);
#1010=DIRECTION('',(0.E0,-1.E0,0.E0));
#1011=VECTOR('',#1010,6.35E-1);
#1012=CARTESIAN_POINT('',(-5.9325E0,3.175E-1,2.22E0));
#1013=LINE('',#1012,#1011);
#1014=DIRECTION('',(0.E0,0.E0,1.E0));
#1015=VECTOR('',#1014,3.99E0);
#1016=CARTESIAN_POINT('',(-5.9325E0,3.175E-1,-1.77E0));
#1017=LINE('',#1016,#1015);
#1018=DIRECTION('',(0.E0,0.E0,-1.E0));
#1019=VECTOR('',#1018,3.99E0);
#1020=CARTESIAN_POINT('',(-5.9325E0,-3.175E-1,2.22E0));
#1021=LINE('',#1020,#1019);
#1022=DIRECTION('',(0.E0,1.E0,0.E0));
#1023=VECTOR('',#1022,6.35E-1);
#1024=CARTESIAN_POINT('',(-5.9325E0,-3.175E-1,-7.48E0));
#1025=LINE('',#1024,#1023);
#1026=CARTESIAN_POINT('',(-5.9325E0,1.3225E0,-7.073590835920E0));
#1027=DIRECTION('',(1.E0,0.E0,0.E0));
#1028=DIRECTION('',(0.E0,-9.017013232514E-1,4.323594842797E-1));
#1029=AXIS2_PLACEMENT_3D('',#1026,#1027,#1028);
#1031=CARTESIAN_POINT('',(-5.9325E0,-1.0625E0,-5.93E0));
#1032=DIRECTION('',(-1.E0,0.E0,0.E0));
#1033=DIRECTION('',(0.E0,9.017013232514E-1,4.323594842797E-1));
#1034=AXIS2_PLACEMENT_3D('',#1031,#1032,#1033);
#1036=CARTESIAN_POINT('',(-5.9325E0,1.3225E0,-4.786409164080E0));
#1037=DIRECTION('',(1.E0,0.E0,0.E0));
#1038=DIRECTION('',(0.E0,-1.E0,0.E0));
#1039=AXIS2_PLACEMENT_3D('',#1036,#1037,#1038);
#1041=CARTESIAN_POINT('',(-5.9325E0,1.3225E0,-4.786409164080E0));
#1042=DIRECTION('',(-1.E0,0.E0,0.E0));
#1043=DIRECTION('',(0.E0,-9.017013232514E-1,-4.323594842797E-1));
#1044=AXIS2_PLACEMENT_3D('',#1041,#1042,#1043);
#1046=CARTESIAN_POINT('',(-5.9325E0,-1.0625E0,-5.93E0));
#1047=DIRECTION('',(1.E0,0.E0,0.E0));
#1048=DIRECTION('',(0.E0,9.017013232514E-1,-4.323594842797E-1));
#1049=AXIS2_PLACEMENT_3D('',#1046,#1047,#1048);
#1051=CARTESIAN_POINT('',(-5.9325E0,1.3225E0,-7.073590835920E0));
#1052=DIRECTION('',(-1.E0,0.E0,0.E0));
#1053=DIRECTION('',(0.E0,-1.E0,0.E0));
#1054=AXIS2_PLACEMENT_3D('',#1051,#1052,#1053);
#1056=DIRECTION('',(-2.544566789040E-1,-2.544566789040E-1,-9.330078226480E-1));
#1057=VECTOR('',#1056,5.894913061276E-1);
#1058=CARTESIAN_POINT('',(-6.4175E0,-1.675E-1,2.77E0));
#1059=LINE('',#1058,#1057);
#1060=DIRECTION('',(-2.544566789040E-1,2.544566789040E-1,9.330078226480E-1));
#1061=VECTOR('',#1060,5.894913061276E-1);
#1062=CARTESIAN_POINT('',(-5.9325E0,-3.175E-1,2.22E0));
#1063=LINE('',#1062,#1061);
#1064=DIRECTION('',(-1.E0,0.E0,0.E0));
#1065=VECTOR('',#1064,6.35E-1);
#1066=CARTESIAN_POINT('',(-5.9325E0,-3.175E-1,2.22E0));
#1067=LINE('',#1066,#1065);
#1068=DIRECTION('',(0.E0,0.E0,-1.E0));
#1069=VECTOR('',#1068,4.064091640801E-1);
#1070=CARTESIAN_POINT('',(-5.9325E0,-3.175E-1,-7.073590835920E0));
#1071=LINE('',#1070,#1069);
#1072=DIRECTION('',(-1.E0,0.E0,0.E0));
#1073=VECTOR('',#1072,6.35E-1);
#1074=CARTESIAN_POINT('',(-5.9325E0,-3.175E-1,-7.48E0));
#1075=LINE('',#1074,#1073);
#1076=DIRECTION('',(0.E0,0.E0,1.E0));
#1077=VECTOR('',#1076,4.064091640801E-1);
#1078=CARTESIAN_POINT('',(-6.5675E0,-3.175E-1,-7.48E0));
#1079=LINE('',#1078,#1077);
#1080=DIRECTION('',(-1.E0,0.E0,0.E0));
#1081=VECTOR('',#1080,6.35E-1);
#1082=CARTESIAN_POINT('',(-5.9325E0,-3.175E-1,-7.073590835920E0));
#1083=LINE('',#1082,#1081);
#1084=DIRECTION('',(0.E0,0.E0,1.E0));
#1085=VECTOR('',#1084,5.564091640801E-1);
#1086=CARTESIAN_POINT('',(-6.5675E0,-3.175E-1,-4.786409164080E0));
#1087=LINE('',#1086,#1085);
#1088=DIRECTION('',(0.E0,0.E0,-1.E0));
#1089=VECTOR('',#1088,5.564091640801E-1);
#1090=CARTESIAN_POINT('',(-5.9325E0,-3.175E-1,-4.23E0));
#1091=LINE('',#1090,#1089);
#1092=DIRECTION('',(2.544566789040E-1,-2.544566789040E-1,9.330078226480E-1));
#1093=VECTOR('',#1092,5.894913061276E-1);
#1094=CARTESIAN_POINT('',(-6.0825E0,-1.675E-1,-8.03E0));
#1095=LINE('',#1094,#1093);
#1096=DIRECTION('',(-1.E0,0.E0,0.E0));
#1097=VECTOR('',#1096,3.35E-1);
#1098=CARTESIAN_POINT('',(-6.0825E0,1.675E-1,-8.03E0));
#1099=LINE('',#1098,#1097);
#1100=DIRECTION('',(0.E0,-1.E0,0.E0));
#1101=VECTOR('',#1100,3.35E-1);
#1102=CARTESIAN_POINT('',(-6.4175E0,1.675E-1,-8.03E0));
#1103=LINE('',#1102,#1101);
#1104=DIRECTION('',(-1.E0,0.E0,0.E0));
#1105=VECTOR('',#1104,3.35E-1);
#1106=CARTESIAN_POINT('',(-6.0825E0,-1.675E-1,-8.03E0));
#1107=LINE('',#1106,#1105);
#1108=DIRECTION('',(0.E0,1.E0,0.E0));
#1109=VECTOR('',#1108,3.35E-1);
#1110=CARTESIAN_POINT('',(-6.0825E0,-1.675E-1,-8.03E0));
#1111=LINE('',#1110,#1109);
#1112=DIRECTION('',(-2.544566789040E-1,2.544566789040E-1,9.330078226480E-1));
#1113=VECTOR('',#1112,5.894913061276E-1);
#1114=CARTESIAN_POINT('',(-6.4175E0,1.675E-1,-8.03E0));
#1115=LINE('',#1114,#1113);
#1116=DIRECTION('',(-2.544566789040E-1,-2.544566789040E-1,-9.330078226480E-1));
#1117=VECTOR('',#1116,5.894913061276E-1);
#1118=CARTESIAN_POINT('',(-5.9325E0,3.175E-1,-7.48E0));
#1119=LINE('',#1118,#1117);
#1120=DIRECTION('',(-2.544566789040E-1,-2.544566789040E-1,9.330078226480E-1));
#1121=VECTOR('',#1120,5.894913061276E-1);
#1122=CARTESIAN_POINT('',(-6.4175E0,-1.675E-1,-8.03E0));
#1123=LINE('',#1122,#1121);
#1124=DIRECTION('',(-1.E0,0.E0,0.E0));
#1125=VECTOR('',#1124,6.35E-1);
#1126=CARTESIAN_POINT('',(-5.9325E0,-1.562901701323E-1,-6.364521281701E0));
#1127=LINE('',#1126,#1125);
#1128=DIRECTION('',(-1.E0,0.E0,0.E0));
#1129=VECTOR('',#1128,6.35E-1);
#1130=CARTESIAN_POINT('',(-5.9325E0,-1.562901701323E-1,-5.495478718299E0));
#1131=LINE('',#1130,#1129);
#1132=DIRECTION('',(-1.E0,0.E0,0.E0));
#1133=VECTOR('',#1132,6.35E-1);
#1134=CARTESIAN_POINT('',(-5.9325E0,-3.175E-1,-4.786409164080E0));
#1135=LINE('',#1134,#1133);
#1136=DIRECTION('',(-1.E0,0.E0,0.E0));
#1137=VECTOR('',#1136,6.35E-1);
#1138=CARTESIAN_POINT('',(-5.9325E0,4.162901701323E-1,-5.220930445781E0));
#1139=LINE('',#1138,#1137);
#1140=DIRECTION('',(-1.E0,0.E0,0.E0));
#1141=VECTOR('',#1140,6.35E-1);
#1142=CARTESIAN_POINT('',(-5.9325E0,4.162901701323E-1,-6.639069554219E0));
#1143=LINE('',#1142,#1141);
#1144=DIRECTION('',(-1.E0,0.E0,0.E0));
#1145=VECTOR('',#1144,6.35E-1);
#1146=CARTESIAN_POINT('',(-5.9325E0,3.175E-1,-7.073590835920E0));
#1147=LINE('',#1146,#1145);
#1148=DIRECTION('',(0.E0,0.E0,-1.E0));
#1149=VECTOR('',#1148,6.E0);
#1150=CARTESIAN_POINT('',(-9.86E0,1.095E0,4.23E0));
#1151=LINE('',#1150,#1149);
#1152=DIRECTION('',(0.E0,0.E0,-1.E0));
#1153=VECTOR('',#1152,6.E0);
#1154=CARTESIAN_POINT('',(-7.64E0,1.095E0,4.23E0));
#1155=LINE('',#1154,#1153);
#1156=DIRECTION('',(0.E0,0.E0,-1.E0));
#1157=VECTOR('',#1156,6.E0);
#1158=CARTESIAN_POINT('',(-7.64E0,-1.095E0,4.23E0));
#1159=LINE('',#1158,#1157);
#1160=DIRECTION('',(0.E0,0.E0,-1.E0));
#1161=VECTOR('',#1160,6.E0);
#1162=CARTESIAN_POINT('',(-9.86E0,-1.095E0,4.23E0));
#1163=LINE('',#1162,#1161);
#1164=DIRECTION('',(0.E0,-1.E0,0.E0));
#1165=VECTOR('',#1164,2.19E0);
#1166=CARTESIAN_POINT('',(-9.86E0,1.095E0,-1.77E0));
#1167=LINE('',#1166,#1165);
#1168=DIRECTION('',(-1.E0,0.E0,0.E0));
#1169=VECTOR('',#1168,2.22E0);
#1170=CARTESIAN_POINT('',(-7.64E0,1.095E0,-1.77E0));
#1171=LINE('',#1170,#1169);
#1172=DIRECTION('',(0.E0,1.E0,0.E0));
#1173=VECTOR('',#1172,2.19E0);
#1174=CARTESIAN_POINT('',(-7.64E0,-1.095E0,-1.77E0));
#1175=LINE('',#1174,#1173);
#1176=DIRECTION('',(1.E0,0.E0,0.E0));
#1177=VECTOR('',#1176,2.22E0);
#1178=CARTESIAN_POINT('',(-9.86E0,-1.095E0,-1.77E0));
#1179=LINE('',#1178,#1177);
#1180=DIRECTION('',(0.E0,1.E0,0.E0));
#1181=VECTOR('',#1180,6.35E-1);
#1182=CARTESIAN_POINT('',(-9.0675E0,-3.175E-1,-1.77E0));
#1183=LINE('',#1182,#1181);
#1184=DIRECTION('',(1.E0,0.E0,0.E0));
#1185=VECTOR('',#1184,6.35E-1);
#1186=CARTESIAN_POINT('',(-9.0675E0,-3.175E-1,-1.77E0));
#1187=LINE('',#1186,#1185);
#1188=DIRECTION('',(0.E0,1.E0,0.E0));
#1189=VECTOR('',#1188,6.35E-1);
#1190=CARTESIAN_POINT('',(-8.4325E0,-3.175E-1,-1.77E0));
#1191=LINE('',#1190,#1189);
#1192=DIRECTION('',(1.E0,0.E0,0.E0));
#1193=VECTOR('',#1192,6.35E-1);
#1194=CARTESIAN_POINT('',(-9.0675E0,3.175E-1,-1.77E0));
#1195=LINE('',#1194,#1193);
#1196=DIRECTION('',(0.E0,1.E0,0.E0));
#1197=VECTOR('',#1196,6.35E-1);
#1198=CARTESIAN_POINT('',(-9.0675E0,-3.175E-1,2.22E0));
#1199=LINE('',#1198,#1197);
#1200=DIRECTION('',(0.E0,0.E0,-1.E0));
#1201=VECTOR('',#1200,3.99E0);
#1202=CARTESIAN_POINT('',(-9.0675E0,-3.175E-1,2.22E0));
#1203=LINE('',#1202,#1201);
#1204=DIRECTION('',(0.E0,0.E0,1.E0));
#1205=VECTOR('',#1204,3.99E0);
#1206=CARTESIAN_POINT('',(-9.0675E0,3.175E-1,-1.77E0));
#1207=LINE('',#1206,#1205);
#1208=DIRECTION('',(0.E0,-1.E0,0.E0));
#1209=VECTOR('',#1208,6.35E-1);
#1210=CARTESIAN_POINT('',(-9.0675E0,3.175E-1,-7.48E0));
#1211=LINE('',#1210,#1209);
#1212=CARTESIAN_POINT('',(-9.0675E0,-1.3225E0,-7.073590835920E0));
#1213=DIRECTION('',(1.E0,0.E0,0.E0));
#1214=DIRECTION('',(0.E0,1.E0,0.E0));
#1215=AXIS2_PLACEMENT_3D('',#1212,#1213,#1214);
#1217=CARTESIAN_POINT('',(-9.0675E0,1.0625E0,-5.93E0));
#1218=DIRECTION('',(-1.E0,0.E0,0.E0));
#1219=DIRECTION('',(0.E0,-9.017013232514E-1,-4.323594842797E-1));
#1220=AXIS2_PLACEMENT_3D('',#1217,#1218,#1219);
#1222=CARTESIAN_POINT('',(-9.0675E0,-1.3225E0,-4.786409164080E0));
#1223=DIRECTION('',(1.E0,0.E0,0.E0));
#1224=DIRECTION('',(0.E0,9.017013232514E-1,-4.323594842797E-1));
#1225=AXIS2_PLACEMENT_3D('',#1222,#1223,#1224);
#1227=CARTESIAN_POINT('',(-9.0675E0,-1.3225E0,-4.786409164080E0));
#1228=DIRECTION('',(-1.E0,0.E0,0.E0));
#1229=DIRECTION('',(0.E0,1.E0,0.E0));
#1230=AXIS2_PLACEMENT_3D('',#1227,#1228,#1229);
#1232=CARTESIAN_POINT('',(-9.0675E0,1.0625E0,-5.93E0));
#1233=DIRECTION('',(1.E0,0.E0,0.E0));
#1234=DIRECTION('',(0.E0,-9.017013232514E-1,4.323594842797E-1));
#1235=AXIS2_PLACEMENT_3D('',#1232,#1233,#1234);
#1237=CARTESIAN_POINT('',(-9.0675E0,-1.3225E0,-7.073590835920E0));
#1238=DIRECTION('',(-1.E0,0.E0,0.E0));
#1239=DIRECTION('',(0.E0,9.017013232514E-1,4.323594842797E-1));
#1240=AXIS2_PLACEMENT_3D('',#1237,#1238,#1239);
#1242=DIRECTION('',(-1.E0,0.E0,0.E0));
#1243=VECTOR('',#1242,3.35E-1);
#1244=CARTESIAN_POINT('',(-8.5825E0,1.675E-1,2.77E0));
#1245=LINE('',#1244,#1243);
#1246=DIRECTION('',(0.E0,-1.E0,0.E0));
#1247=VECTOR('',#1246,3.35E-1);
#1248=CARTESIAN_POINT('',(-8.5825E0,1.675E-1,2.77E0));
#1249=LINE('',#1248,#1247);
#1250=DIRECTION('',(-1.E0,0.E0,0.E0));
#1251=VECTOR('',#1250,3.35E-1);
#1252=CARTESIAN_POINT('',(-8.5825E0,-1.675E-1,2.77E0));
#1253=LINE('',#1252,#1251);
#1254=DIRECTION('',(0.E0,1.E0,0.E0));
#1255=VECTOR('',#1254,3.35E-1);
#1256=CARTESIAN_POINT('',(-8.9175E0,-1.675E-1,2.77E0));
#1257=LINE('',#1256,#1255);
#1258=DIRECTION('',(2.544566789040E-1,-2.544566789040E-1,9.330078226480E-1));
#1259=VECTOR('',#1258,5.894913061276E-1);
#1260=CARTESIAN_POINT('',(-9.0675E0,3.175E-1,2.22E0));
#1261=LINE('',#1260,#1259);
#1262=DIRECTION('',(2.544566789040E-1,2.544566789040E-1,-9.330078226480E-1));
#1263=VECTOR('',#1262,5.894913061276E-1);
#1264=CARTESIAN_POINT('',(-8.5825E0,1.675E-1,2.77E0));
#1265=LINE('',#1264,#1263);
#1266=DIRECTION('',(-1.E0,0.E0,0.E0));
#1267=VECTOR('',#1266,6.35E-1);
#1268=CARTESIAN_POINT('',(-8.4325E0,3.175E-1,2.22E0));
#1269=LINE('',#1268,#1267);
#1270=DIRECTION('',(0.E0,0.E0,1.E0));
#1271=VECTOR('',#1270,5.564091640801E-1);
#1272=CARTESIAN_POINT('',(-8.4325E0,3.175E-1,-4.786409164080E0));
#1273=LINE('',#1272,#1271);
#1274=DIRECTION('',(0.E0,0.E0,-1.E0));
#1275=VECTOR('',#1274,5.564091640801E-1);
#1276=CARTESIAN_POINT('',(-9.0675E0,3.175E-1,-4.23E0));
#1277=LINE('',#1276,#1275);
#1278=DIRECTION('',(-1.E0,0.E0,0.E0));
#1279=VECTOR('',#1278,6.35E-1);
#1280=CARTESIAN_POINT('',(-8.4325E0,3.175E-1,-4.786409164080E0));
#1281=LINE('',#1280,#1279);
#1282=DIRECTION('',(0.E0,0.E0,-1.E0));
#1283=VECTOR('',#1282,4.064091640801E-1);
#1284=CARTESIAN_POINT('',(-9.0675E0,3.175E-1,-7.073590835920E0));
#1285=LINE('',#1284,#1283);
#1286=DIRECTION('',(-1.E0,0.E0,0.E0));
#1287=VECTOR('',#1286,6.35E-1);
#1288=CARTESIAN_POINT('',(-8.4325E0,3.175E-1,-7.48E0));
#1289=LINE('',#1288,#1287);
#1290=DIRECTION('',(0.E0,0.E0,1.E0));
#1291=VECTOR('',#1290,4.064091640801E-1);
#1292=CARTESIAN_POINT('',(-8.4325E0,3.175E-1,-7.48E0));
#1293=LINE('',#1292,#1291);
#1294=DIRECTION('',(0.E0,-1.E0,0.E0));
#1295=VECTOR('',#1294,6.35E-1);
#1296=CARTESIAN_POINT('',(-8.4325E0,3.175E-1,2.22E0));
#1297=LINE('',#1296,#1295);
#1298=DIRECTION('',(0.E0,0.E0,1.E0));
#1299=VECTOR('',#1298,3.99E0);
#1300=CARTESIAN_POINT('',(-8.4325E0,3.175E-1,-1.77E0));
#1301=LINE('',#1300,#1299);
#1302=DIRECTION('',(0.E0,0.E0,-1.E0));
#1303=VECTOR('',#1302,3.99E0);
#1304=CARTESIAN_POINT('',(-8.4325E0,-3.175E-1,2.22E0));
#1305=LINE('',#1304,#1303);
#1306=DIRECTION('',(0.E0,1.E0,0.E0));
#1307=VECTOR('',#1306,6.35E-1);
#1308=CARTESIAN_POINT('',(-8.4325E0,-3.175E-1,-7.48E0));
#1309=LINE('',#1308,#1307);
#1310=CARTESIAN_POINT('',(-8.4325E0,-1.3225E0,-7.073590835920E0));
#1311=DIRECTION('',(-1.E0,0.E0,0.E0));
#1312=DIRECTION('',(0.E0,9.017013232514E-1,4.323594842797E-1));
#1313=AXIS2_PLACEMENT_3D('',#1310,#1311,#1312);
#1315=CARTESIAN_POINT('',(-8.4325E0,1.0625E0,-5.93E0));
#1316=DIRECTION('',(1.E0,0.E0,0.E0));
#1317=DIRECTION('',(0.E0,-9.017013232514E-1,4.323594842797E-1));
#1318=AXIS2_PLACEMENT_3D('',#1315,#1316,#1317);
#1320=CARTESIAN_POINT('',(-8.4325E0,-1.3225E0,-4.786409164080E0));
#1321=DIRECTION('',(-1.E0,0.E0,0.E0));
#1322=DIRECTION('',(0.E0,1.E0,0.E0));
#1323=AXIS2_PLACEMENT_3D('',#1320,#1321,#1322);
#1325=CARTESIAN_POINT('',(-8.4325E0,-1.3225E0,-4.786409164080E0));
#1326=DIRECTION('',(1.E0,0.E0,0.E0));
#1327=DIRECTION('',(0.E0,9.017013232514E-1,-4.323594842797E-1));
#1328=AXIS2_PLACEMENT_3D('',#1325,#1326,#1327);
#1330=CARTESIAN_POINT('',(-8.4325E0,1.0625E0,-5.93E0));
#1331=DIRECTION('',(-1.E0,0.E0,0.E0));
#1332=DIRECTION('',(0.E0,-9.017013232514E-1,-4.323594842797E-1));
#1333=AXIS2_PLACEMENT_3D('',#1330,#1331,#1332);
#1335=CARTESIAN_POINT('',(-8.4325E0,-1.3225E0,-7.073590835920E0));
#1336=DIRECTION('',(1.E0,0.E0,0.E0));
#1337=DIRECTION('',(0.E0,1.E0,0.E0));
#1338=AXIS2_PLACEMENT_3D('',#1335,#1336,#1337);
#1340=DIRECTION('',(-2.544566789040E-1,-2.544566789040E-1,-9.330078226480E-1));
#1341=VECTOR('',#1340,5.894913061276E-1);
#1342=CARTESIAN_POINT('',(-8.9175E0,-1.675E-1,2.77E0));
#1343=LINE('',#1342,#1341);
#1344=DIRECTION('',(-2.544566789040E-1,2.544566789040E-1,9.330078226480E-1));
#1345=VECTOR('',#1344,5.894913061276E-1);
#1346=CARTESIAN_POINT('',(-8.4325E0,-3.175E-1,2.22E0));
#1347=LINE('',#1346,#1345);
#1348=DIRECTION('',(-1.E0,0.E0,0.E0));
#1349=VECTOR('',#1348,6.35E-1);
#1350=CARTESIAN_POINT('',(-8.4325E0,-3.175E-1,2.22E0));
#1351=LINE('',#1350,#1349);
#1352=DIRECTION('',(0.E0,0.E0,-1.E0));
#1353=VECTOR('',#1352,4.064091640801E-1);
#1354=CARTESIAN_POINT('',(-8.4325E0,-3.175E-1,-7.073590835920E0));
#1355=LINE('',#1354,#1353);
#1356=DIRECTION('',(-1.E0,0.E0,0.E0));
#1357=VECTOR('',#1356,6.35E-1);
#1358=CARTESIAN_POINT('',(-8.4325E0,-3.175E-1,-7.48E0));
#1359=LINE('',#1358,#1357);
#1360=DIRECTION('',(0.E0,0.E0,1.E0));
#1361=VECTOR('',#1360,4.064091640801E-1);
#1362=CARTESIAN_POINT('',(-9.0675E0,-3.175E-1,-7.48E0));
#1363=LINE('',#1362,#1361);
#1364=DIRECTION('',(-1.E0,0.E0,0.E0));
#1365=VECTOR('',#1364,6.35E-1);
#1366=CARTESIAN_POINT('',(-8.4325E0,-3.175E-1,-7.073590835920E0));
#1367=LINE('',#1366,#1365);
#1368=DIRECTION('',(0.E0,0.E0,1.E0));
#1369=VECTOR('',#1368,5.564091640801E-1);
#1370=CARTESIAN_POINT('',(-9.0675E0,-3.175E-1,-4.786409164080E0));
#1371=LINE('',#1370,#1369);
#1372=DIRECTION('',(0.E0,0.E0,-1.E0));
#1373=VECTOR('',#1372,5.564091640801E-1);
#1374=CARTESIAN_POINT('',(-8.4325E0,-3.175E-1,-4.23E0));
#1375=LINE('',#1374,#1373);
#1376=DIRECTION('',(2.544566789040E-1,-2.544566789040E-1,9.330078226480E-1));
#1377=VECTOR('',#1376,5.894913061276E-1);
#1378=CARTESIAN_POINT('',(-8.5825E0,-1.675E-1,-8.03E0));
#1379=LINE('',#1378,#1377);
#1380=DIRECTION('',(-1.E0,0.E0,0.E0));
#1381=VECTOR('',#1380,3.35E-1);
#1382=CARTESIAN_POINT('',(-8.5825E0,1.675E-1,-8.03E0));
#1383=LINE('',#1382,#1381);
#1384=DIRECTION('',(0.E0,-1.E0,0.E0));
#1385=VECTOR('',#1384,3.35E-1);
#1386=CARTESIAN_POINT('',(-8.9175E0,1.675E-1,-8.03E0));
#1387=LINE('',#1386,#1385);
#1388=DIRECTION('',(-1.E0,0.E0,0.E0));
#1389=VECTOR('',#1388,3.35E-1);
#1390=CARTESIAN_POINT('',(-8.5825E0,-1.675E-1,-8.03E0));
#1391=LINE('',#1390,#1389);
#1392=DIRECTION('',(0.E0,1.E0,0.E0));
#1393=VECTOR('',#1392,3.35E-1);
#1394=CARTESIAN_POINT('',(-8.5825E0,-1.675E-1,-8.03E0));
#1395=LINE('',#1394,#1393);
#1396=DIRECTION('',(-2.544566789040E-1,2.544566789040E-1,9.330078226480E-1));
#1397=VECTOR('',#1396,5.894913061276E-1);
#1398=CARTESIAN_POINT('',(-8.9175E0,1.675E-1,-8.03E0));
#1399=LINE('',#1398,#1397);
#1400=DIRECTION('',(-2.544566789040E-1,-2.544566789040E-1,-9.330078226480E-1));
#1401=VECTOR('',#1400,5.894913061276E-1);
#1402=CARTESIAN_POINT('',(-8.4325E0,3.175E-1,-7.48E0));
#1403=LINE('',#1402,#1401);
#1404=DIRECTION('',(-2.544566789040E-1,-2.544566789040E-1,9.330078226480E-1));
#1405=VECTOR('',#1404,5.894913061276E-1);
#1406=CARTESIAN_POINT('',(-8.9175E0,-1.675E-1,-8.03E0));
#1407=LINE('',#1406,#1405);
#1408=DIRECTION('',(-1.E0,0.E0,0.E0));
#1409=VECTOR('',#1408,6.35E-1);
#1410=CARTESIAN_POINT('',(-8.4325E0,-4.162901701323E-1,-6.639069554219E0));
#1411=LINE('',#1410,#1409);
#1412=DIRECTION('',(-1.E0,0.E0,0.E0));
#1413=VECTOR('',#1412,6.35E-1);
#1414=CARTESIAN_POINT('',(-8.4325E0,-4.162901701323E-1,-5.220930445781E0));
#1415=LINE('',#1414,#1413);
#1416=DIRECTION('',(-1.E0,0.E0,0.E0));
#1417=VECTOR('',#1416,6.35E-1);
#1418=CARTESIAN_POINT('',(-8.4325E0,-3.175E-1,-4.786409164080E0));
#1419=LINE('',#1418,#1417);
#1420=DIRECTION('',(-1.E0,0.E0,0.E0));
#1421=VECTOR('',#1420,6.35E-1);
#1422=CARTESIAN_POINT('',(-8.4325E0,1.562901701323E-1,-5.495478718299E0));
#1423=LINE('',#1422,#1421);
#1424=DIRECTION('',(-1.E0,0.E0,0.E0));
#1425=VECTOR('',#1424,6.35E-1);
#1426=CARTESIAN_POINT('',(-8.4325E0,1.562901701323E-1,-6.364521281701E0));
#1427=LINE('',#1426,#1425);
#1428=DIRECTION('',(-1.E0,0.E0,0.E0));
#1429=VECTOR('',#1428,6.35E-1);
#1430=CARTESIAN_POINT('',(-8.4325E0,3.175E-1,-7.073590835920E0));
#1431=LINE('',#1430,#1429);
#1432=DIRECTION('',(0.E0,0.E0,-1.E0));
#1433=VECTOR('',#1432,6.E0);
#1434=CARTESIAN_POINT('',(9.86E0,-1.095E0,4.23E0));
#1435=LINE('',#1434,#1433);
#1436=DIRECTION('',(0.E0,0.E0,-1.E0));
#1437=VECTOR('',#1436,6.E0);
#1438=CARTESIAN_POINT('',(9.86E0,1.095E0,4.23E0));
#1439=LINE('',#1438,#1437);
#1440=DIRECTION('',(-1.E0,0.E0,0.E0));
#1441=VECTOR('',#1440,2.8E-1);
#1442=CARTESIAN_POINT('',(7.64E0,-3.85E-1,3.63E0));
#1443=LINE('',#1442,#1441);
#1444=DIRECTION('',(-1.E0,0.E0,0.E0));
#1445=VECTOR('',#1444,2.8E-1);
#1446=CARTESIAN_POINT('',(7.64E0,-3.85E-1,-7.E-2));
#1447=LINE('',#1446,#1445);
#1448=DIRECTION('',(0.E0,1.E0,0.E0));
#1449=VECTOR('',#1448,7.1E-1);
#1450=CARTESIAN_POINT('',(7.36E0,-1.095E0,-7.E-2));
#1451=LINE('',#1450,#1449);
#1452=DIRECTION('',(0.E0,0.E0,-1.E0));
#1453=VECTOR('',#1452,1.7E0);
#1454=CARTESIAN_POINT('',(7.36E0,-1.095E0,-7.E-2));
#1455=LINE('',#1454,#1453);
#1456=DIRECTION('',(0.E0,7.071067811865E-1,7.071067811865E-1));
#1457=VECTOR('',#1456,8.485281374239E-1);
#1458=CARTESIAN_POINT('',(7.36E0,-3.85E-1,3.63E0));
#1459=LINE('',#1458,#1457);
#1460=DIRECTION('',(0.E0,0.E0,1.E0));
#1461=VECTOR('',#1460,3.7E0);
#1462=CARTESIAN_POINT('',(7.36E0,-3.85E-1,-7.E-2));
#1463=LINE('',#1462,#1461);
#1464=DIRECTION('',(0.E0,-1.E0,0.E0));
#1465=VECTOR('',#1464,2.19E0);
#1466=CARTESIAN_POINT('',(5.14E0,1.095E0,-1.77E0));
#1467=LINE('',#1466,#1465);
#1468=DIRECTION('',(-1.E0,0.E0,0.E0));
#1469=VECTOR('',#1468,2.22E0);
#1470=CARTESIAN_POINT('',(7.36E0,1.095E0,-1.77E0));
#1471=LINE('',#1470,#1469);
#1472=DIRECTION('',(0.E0,1.E0,0.E0));
#1473=VECTOR('',#1472,2.19E0);
#1474=CARTESIAN_POINT('',(7.36E0,-1.095E0,-1.77E0));
#1475=LINE('',#1474,#1473);
#1476=DIRECTION('',(1.E0,0.E0,0.E0));
#1477=VECTOR('',#1476,2.22E0);
#1478=CARTESIAN_POINT('',(5.14E0,-1.095E0,-1.77E0));
#1479=LINE('',#1478,#1477);
#1480=DIRECTION('',(0.E0,1.E0,0.E0));
#1481=VECTOR('',#1480,6.35E-1);
#1482=CARTESIAN_POINT('',(5.9325E0,-3.175E-1,-1.77E0));
#1483=LINE('',#1482,#1481);
#1484=DIRECTION('',(1.E0,0.E0,0.E0));
#1485=VECTOR('',#1484,6.35E-1);
#1486=CARTESIAN_POINT('',(5.9325E0,-3.175E-1,-1.77E0));
#1487=LINE('',#1486,#1485);
#1488=DIRECTION('',(0.E0,1.E0,0.E0));
#1489=VECTOR('',#1488,6.35E-1);
#1490=CARTESIAN_POINT('',(6.5675E0,-3.175E-1,-1.77E0));
#1491=LINE('',#1490,#1489);
#1492=DIRECTION('',(1.E0,0.E0,0.E0));
#1493=VECTOR('',#1492,6.35E-1);
#1494=CARTESIAN_POINT('',(5.9325E0,3.175E-1,-1.77E0));
#1495=LINE('',#1494,#1493);
#1496=DIRECTION('',(0.E0,0.E0,-1.E0));
#1497=VECTOR('',#1496,6.E0);
#1498=CARTESIAN_POINT('',(5.14E0,1.095E0,4.23E0));
#1499=LINE('',#1498,#1497);
#1500=DIRECTION('',(0.E0,0.E0,-1.E0));
#1501=VECTOR('',#1500,6.E0);
#1502=CARTESIAN_POINT('',(7.36E0,1.095E0,4.23E0));
#1503=LINE('',#1502,#1501);
#1504=DIRECTION('',(0.E0,1.E0,0.E0));
#1505=VECTOR('',#1504,6.35E-1);
#1506=CARTESIAN_POINT('',(5.9325E0,-3.175E-1,2.22E0));
#1507=LINE('',#1506,#1505);
#1508=DIRECTION('',(0.E0,0.E0,-1.E0));
#1509=VECTOR('',#1508,3.99E0);
#1510=CARTESIAN_POINT('',(5.9325E0,-3.175E-1,2.22E0));
#1511=LINE('',#1510,#1509);
#1512=DIRECTION('',(0.E0,0.E0,1.E0));
#1513=VECTOR('',#1512,3.99E0);
#1514=CARTESIAN_POINT('',(5.9325E0,3.175E-1,-1.77E0));
#1515=LINE('',#1514,#1513);
#1516=DIRECTION('',(0.E0,-1.E0,0.E0));
#1517=VECTOR('',#1516,6.35E-1);
#1518=CARTESIAN_POINT('',(5.9325E0,3.175E-1,-7.48E0));
#1519=LINE('',#1518,#1517);
#1520=CARTESIAN_POINT('',(5.9325E0,1.3225E0,-7.073590835920E0));
#1521=DIRECTION('',(-1.E0,0.E0,0.E0));
#1522=DIRECTION('',(0.E0,-1.E0,0.E0));
#1523=AXIS2_PLACEMENT_3D('',#1520,#1521,#1522);
#1525=CARTESIAN_POINT('',(5.9325E0,-1.0625E0,-5.93E0));
#1526=DIRECTION('',(1.E0,0.E0,0.E0));
#1527=DIRECTION('',(0.E0,9.017013232514E-1,-4.323594842797E-1));
#1528=AXIS2_PLACEMENT_3D('',#1525,#1526,#1527);
#1530=CARTESIAN_POINT('',(5.9325E0,1.3225E0,-4.786409164080E0));
#1531=DIRECTION('',(-1.E0,0.E0,0.E0));
#1532=DIRECTION('',(0.E0,-9.017013232514E-1,-4.323594842797E-1));
#1533=AXIS2_PLACEMENT_3D('',#1530,#1531,#1532);
#1535=CARTESIAN_POINT('',(5.9325E0,1.3225E0,-4.786409164080E0));
#1536=DIRECTION('',(1.E0,0.E0,0.E0));
#1537=DIRECTION('',(0.E0,-1.E0,0.E0));
#1538=AXIS2_PLACEMENT_3D('',#1535,#1536,#1537);
#1540=CARTESIAN_POINT('',(5.9325E0,-1.0625E0,-5.93E0));
#1541=DIRECTION('',(-1.E0,0.E0,0.E0));
#1542=DIRECTION('',(0.E0,9.017013232514E-1,4.323594842797E-1));
#1543=AXIS2_PLACEMENT_3D('',#1540,#1541,#1542);
#1545=CARTESIAN_POINT('',(5.9325E0,1.3225E0,-7.073590835920E0));
#1546=DIRECTION('',(1.E0,0.E0,0.E0));
#1547=DIRECTION('',(0.E0,-9.017013232514E-1,4.323594842797E-1));
#1548=AXIS2_PLACEMENT_3D('',#1545,#1546,#1547);
#1550=DIRECTION('',(-1.E0,0.E0,0.E0));
#1551=VECTOR('',#1550,3.35E-1);
#1552=CARTESIAN_POINT('',(6.4175E0,1.675E-1,2.77E0));
#1553=LINE('',#1552,#1551);
#1554=DIRECTION('',(0.E0,-1.E0,0.E0));
#1555=VECTOR('',#1554,3.35E-1);
#1556=CARTESIAN_POINT('',(6.4175E0,1.675E-1,2.77E0));
#1557=LINE('',#1556,#1555);
#1558=DIRECTION('',(-1.E0,0.E0,0.E0));
#1559=VECTOR('',#1558,3.35E-1);
#1560=CARTESIAN_POINT('',(6.4175E0,-1.675E-1,2.77E0));
#1561=LINE('',#1560,#1559);
#1562=DIRECTION('',(0.E0,1.E0,0.E0));
#1563=VECTOR('',#1562,3.35E-1);
#1564=CARTESIAN_POINT('',(6.0825E0,-1.675E-1,2.77E0));
#1565=LINE('',#1564,#1563);
#1566=DIRECTION('',(2.544566789040E-1,-2.544566789040E-1,9.330078226480E-1));
#1567=VECTOR('',#1566,5.894913061276E-1);
#1568=CARTESIAN_POINT('',(5.9325E0,3.175E-1,2.22E0));
#1569=LINE('',#1568,#1567);
#1570=DIRECTION('',(2.544566789040E-1,2.544566789040E-1,-9.330078226480E-1));
#1571=VECTOR('',#1570,5.894913061276E-1);
#1572=CARTESIAN_POINT('',(6.4175E0,1.675E-1,2.77E0));
#1573=LINE('',#1572,#1571);
#1574=DIRECTION('',(-1.E0,0.E0,0.E0));
#1575=VECTOR('',#1574,6.35E-1);
#1576=CARTESIAN_POINT('',(6.5675E0,3.175E-1,2.22E0));
#1577=LINE('',#1576,#1575);
#1578=DIRECTION('',(0.E0,0.E0,1.E0));
#1579=VECTOR('',#1578,5.564091640801E-1);
#1580=CARTESIAN_POINT('',(6.5675E0,3.175E-1,-4.786409164080E0));
#1581=LINE('',#1580,#1579);
#1582=DIRECTION('',(0.E0,0.E0,-1.E0));
#1583=VECTOR('',#1582,5.564091640801E-1);
#1584=CARTESIAN_POINT('',(5.9325E0,3.175E-1,-4.23E0));
#1585=LINE('',#1584,#1583);
#1586=DIRECTION('',(1.E0,0.E0,0.E0));
#1587=VECTOR('',#1586,6.35E-1);
#1588=CARTESIAN_POINT('',(5.9325E0,3.175E-1,-4.786409164080E0));
#1589=LINE('',#1588,#1587);
#1590=DIRECTION('',(0.E0,0.E0,-1.E0));
#1591=VECTOR('',#1590,4.064091640801E-1);
#1592=CARTESIAN_POINT('',(5.9325E0,3.175E-1,-7.073590835920E0));
#1593=LINE('',#1592,#1591);
#1594=DIRECTION('',(-1.E0,0.E0,0.E0));
#1595=VECTOR('',#1594,6.35E-1);
#1596=CARTESIAN_POINT('',(6.5675E0,3.175E-1,-7.48E0));
#1597=LINE('',#1596,#1595);
#1598=DIRECTION('',(0.E0,0.E0,1.E0));
#1599=VECTOR('',#1598,4.064091640801E-1);
#1600=CARTESIAN_POINT('',(6.5675E0,3.175E-1,-7.48E0));
#1601=LINE('',#1600,#1599);
#1602=DIRECTION('',(0.E0,-1.E0,0.E0));
#1603=VECTOR('',#1602,6.35E-1);
#1604=CARTESIAN_POINT('',(6.5675E0,3.175E-1,2.22E0));
#1605=LINE('',#1604,#1603);
#1606=DIRECTION('',(0.E0,0.E0,1.E0));
#1607=VECTOR('',#1606,3.99E0);
#1608=CARTESIAN_POINT('',(6.5675E0,3.175E-1,-1.77E0));
#1609=LINE('',#1608,#1607);
#1610=DIRECTION('',(0.E0,0.E0,-1.E0));
#1611=VECTOR('',#1610,3.99E0);
#1612=CARTESIAN_POINT('',(6.5675E0,-3.175E-1,2.22E0));
#1613=LINE('',#1612,#1611);
#1614=DIRECTION('',(0.E0,1.E0,0.E0));
#1615=VECTOR('',#1614,6.35E-1);
#1616=CARTESIAN_POINT('',(6.5675E0,-3.175E-1,-7.48E0));
#1617=LINE('',#1616,#1615);
#1618=CARTESIAN_POINT('',(6.5675E0,1.3225E0,-7.073590835920E0));
#1619=DIRECTION('',(1.E0,0.E0,0.E0));
#1620=DIRECTION('',(0.E0,-9.017013232514E-1,4.323594842797E-1));
#1621=AXIS2_PLACEMENT_3D('',#1618,#1619,#1620);
#1623=CARTESIAN_POINT('',(6.5675E0,-1.0625E0,-5.93E0));
#1624=DIRECTION('',(-1.E0,0.E0,0.E0));
#1625=DIRECTION('',(0.E0,9.017013232514E-1,4.323594842797E-1));
#1626=AXIS2_PLACEMENT_3D('',#1623,#1624,#1625);
#1628=CARTESIAN_POINT('',(6.5675E0,1.3225E0,-4.786409164080E0));
#1629=DIRECTION('',(1.E0,0.E0,0.E0));
#1630=DIRECTION('',(0.E0,-1.E0,0.E0));
#1631=AXIS2_PLACEMENT_3D('',#1628,#1629,#1630);
#1633=CARTESIAN_POINT('',(6.5675E0,1.3225E0,-4.786409164080E0));
#1634=DIRECTION('',(-1.E0,0.E0,0.E0));
#1635=DIRECTION('',(0.E0,-9.017013232514E-1,-4.323594842797E-1));
#1636=AXIS2_PLACEMENT_3D('',#1633,#1634,#1635);
#1638=CARTESIAN_POINT('',(6.5675E0,-1.0625E0,-5.93E0));
#1639=DIRECTION('',(1.E0,0.E0,0.E0));
#1640=DIRECTION('',(0.E0,9.017013232514E-1,-4.323594842797E-1));
#1641=AXIS2_PLACEMENT_3D('',#1638,#1639,#1640);
#1643=CARTESIAN_POINT('',(6.5675E0,1.3225E0,-7.073590835920E0));
#1644=DIRECTION('',(-1.E0,0.E0,0.E0));
#1645=DIRECTION('',(0.E0,-1.E0,0.E0));
#1646=AXIS2_PLACEMENT_3D('',#1643,#1644,#1645);
#1648=DIRECTION('',(-2.544566789040E-1,-2.544566789040E-1,-9.330078226480E-1));
#1649=VECTOR('',#1648,5.894913061276E-1);
#1650=CARTESIAN_POINT('',(6.0825E0,-1.675E-1,2.77E0));
#1651=LINE('',#1650,#1649);
#1652=DIRECTION('',(-2.544566789040E-1,2.544566789040E-1,9.330078226480E-1));
#1653=VECTOR('',#1652,5.894913061276E-1);
#1654=CARTESIAN_POINT('',(6.5675E0,-3.175E-1,2.22E0));
#1655=LINE('',#1654,#1653);
#1656=DIRECTION('',(-1.E0,0.E0,0.E0));
#1657=VECTOR('',#1656,6.35E-1);
#1658=CARTESIAN_POINT('',(6.5675E0,-3.175E-1,2.22E0));
#1659=LINE('',#1658,#1657);
#1660=DIRECTION('',(0.E0,0.E0,-1.E0));
#1661=VECTOR('',#1660,4.064091640801E-1);
#1662=CARTESIAN_POINT('',(6.5675E0,-3.175E-1,-7.073590835920E0));
#1663=LINE('',#1662,#1661);
#1664=DIRECTION('',(-1.E0,0.E0,0.E0));
#1665=VECTOR('',#1664,6.35E-1);
#1666=CARTESIAN_POINT('',(6.5675E0,-3.175E-1,-7.48E0));
#1667=LINE('',#1666,#1665);
#1668=DIRECTION('',(0.E0,0.E0,1.E0));
#1669=VECTOR('',#1668,4.064091640801E-1);
#1670=CARTESIAN_POINT('',(5.9325E0,-3.175E-1,-7.48E0));
#1671=LINE('',#1670,#1669);
#1672=DIRECTION('',(1.E0,0.E0,0.E0));
#1673=VECTOR('',#1672,6.35E-1);
#1674=CARTESIAN_POINT('',(5.9325E0,-3.175E-1,-7.073590835920E0));
#1675=LINE('',#1674,#1673);
#1676=DIRECTION('',(0.E0,0.E0,1.E0));
#1677=VECTOR('',#1676,5.564091640801E-1);
#1678=CARTESIAN_POINT('',(5.9325E0,-3.175E-1,-4.786409164080E0));
#1679=LINE('',#1678,#1677);
#1680=DIRECTION('',(0.E0,0.E0,-1.E0));
#1681=VECTOR('',#1680,5.564091640801E-1);
#1682=CARTESIAN_POINT('',(6.5675E0,-3.175E-1,-4.23E0));
#1683=LINE('',#1682,#1681);
#1684=DIRECTION('',(2.544566789040E-1,-2.544566789040E-1,9.330078226480E-1));
#1685=VECTOR('',#1684,5.894913061276E-1);
#1686=CARTESIAN_POINT('',(6.4175E0,-1.675E-1,-8.03E0));
#1687=LINE('',#1686,#1685);
#1688=DIRECTION('',(-1.E0,0.E0,0.E0));
#1689=VECTOR('',#1688,3.35E-1);
#1690=CARTESIAN_POINT('',(6.4175E0,1.675E-1,-8.03E0));
#1691=LINE('',#1690,#1689);
#1692=DIRECTION('',(0.E0,-1.E0,0.E0));
#1693=VECTOR('',#1692,3.35E-1);
#1694=CARTESIAN_POINT('',(6.0825E0,1.675E-1,-8.03E0));
#1695=LINE('',#1694,#1693);
#1696=DIRECTION('',(-1.E0,0.E0,0.E0));
#1697=VECTOR('',#1696,3.35E-1);
#1698=CARTESIAN_POINT('',(6.4175E0,-1.675E-1,-8.03E0));
#1699=LINE('',#1698,#1697);
#1700=DIRECTION('',(0.E0,1.E0,0.E0));
#1701=VECTOR('',#1700,3.35E-1);
#1702=CARTESIAN_POINT('',(6.4175E0,-1.675E-1,-8.03E0));
#1703=LINE('',#1702,#1701);
#1704=DIRECTION('',(-2.544566789040E-1,2.544566789040E-1,9.330078226480E-1));
#1705=VECTOR('',#1704,5.894913061276E-1);
#1706=CARTESIAN_POINT('',(6.0825E0,1.675E-1,-8.03E0));
#1707=LINE('',#1706,#1705);
#1708=DIRECTION('',(-2.544566789040E-1,-2.544566789040E-1,-9.330078226480E-1));
#1709=VECTOR('',#1708,5.894913061276E-1);
#1710=CARTESIAN_POINT('',(6.5675E0,3.175E-1,-7.48E0));
#1711=LINE('',#1710,#1709);
#1712=DIRECTION('',(-2.544566789040E-1,-2.544566789040E-1,9.330078226480E-1));
#1713=VECTOR('',#1712,5.894913061276E-1);
#1714=CARTESIAN_POINT('',(6.0825E0,-1.675E-1,-8.03E0));
#1715=LINE('',#1714,#1713);
#1716=DIRECTION('',(1.E0,0.E0,0.E0));
#1717=VECTOR('',#1716,6.35E-1);
#1718=CARTESIAN_POINT('',(5.9325E0,-1.562901701323E-1,-6.364521281701E0));
#1719=LINE('',#1718,#1717);
#1720=DIRECTION('',(1.E0,0.E0,0.E0));
#1721=VECTOR('',#1720,6.35E-1);
#1722=CARTESIAN_POINT('',(5.9325E0,-1.562901701323E-1,-5.495478718299E0));
#1723=LINE('',#1722,#1721);
#1724=DIRECTION('',(1.E0,0.E0,0.E0));
#1725=VECTOR('',#1724,6.35E-1);
#1726=CARTESIAN_POINT('',(5.9325E0,-3.175E-1,-4.786409164080E0));
#1727=LINE('',#1726,#1725);
#1728=DIRECTION('',(1.E0,0.E0,0.E0));
#1729=VECTOR('',#1728,6.35E-1);
#1730=CARTESIAN_POINT('',(5.9325E0,4.162901701323E-1,-5.220930445781E0));
#1731=LINE('',#1730,#1729);
#1732=DIRECTION('',(1.E0,0.E0,0.E0));
#1733=VECTOR('',#1732,6.35E-1);
#1734=CARTESIAN_POINT('',(5.9325E0,4.162901701323E-1,-6.639069554219E0));
#1735=LINE('',#1734,#1733);
#1736=DIRECTION('',(1.E0,0.E0,0.E0));
#1737=VECTOR('',#1736,6.35E-1);
#1738=CARTESIAN_POINT('',(5.9325E0,3.175E-1,-7.073590835920E0));
#1739=LINE('',#1738,#1737);
#1740=DIRECTION('',(0.E0,0.E0,-1.E0));
#1741=VECTOR('',#1740,5.731849315068E0);
#1742=CARTESIAN_POINT('',(-2.2E0,3.75E0,5.411849315068E0));
#1743=LINE('',#1742,#1741);
#1744=DIRECTION('',(0.E0,7.095325119658E-1,7.046727002400E-1));
#1745=VECTOR('',#1744,1.677160637365E0);
#1746=CARTESIAN_POINT('',(-2.2E0,2.56E0,4.23E0));
#1747=LINE('',#1746,#1745);
#1748=DIRECTION('',(1.E0,0.E0,0.E0));
#1749=VECTOR('',#1748,5.2E0);
#1750=CARTESIAN_POINT('',(-2.6E0,4.02E0,5.68E0));
#1751=LINE('',#1750,#1749);
#1752=DIRECTION('',(0.E0,7.095325119658E-1,7.046727002400E-1));
#1753=VECTOR('',#1752,1.677160637365E0);
#1754=CARTESIAN_POINT('',(2.2E0,2.56E0,4.23E0));
#1755=LINE('',#1754,#1753);
#1756=DIRECTION('',(-1.E0,0.E0,0.E0));
#1757=VECTOR('',#1756,4.4E0);
#1758=CARTESIAN_POINT('',(2.2E0,3.75E0,5.411849315068E0));
#1759=LINE('',#1758,#1757);
#1760=DIRECTION('',(0.E0,-1.E0,0.E0));
#1761=VECTOR('',#1760,2.61E0);
#1762=CARTESIAN_POINT('',(-2.6E0,4.35E0,-5.2E-1));
#1763=LINE('',#1762,#1761);
#1764=DIRECTION('',(0.E0,0.E0,-1.E0));
#1765=VECTOR('',#1764,6.2E0);
#1766=CARTESIAN_POINT('',(-2.6E0,4.35E0,5.68E0));
#1767=LINE('',#1766,#1765);
#1768=DIRECTION('',(0.E0,-1.E0,0.E0));
#1769=VECTOR('',#1768,3.3E-1);
#1770=CARTESIAN_POINT('',(-2.6E0,4.35E0,5.68E0));
#1771=LINE('',#1770,#1769);
#1772=DIRECTION('',(0.E0,-7.095325119658E-1,-7.046727002400E-1));
#1773=VECTOR('',#1772,2.057692882818E0);
#1774=CARTESIAN_POINT('',(-2.6E0,4.02E0,5.68E0));
#1775=LINE('',#1774,#1773);
#1776=DIRECTION('',(0.E0,-1.E0,0.E0));
#1777=VECTOR('',#1776,8.2E-1);
#1778=CARTESIAN_POINT('',(-2.6E0,2.56E0,4.23E0));
#1779=LINE('',#1778,#1777);
#1780=CARTESIAN_POINT('',(-2.35E0,4.35E0,-5.2E-1));
#1781=DIRECTION('',(0.E0,-1.E0,0.E0));
#1782=DIRECTION('',(-1.E0,0.E0,0.E0));
#1783=AXIS2_PLACEMENT_3D('',#1780,#1781,#1782);
#1785=CARTESIAN_POINT('',(-2.35E0,1.74E0,-5.2E-1));
#1786=DIRECTION('',(0.E0,-1.E0,0.E0));
#1787=DIRECTION('',(-1.E0,0.E0,0.E0));
#1788=AXIS2_PLACEMENT_3D('',#1785,#1786,#1787);
#1790=DIRECTION('',(0.E0,1.E0,0.E0));
#1791=VECTOR('',#1790,2.609999999281E0);
#1792=CARTESIAN_POINT('',(2.35E0,1.74E0,-7.7E-1));
#1793=LINE('',#1792,#1791);
#1794=DIRECTION('',(0.E0,-1.E0,0.E0));
#1795=VECTOR('',#1794,6.E-1);
#1796=CARTESIAN_POINT('',(1.15E0,4.35E0,-7.7E-1));
#1797=LINE('',#1796,#1795);
#1798=DIRECTION('',(1.E0,0.E0,0.E0));
#1799=VECTOR('',#1798,2.3E0);
#1800=CARTESIAN_POINT('',(-1.15E0,3.75E0,-7.7E-1));
#1801=LINE('',#1800,#1799);
#1802=DIRECTION('',(0.E0,-1.E0,0.E0));
#1803=VECTOR('',#1802,6.E-1);
#1804=CARTESIAN_POINT('',(-1.15E0,4.35E0,-7.7E-1));
#1805=LINE('',#1804,#1803);
#1806=DIRECTION('',(0.E0,-1.E0,0.E0));
#1807=VECTOR('',#1806,2.609999999640E0);
#1808=CARTESIAN_POINT('',(-2.35E0,4.349999999640E0,-7.7E-1));
#1809=LINE('',#1808,#1807);
#1810=CARTESIAN_POINT('',(2.35E0,1.74E0,-5.2E-1));
#1811=DIRECTION('',(0.E0,-1.E0,0.E0));
#1812=DIRECTION('',(0.E0,0.E0,-1.E0));
#1813=AXIS2_PLACEMENT_3D('',#1810,#1811,#1812);
#1815=DIRECTION('',(0.E0,0.E0,1.E0));
#1816=VECTOR('',#1815,6.2E0);
#1817=CARTESIAN_POINT('',(2.6E0,4.35E0,-5.2E-1));
#1818=LINE('',#1817,#1816);
#1819=DIRECTION('',(0.E0,1.E0,0.E0));
#1820=VECTOR('',#1819,2.61E0);
#1821=CARTESIAN_POINT('',(2.6E0,1.74E0,-5.2E-1));
#1822=LINE('',#1821,#1820);
#1823=DIRECTION('',(0.E0,-1.E0,0.E0));
#1824=VECTOR('',#1823,8.2E-1);
#1825=CARTESIAN_POINT('',(2.6E0,2.56E0,4.23E0));
#1826=LINE('',#1825,#1824);
#1827=DIRECTION('',(0.E0,-7.095325119658E-1,-7.046727002400E-1));
#1828=VECTOR('',#1827,2.057692882818E0);
#1829=CARTESIAN_POINT('',(2.6E0,4.02E0,5.68E0));
#1830=LINE('',#1829,#1828);
#1831=DIRECTION('',(0.E0,-1.E0,0.E0));
#1832=VECTOR('',#1831,3.3E-1);
#1833=CARTESIAN_POINT('',(2.6E0,4.35E0,5.68E0));
#1834=LINE('',#1833,#1832);
#1835=CARTESIAN_POINT('',(2.35E0,4.35E0,-5.2E-1));
#1836=DIRECTION('',(0.E0,0.E0,1.E0));
#1837=DIRECTION('',(1.E0,0.E0,0.E0));
#1838=AXIS2_PLACEMENT_3D('',#1835,#1836,#1837);
#1840=CARTESIAN_POINT('',(2.35E0,4.35E0,5.68E0));
#1841=DIRECTION('',(0.E0,0.E0,1.E0));
#1842=DIRECTION('',(1.E0,0.E0,0.E0));
#1843=AXIS2_PLACEMENT_3D('',#1840,#1841,#1842);
#1845=CARTESIAN_POINT('',(-2.35E0,4.35E0,5.68E0));
#1846=DIRECTION('',(0.E0,0.E0,1.E0));
#1847=DIRECTION('',(0.E0,1.E0,0.E0));
#1848=AXIS2_PLACEMENT_3D('',#1845,#1846,#1847);
#1850=DIRECTION('',(1.E0,0.E0,0.E0));
#1851=VECTOR('',#1850,4.7E0);
#1852=CARTESIAN_POINT('',(-2.35E0,4.6E0,5.68E0));
#1853=LINE('',#1852,#1851);
#1854=CARTESIAN_POINT('',(-2.35E0,4.35E0,-5.2E-1));
#1855=DIRECTION('',(0.E0,0.E0,-1.E0));
#1856=DIRECTION('',(-1.E0,0.E0,0.E0));
#1857=AXIS2_PLACEMENT_3D('',#1854,#1855,#1856);
#1859=CARTESIAN_POINT('',(2.35E0,4.35E0,-5.2E-1));
#1860=DIRECTION('',(1.E0,0.E0,0.E0));
#1861=DIRECTION('',(0.E0,0.E0,-1.E0));
#1862=AXIS2_PLACEMENT_3D('',#1859,#1860,#1861);
#1864=CARTESIAN_POINT('',(1.15E0,4.35E0,-5.2E-1));
#1865=DIRECTION('',(1.E0,0.E0,0.E0));
#1866=DIRECTION('',(0.E0,0.E0,-1.E0));
#1867=AXIS2_PLACEMENT_3D('',#1864,#1865,#1866);
#1869=DIRECTION('',(1.E0,-5.993664823715E-10,0.E0));
#1870=VECTOR('',#1869,1.2E0);
#1871=CARTESIAN_POINT('',(1.15E0,4.35E0,-7.7E-1));
#1872=LINE('',#1871,#1870);
#1873=CARTESIAN_POINT('',(-2.35E0,4.35E0,-5.2E-1));
#1874=DIRECTION('',(-1.E0,0.E0,0.E0));
#1875=DIRECTION('',(0.E0,1.E0,0.E0));
#1876=AXIS2_PLACEMENT_3D('',#1873,#1874,#1875);
#1878=DIRECTION('',(1.E0,2.996913828213E-10,0.E0));
#1879=VECTOR('',#1878,1.2E0);
#1880=CARTESIAN_POINT('',(-2.35E0,4.349999999640E0,-7.7E-1));
#1881=LINE('',#1880,#1879);
#1882=CARTESIAN_POINT('',(-1.15E0,4.35E0,-5.2E-1));
#1883=DIRECTION('',(1.E0,0.E0,0.E0));
#1884=DIRECTION('',(0.E0,0.E0,-1.E0));
#1885=AXIS2_PLACEMENT_3D('',#1882,#1883,#1884);
#1887=CARTESIAN_POINT('',(2.35E0,4.35E0,-5.2E-1));
#1888=DIRECTION('',(0.E0,1.E0,0.E0));
#1889=DIRECTION('',(1.E0,0.E0,0.E0));
#1890=AXIS2_PLACEMENT_3D('',#1887,#1888,#1889);
#1892=DIRECTION('',(0.E0,0.E0,1.E0));
#1893=VECTOR('',#1892,6.200000000981E0);
#1894=CARTESIAN_POINT('',(2.35E0,4.6E0,-5.200000009815E-1));
#1895=LINE('',#1894,#1893);
#1896=DIRECTION('',(0.E0,0.E0,-1.E0));
#1897=VECTOR('',#1896,6.200000001963E0);
#1898=CARTESIAN_POINT('',(-2.35E0,4.6E0,5.68E0));
#1899=LINE('',#1898,#1897);
#1900=DIRECTION('',(1.E0,0.E0,1.635731365172E-9));
#1901=VECTOR('',#1900,1.2E0);
#1902=CARTESIAN_POINT('',(-2.35E0,4.6E0,-5.200000019629E-1));
#1903=LINE('',#1902,#1901);
#1904=DIRECTION('',(0.E0,0.E0,1.E0));
#1905=VECTOR('',#1904,4.62E0);
#1906=CARTESIAN_POINT('',(-1.15E0,4.6E0,-5.2E-1));
#1907=LINE('',#1906,#1905);
#1908=CARTESIAN_POINT('',(-9.E-1,4.6E0,4.1E0));
#1909=DIRECTION('',(0.E0,1.E0,0.E0));
#1910=DIRECTION('',(-1.E0,0.E0,0.E0));
#1911=AXIS2_PLACEMENT_3D('',#1908,#1909,#1910);
#1913=DIRECTION('',(1.E0,0.E0,0.E0));
#1914=VECTOR('',#1913,1.8E0);
#1915=CARTESIAN_POINT('',(-9.E-1,4.6E0,4.35E0));
#1916=LINE('',#1915,#1914);
#1917=CARTESIAN_POINT('',(9.E-1,4.6E0,4.1E0));
#1918=DIRECTION('',(0.E0,1.E0,0.E0));
#1919=DIRECTION('',(0.E0,0.E0,1.E0));
#1920=AXIS2_PLACEMENT_3D('',#1917,#1918,#1919);
#1922=DIRECTION('',(0.E0,0.E0,1.E0));
#1923=VECTOR('',#1922,4.62E0);
#1924=CARTESIAN_POINT('',(1.15E0,4.6E0,-5.2E-1));
#1925=LINE('',#1924,#1923);
#1926=DIRECTION('',(1.E0,0.E0,-8.178840012659E-10));
#1927=VECTOR('',#1926,1.2E0);
#1928=CARTESIAN_POINT('',(1.15E0,4.6E0,-5.2E-1));
#1929=LINE('',#1928,#1927);
#1930=DIRECTION('',(0.E0,0.E0,-1.E0));
#1931=VECTOR('',#1930,4.5E-1);
#1932=CARTESIAN_POINT('',(1.15E0,3.75E0,-3.2E-1));
#1933=LINE('',#1932,#1931);
#1934=DIRECTION('',(0.E0,0.E0,1.E0));
#1935=VECTOR('',#1934,4.5E-1);
#1936=CARTESIAN_POINT('',(-1.15E0,3.75E0,-7.7E-1));
#1937=LINE('',#1936,#1935);
#1938=DIRECTION('',(0.E0,-1.E0,0.E0));
#1939=VECTOR('',#1938,8.5E-1);
#1940=CARTESIAN_POINT('',(1.15E0,4.6E0,4.1E0));
#1941=LINE('',#1940,#1939);
#1942=DIRECTION('',(0.E0,-1.E0,0.E0));
#1943=VECTOR('',#1942,8.5E-1);
#1944=CARTESIAN_POINT('',(9.E-1,4.6E0,4.35E0));
#1945=LINE('',#1944,#1943);
#1946=DIRECTION('',(0.E0,-1.E0,0.E0));
#1947=VECTOR('',#1946,8.5E-1);
#1948=CARTESIAN_POINT('',(-9.E-1,4.6E0,4.35E0));
#1949=LINE('',#1948,#1947);
#1950=DIRECTION('',(0.E0,-1.E0,0.E0));
#1951=VECTOR('',#1950,8.5E-1);
#1952=CARTESIAN_POINT('',(-1.15E0,4.6E0,4.1E0));
#1953=LINE('',#1952,#1951);
#1954=DIRECTION('',(0.E0,0.E0,1.E0));
#1955=VECTOR('',#1954,4.42E0);
#1956=CARTESIAN_POINT('',(-1.15E0,3.75E0,-3.2E-1));
#1957=LINE('',#1956,#1955);
#1958=DIRECTION('',(0.E0,0.E0,-1.E0));
#1959=VECTOR('',#1958,5.731849315068E0);
#1960=CARTESIAN_POINT('',(2.2E0,3.75E0,5.411849315068E0));
#1961=LINE('',#1960,#1959);
#1962=DIRECTION('',(0.E0,0.E0,1.E0));
#1963=VECTOR('',#1962,4.42E0);
#1964=CARTESIAN_POINT('',(1.15E0,3.75E0,-3.2E-1));
#1965=LINE('',#1964,#1963);
#1966=CARTESIAN_POINT('',(9.E-1,3.75E0,4.1E0));
#1967=DIRECTION('',(0.E0,1.E0,0.E0));
#1968=DIRECTION('',(0.E0,0.E0,1.E0));
#1969=AXIS2_PLACEMENT_3D('',#1966,#1967,#1968);
#1971=DIRECTION('',(1.E0,0.E0,0.E0));
#1972=VECTOR('',#1971,1.8E0);
#1973=CARTESIAN_POINT('',(-9.E-1,3.75E0,4.35E0));
#1974=LINE('',#1973,#1972);
#1975=CARTESIAN_POINT('',(-9.E-1,3.75E0,4.1E0));
#1976=DIRECTION('',(0.E0,1.E0,0.E0));
#1977=DIRECTION('',(-1.E0,0.E0,0.E0));
#1978=AXIS2_PLACEMENT_3D('',#1975,#1976,#1977);
#1980=DIRECTION('',(1.E0,0.E0,0.E0));
#1981=VECTOR('',#1980,2.3E0);
#1982=CARTESIAN_POINT('',(-1.15E0,3.75E0,-3.2E-1));
#1983=LINE('',#1982,#1981);
#1984=DIRECTION('',(-1.E0,0.E0,0.E0));
#1985=VECTOR('',#1984,1.05E0);
#1986=CARTESIAN_POINT('',(2.2E0,3.75E0,-3.2E-1));
#1987=LINE('',#1986,#1985);
#1988=DIRECTION('',(0.E0,1.E0,0.E0));
#1989=VECTOR('',#1988,2.655E0);
#1990=CARTESIAN_POINT('',(2.2E0,1.095E0,-3.2E-1));
#1991=LINE('',#1990,#1989);
#1992=DIRECTION('',(0.E0,-1.E0,0.E0));
#1993=VECTOR('',#1992,2.75E-1);
#1994=CARTESIAN_POINT('',(1.33E0,1.37E0,-3.2E-1));
#1995=LINE('',#1994,#1993);
#1996=DIRECTION('',(1.E0,0.E0,0.E0));
#1997=VECTOR('',#1996,2.66E0);
#1998=CARTESIAN_POINT('',(-1.33E0,1.37E0,-3.2E-1));
#1999=LINE('',#1998,#1997);
#2000=DIRECTION('',(0.E0,1.E0,0.E0));
#2001=VECTOR('',#2000,2.75E-1);
#2002=CARTESIAN_POINT('',(-1.33E0,1.095E0,-3.2E-1));
#2003=LINE('',#2002,#2001);
#2004=DIRECTION('',(0.E0,-1.E0,0.E0));
#2005=VECTOR('',#2004,2.655E0);
#2006=CARTESIAN_POINT('',(-2.2E0,3.75E0,-3.2E-1));
#2007=LINE('',#2006,#2005);
#2008=DIRECTION('',(-1.E0,0.E0,0.E0));
#2009=VECTOR('',#2008,1.05E0);
#2010=CARTESIAN_POINT('',(-1.15E0,3.75E0,-3.2E-1));
#2011=LINE('',#2010,#2009);
#2012=DIRECTION('',(1.E0,0.E0,0.E0));
#2013=VECTOR('',#2012,8.7E-1);
#2014=CARTESIAN_POINT('',(1.33E0,1.095E0,-3.2E-1));
#2015=LINE('',#2014,#2013);
#2016=DIRECTION('',(0.E0,0.E0,-1.E0));
#2017=VECTOR('',#2016,4.55E0);
#2018=CARTESIAN_POINT('',(2.2E0,1.095E0,4.23E0));
#2019=LINE('',#2018,#2017);
#2020=DIRECTION('',(0.E0,0.E0,-1.E0));
#2021=VECTOR('',#2020,6.E0);
#2022=CARTESIAN_POINT('',(2.36E0,1.095E0,4.23E0));
#2023=LINE('',#2022,#2021);
#2024=DIRECTION('',(0.E0,0.E0,-1.E0));
#2025=VECTOR('',#2024,4.55E0);
#2026=CARTESIAN_POINT('',(1.33E0,1.095E0,4.23E0));
#2027=LINE('',#2026,#2025);
#2028=DIRECTION('',(0.E0,0.E0,-1.E0));
#2029=VECTOR('',#2028,6.E0);
#2030=CARTESIAN_POINT('',(2.36E0,-1.095E0,4.23E0));
#2031=LINE('',#2030,#2029);
#2032=DIRECTION('',(0.E0,0.E0,-1.E0));
#2033=VECTOR('',#2032,6.E0);
#2034=CARTESIAN_POINT('',(1.4E-1,-1.095E0,4.23E0));
#2035=LINE('',#2034,#2033);
#2036=DIRECTION('',(0.E0,0.E0,-1.E0));
#2037=VECTOR('',#2036,6.E0);
#2038=CARTESIAN_POINT('',(1.4E-1,1.095E0,4.23E0));
#2039=LINE('',#2038,#2037);
#2040=DIRECTION('',(0.E0,-1.E0,0.E0));
#2041=VECTOR('',#2040,2.19E0);
#2042=CARTESIAN_POINT('',(1.4E-1,1.095E0,-1.77E0));
#2043=LINE('',#2042,#2041);
#2044=DIRECTION('',(-1.E0,0.E0,0.E0));
#2045=VECTOR('',#2044,2.22E0);
#2046=CARTESIAN_POINT('',(2.36E0,1.095E0,-1.77E0));
#2047=LINE('',#2046,#2045);
#2048=DIRECTION('',(0.E0,1.E0,0.E0));
#2049=VECTOR('',#2048,2.19E0);
#2050=CARTESIAN_POINT('',(2.36E0,-1.095E0,-1.77E0));
#2051=LINE('',#2050,#2049);
#2052=DIRECTION('',(1.E0,0.E0,0.E0));
#2053=VECTOR('',#2052,2.22E0);
#2054=CARTESIAN_POINT('',(1.4E-1,-1.095E0,-1.77E0));
#2055=LINE('',#2054,#2053);
#2056=DIRECTION('',(0.E0,1.E0,0.E0));
#2057=VECTOR('',#2056,6.35E-1);
#2058=CARTESIAN_POINT('',(9.325E-1,-3.175E-1,-1.77E0));
#2059=LINE('',#2058,#2057);
#2060=DIRECTION('',(1.E0,0.E0,0.E0));
#2061=VECTOR('',#2060,6.35E-1);
#2062=CARTESIAN_POINT('',(9.325E-1,-3.175E-1,-1.77E0));
#2063=LINE('',#2062,#2061);
#2064=DIRECTION('',(0.E0,1.E0,0.E0));
#2065=VECTOR('',#2064,6.35E-1);
#2066=CARTESIAN_POINT('',(1.5675E0,-3.175E-1,-1.77E0));
#2067=LINE('',#2066,#2065);
#2068=DIRECTION('',(1.E0,0.E0,0.E0));
#2069=VECTOR('',#2068,6.35E-1);
#2070=CARTESIAN_POINT('',(9.325E-1,3.175E-1,-1.77E0));
#2071=LINE('',#2070,#2069);
#2072=DIRECTION('',(0.E0,1.E0,0.E0));
#2073=VECTOR('',#2072,6.35E-1);
#2074=CARTESIAN_POINT('',(9.325E-1,-3.175E-1,2.22E0));
#2075=LINE('',#2074,#2073);
#2076=DIRECTION('',(0.E0,0.E0,-1.E0));
#2077=VECTOR('',#2076,3.99E0);
#2078=CARTESIAN_POINT('',(9.325E-1,-3.175E-1,2.22E0));
#2079=LINE('',#2078,#2077);
#2080=DIRECTION('',(0.E0,0.E0,1.E0));
#2081=VECTOR('',#2080,3.99E0);
#2082=CARTESIAN_POINT('',(9.325E-1,3.175E-1,-1.77E0));
#2083=LINE('',#2082,#2081);
#2084=DIRECTION('',(0.E0,-1.E0,0.E0));
#2085=VECTOR('',#2084,6.35E-1);
#2086=CARTESIAN_POINT('',(9.325E-1,3.175E-1,-7.48E0));
#2087=LINE('',#2086,#2085);
#2088=DIRECTION('',(0.E0,0.E0,1.E0));
#2089=VECTOR('',#2088,3.25E0);
#2090=CARTESIAN_POINT('',(9.325E-1,3.175E-1,-7.48E0));
#2091=LINE('',#2090,#2089);
#2092=DIRECTION('',(0.E0,0.E0,-1.E0));
#2093=VECTOR('',#2092,3.25E0);
#2094=CARTESIAN_POINT('',(9.325E-1,-3.175E-1,-4.23E0));
#2095=LINE('',#2094,#2093);
#2096=DIRECTION('',(-1.E0,0.E0,0.E0));
#2097=VECTOR('',#2096,3.35E-1);
#2098=CARTESIAN_POINT('',(1.4175E0,1.675E-1,2.77E0));
#2099=LINE('',#2098,#2097);
#2100=DIRECTION('',(0.E0,-1.E0,0.E0));
#2101=VECTOR('',#2100,3.35E-1);
#2102=CARTESIAN_POINT('',(1.4175E0,1.675E-1,2.77E0));
#2103=LINE('',#2102,#2101);
#2104=DIRECTION('',(-1.E0,0.E0,0.E0));
#2105=VECTOR('',#2104,3.35E-1);
#2106=CARTESIAN_POINT('',(1.4175E0,-1.675E-1,2.77E0));
#2107=LINE('',#2106,#2105);
#2108=DIRECTION('',(0.E0,1.E0,0.E0));
#2109=VECTOR('',#2108,3.35E-1);
#2110=CARTESIAN_POINT('',(1.0825E0,-1.675E-1,2.77E0));
#2111=LINE('',#2110,#2109);
#2112=DIRECTION('',(2.544566789040E-1,-2.544566789040E-1,9.330078226480E-1));
#2113=VECTOR('',#2112,5.894913061276E-1);
#2114=CARTESIAN_POINT('',(9.325E-1,3.175E-1,2.22E0));
#2115=LINE('',#2114,#2113);
#2116=DIRECTION('',(2.544566789040E-1,2.544566789040E-1,-9.330078226480E-1));
#2117=VECTOR('',#2116,5.894913061276E-1);
#2118=CARTESIAN_POINT('',(1.4175E0,1.675E-1,2.77E0));
#2119=LINE('',#2118,#2117);
#2120=DIRECTION('',(-1.E0,0.E0,0.E0));
#2121=VECTOR('',#2120,6.35E-1);
#2122=CARTESIAN_POINT('',(1.5675E0,3.175E-1,2.22E0));
#2123=LINE('',#2122,#2121);
#2124=DIRECTION('',(-1.E0,0.E0,0.E0));
#2125=VECTOR('',#2124,6.35E-1);
#2126=CARTESIAN_POINT('',(1.5675E0,3.175E-1,-7.48E0));
#2127=LINE('',#2126,#2125);
#2128=DIRECTION('',(0.E0,-1.E0,0.E0));
#2129=VECTOR('',#2128,6.35E-1);
#2130=CARTESIAN_POINT('',(1.5675E0,3.175E-1,2.22E0));
#2131=LINE('',#2130,#2129);
#2132=DIRECTION('',(0.E0,0.E0,1.E0));
#2133=VECTOR('',#2132,3.99E0);
#2134=CARTESIAN_POINT('',(1.5675E0,3.175E-1,-1.77E0));
#2135=LINE('',#2134,#2133);
#2136=DIRECTION('',(0.E0,0.E0,-1.E0));
#2137=VECTOR('',#2136,3.99E0);
#2138=CARTESIAN_POINT('',(1.5675E0,-3.175E-1,2.22E0));
#2139=LINE('',#2138,#2137);
#2140=DIRECTION('',(0.E0,1.E0,0.E0));
#2141=VECTOR('',#2140,6.35E-1);
#2142=CARTESIAN_POINT('',(1.5675E0,-3.175E-1,-7.48E0));
#2143=LINE('',#2142,#2141);
#2144=DIRECTION('',(0.E0,0.E0,-1.E0));
#2145=VECTOR('',#2144,3.25E0);
#2146=CARTESIAN_POINT('',(1.5675E0,-3.175E-1,-4.23E0));
#2147=LINE('',#2146,#2145);
#2148=DIRECTION('',(0.E0,0.E0,1.E0));
#2149=VECTOR('',#2148,3.25E0);
#2150=CARTESIAN_POINT('',(1.5675E0,3.175E-1,-7.48E0));
#2151=LINE('',#2150,#2149);
#2152=DIRECTION('',(-2.544566789040E-1,-2.544566789040E-1,-9.330078226480E-1));
#2153=VECTOR('',#2152,5.894913061276E-1);
#2154=CARTESIAN_POINT('',(1.0825E0,-1.675E-1,2.77E0));
#2155=LINE('',#2154,#2153);
#2156=DIRECTION('',(-2.544566789040E-1,2.544566789040E-1,9.330078226480E-1));
#2157=VECTOR('',#2156,5.894913061276E-1);
#2158=CARTESIAN_POINT('',(1.5675E0,-3.175E-1,2.22E0));
#2159=LINE('',#2158,#2157);
#2160=DIRECTION('',(-1.E0,0.E0,0.E0));
#2161=VECTOR('',#2160,6.35E-1);
#2162=CARTESIAN_POINT('',(1.5675E0,-3.175E-1,2.22E0));
#2163=LINE('',#2162,#2161);
#2164=DIRECTION('',(-1.E0,0.E0,0.E0));
#2165=VECTOR('',#2164,6.35E-1);
#2166=CARTESIAN_POINT('',(1.5675E0,-3.175E-1,-7.48E0));
#2167=LINE('',#2166,#2165);
#2168=DIRECTION('',(2.544566789040E-1,-2.544566789040E-1,9.330078226480E-1));
#2169=VECTOR('',#2168,5.894913061276E-1);
#2170=CARTESIAN_POINT('',(1.4175E0,-1.675E-1,-8.03E0));
#2171=LINE('',#2170,#2169);
#2172=DIRECTION('',(-1.E0,0.E0,0.E0));
#2173=VECTOR('',#2172,3.35E-1);
#2174=CARTESIAN_POINT('',(1.4175E0,1.675E-1,-8.03E0));
#2175=LINE('',#2174,#2173);
#2176=DIRECTION('',(0.E0,-1.E0,0.E0));
#2177=VECTOR('',#2176,3.35E-1);
#2178=CARTESIAN_POINT('',(1.0825E0,1.675E-1,-8.03E0));
#2179=LINE('',#2178,#2177);
#2180=DIRECTION('',(-1.E0,0.E0,0.E0));
#2181=VECTOR('',#2180,3.35E-1);
#2182=CARTESIAN_POINT('',(1.4175E0,-1.675E-1,-8.03E0));
#2183=LINE('',#2182,#2181);
#2184=DIRECTION('',(0.E0,1.E0,0.E0));
#2185=VECTOR('',#2184,3.35E-1);
#2186=CARTESIAN_POINT('',(1.4175E0,-1.675E-1,-8.03E0));
#2187=LINE('',#2186,#2185);
#2188=DIRECTION('',(-2.544566789040E-1,2.544566789040E-1,9.330078226480E-1));
#2189=VECTOR('',#2188,5.894913061276E-1);
#2190=CARTESIAN_POINT('',(1.0825E0,1.675E-1,-8.03E0));
#2191=LINE('',#2190,#2189);
#2192=DIRECTION('',(-2.544566789040E-1,-2.544566789040E-1,-9.330078226480E-1));
#2193=VECTOR('',#2192,5.894913061276E-1);
#2194=CARTESIAN_POINT('',(1.5675E0,3.175E-1,-7.48E0));
#2195=LINE('',#2194,#2193);
#2196=DIRECTION('',(-2.544566789040E-1,-2.544566789040E-1,9.330078226480E-1));
#2197=VECTOR('',#2196,5.894913061276E-1);
#2198=CARTESIAN_POINT('',(1.0825E0,-1.675E-1,-8.03E0));
#2199=LINE('',#2198,#2197);
#2200=DIRECTION('',(0.E0,0.E0,-1.E0));
#2201=VECTOR('',#2200,4.55E0);
#2202=CARTESIAN_POINT('',(1.33E0,1.37E0,4.23E0));
#2203=LINE('',#2202,#2201);
#2204=DIRECTION('',(0.E0,0.E0,-1.E0));
#2205=VECTOR('',#2204,4.55E0);
#2206=CARTESIAN_POINT('',(-1.33E0,1.37E0,4.23E0));
#2207=LINE('',#2206,#2205);
#2208=DIRECTION('',(-1.E0,0.E0,0.E0));
#2209=VECTOR('',#2208,8.7E-1);
#2210=CARTESIAN_POINT('',(-1.33E0,1.095E0,-3.2E-1));
#2211=LINE('',#2210,#2209);
#2212=DIRECTION('',(0.E0,0.E0,-1.E0));
#2213=VECTOR('',#2212,4.55E0);
#2214=CARTESIAN_POINT('',(-1.33E0,1.095E0,4.23E0));
#2215=LINE('',#2214,#2213);
#2216=DIRECTION('',(0.E0,0.E0,-1.E0));
#2217=VECTOR('',#2216,6.E0);
#2218=CARTESIAN_POINT('',(-1.4E-1,1.095E0,4.23E0));
#2219=LINE('',#2218,#2217);
#2220=DIRECTION('',(0.E0,0.E0,-1.E0));
#2221=VECTOR('',#2220,4.55E0);
#2222=CARTESIAN_POINT('',(-2.2E0,1.095E0,4.23E0));
#2223=LINE('',#2222,#2221);
#2224=DIRECTION('',(0.E0,0.E0,-1.E0));
#2225=VECTOR('',#2224,6.E0);
#2226=CARTESIAN_POINT('',(-1.4E-1,-1.095E0,4.23E0));
#2227=LINE('',#2226,#2225);
#2228=DIRECTION('',(0.E0,0.E0,-1.E0));
#2229=VECTOR('',#2228,6.E0);
#2230=CARTESIAN_POINT('',(-2.36E0,-1.095E0,4.23E0));
#2231=LINE('',#2230,#2229);
#2232=DIRECTION('',(0.E0,0.E0,-1.E0));
#2233=VECTOR('',#2232,6.E0);
#2234=CARTESIAN_POINT('',(-2.36E0,1.095E0,4.23E0));
#2235=LINE('',#2234,#2233);
#2236=DIRECTION('',(0.E0,-1.E0,0.E0));
#2237=VECTOR('',#2236,2.19E0);
#2238=CARTESIAN_POINT('',(-2.36E0,1.095E0,-1.77E0));
#2239=LINE('',#2238,#2237);
#2240=DIRECTION('',(-1.E0,0.E0,0.E0));
#2241=VECTOR('',#2240,2.22E0);
#2242=CARTESIAN_POINT('',(-1.4E-1,1.095E0,-1.77E0));
#2243=LINE('',#2242,#2241);
#2244=DIRECTION('',(0.E0,1.E0,0.E0));
#2245=VECTOR('',#2244,2.19E0);
#2246=CARTESIAN_POINT('',(-1.4E-1,-1.095E0,-1.77E0));
#2247=LINE('',#2246,#2245);
#2248=DIRECTION('',(1.E0,0.E0,0.E0));
#2249=VECTOR('',#2248,2.22E0);
#2250=CARTESIAN_POINT('',(-2.36E0,-1.095E0,-1.77E0));
#2251=LINE('',#2250,#2249);
#2252=DIRECTION('',(0.E0,1.E0,0.E0));
#2253=VECTOR('',#2252,6.35E-1);
#2254=CARTESIAN_POINT('',(-1.5675E0,-3.175E-1,-1.77E0));
#2255=LINE('',#2254,#2253);
#2256=DIRECTION('',(1.E0,0.E0,0.E0));
#2257=VECTOR('',#2256,6.35E-1);
#2258=CARTESIAN_POINT('',(-1.5675E0,-3.175E-1,-1.77E0));
#2259=LINE('',#2258,#2257);
#2260=DIRECTION('',(0.E0,1.E0,0.E0));
#2261=VECTOR('',#2260,6.35E-1);
#2262=CARTESIAN_POINT('',(-9.325E-1,-3.175E-1,-1.77E0));
#2263=LINE('',#2262,#2261);
#2264=DIRECTION('',(1.E0,0.E0,0.E0));
#2265=VECTOR('',#2264,6.35E-1);
#2266=CARTESIAN_POINT('',(-1.5675E0,3.175E-1,-1.77E0));
#2267=LINE('',#2266,#2265);
#2268=DIRECTION('',(0.E0,1.E0,0.E0));
#2269=VECTOR('',#2268,6.35E-1);
#2270=CARTESIAN_POINT('',(-1.5675E0,-3.175E-1,2.22E0));
#2271=LINE('',#2270,#2269);
#2272=DIRECTION('',(0.E0,0.E0,-1.E0));
#2273=VECTOR('',#2272,3.99E0);
#2274=CARTESIAN_POINT('',(-1.5675E0,-3.175E-1,2.22E0));
#2275=LINE('',#2274,#2273);
#2276=DIRECTION('',(0.E0,0.E0,1.E0));
#2277=VECTOR('',#2276,3.99E0);
#2278=CARTESIAN_POINT('',(-1.5675E0,3.175E-1,-1.77E0));
#2279=LINE('',#2278,#2277);
#2280=DIRECTION('',(0.E0,-1.E0,0.E0));
#2281=VECTOR('',#2280,6.35E-1);
#2282=CARTESIAN_POINT('',(-1.5675E0,3.175E-1,-7.48E0));
#2283=LINE('',#2282,#2281);
#2284=DIRECTION('',(0.E0,0.E0,1.E0));
#2285=VECTOR('',#2284,3.25E0);
#2286=CARTESIAN_POINT('',(-1.5675E0,3.175E-1,-7.48E0));
#2287=LINE('',#2286,#2285);
#2288=DIRECTION('',(0.E0,0.E0,-1.E0));
#2289=VECTOR('',#2288,3.25E0);
#2290=CARTESIAN_POINT('',(-1.5675E0,-3.175E-1,-4.23E0));
#2291=LINE('',#2290,#2289);
#2292=DIRECTION('',(-1.E0,0.E0,0.E0));
#2293=VECTOR('',#2292,3.35E-1);
#2294=CARTESIAN_POINT('',(-1.0825E0,1.675E-1,2.77E0));
#2295=LINE('',#2294,#2293);
#2296=DIRECTION('',(0.E0,-1.E0,0.E0));
#2297=VECTOR('',#2296,3.35E-1);
#2298=CARTESIAN_POINT('',(-1.0825E0,1.675E-1,2.77E0));
#2299=LINE('',#2298,#2297);
#2300=DIRECTION('',(-1.E0,0.E0,0.E0));
#2301=VECTOR('',#2300,3.35E-1);
#2302=CARTESIAN_POINT('',(-1.0825E0,-1.675E-1,2.77E0));
#2303=LINE('',#2302,#2301);
#2304=DIRECTION('',(0.E0,1.E0,0.E0));
#2305=VECTOR('',#2304,3.35E-1);
#2306=CARTESIAN_POINT('',(-1.4175E0,-1.675E-1,2.77E0));
#2307=LINE('',#2306,#2305);
#2308=DIRECTION('',(2.544566789040E-1,-2.544566789040E-1,9.330078226480E-1));
#2309=VECTOR('',#2308,5.894913061276E-1);
#2310=CARTESIAN_POINT('',(-1.5675E0,3.175E-1,2.22E0));
#2311=LINE('',#2310,#2309);
#2312=DIRECTION('',(2.544566789040E-1,2.544566789040E-1,-9.330078226480E-1));
#2313=VECTOR('',#2312,5.894913061276E-1);
#2314=CARTESIAN_POINT('',(-1.0825E0,1.675E-1,2.77E0));
#2315=LINE('',#2314,#2313);
#2316=DIRECTION('',(-1.E0,0.E0,0.E0));
#2317=VECTOR('',#2316,6.35E-1);
#2318=CARTESIAN_POINT('',(-9.325E-1,3.175E-1,2.22E0));
#2319=LINE('',#2318,#2317);
#2320=DIRECTION('',(-1.E0,0.E0,0.E0));
#2321=VECTOR('',#2320,6.35E-1);
#2322=CARTESIAN_POINT('',(-9.325E-1,3.175E-1,-7.48E0));
#2323=LINE('',#2322,#2321);
#2324=DIRECTION('',(0.E0,-1.E0,0.E0));
#2325=VECTOR('',#2324,6.35E-1);
#2326=CARTESIAN_POINT('',(-9.325E-1,3.175E-1,2.22E0));
#2327=LINE('',#2326,#2325);
#2328=DIRECTION('',(0.E0,0.E0,1.E0));
#2329=VECTOR('',#2328,3.99E0);
#2330=CARTESIAN_POINT('',(-9.325E-1,3.175E-1,-1.77E0));
#2331=LINE('',#2330,#2329);
#2332=DIRECTION('',(0.E0,0.E0,-1.E0));
#2333=VECTOR('',#2332,3.99E0);
#2334=CARTESIAN_POINT('',(-9.325E-1,-3.175E-1,2.22E0));
#2335=LINE('',#2334,#2333);
#2336=DIRECTION('',(0.E0,1.E0,0.E0));
#2337=VECTOR('',#2336,6.35E-1);
#2338=CARTESIAN_POINT('',(-9.325E-1,-3.175E-1,-7.48E0));
#2339=LINE('',#2338,#2337);
#2340=DIRECTION('',(0.E0,0.E0,-1.E0));
#2341=VECTOR('',#2340,3.25E0);
#2342=CARTESIAN_POINT('',(-9.325E-1,-3.175E-1,-4.23E0));
#2343=LINE('',#2342,#2341);
#2344=DIRECTION('',(0.E0,0.E0,1.E0));
#2345=VECTOR('',#2344,3.25E0);
#2346=CARTESIAN_POINT('',(-9.325E-1,3.175E-1,-7.48E0));
#2347=LINE('',#2346,#2345);
#2348=DIRECTION('',(-2.544566789040E-1,-2.544566789040E-1,-9.330078226480E-1));
#2349=VECTOR('',#2348,5.894913061276E-1);
#2350=CARTESIAN_POINT('',(-1.4175E0,-1.675E-1,2.77E0));
#2351=LINE('',#2350,#2349);
#2352=DIRECTION('',(-2.544566789040E-1,2.544566789040E-1,9.330078226480E-1));
#2353=VECTOR('',#2352,5.894913061276E-1);
#2354=CARTESIAN_POINT('',(-9.325E-1,-3.175E-1,2.22E0));
#2355=LINE('',#2354,#2353);
#2356=DIRECTION('',(-1.E0,0.E0,0.E0));
#2357=VECTOR('',#2356,6.35E-1);
#2358=CARTESIAN_POINT('',(-9.325E-1,-3.175E-1,2.22E0));
#2359=LINE('',#2358,#2357);
#2360=DIRECTION('',(-1.E0,0.E0,0.E0));
#2361=VECTOR('',#2360,6.35E-1);
#2362=CARTESIAN_POINT('',(-9.325E-1,-3.175E-1,-7.48E0));
#2363=LINE('',#2362,#2361);
#2364=DIRECTION('',(2.544566789040E-1,-2.544566789040E-1,9.330078226480E-1));
#2365=VECTOR('',#2364,5.894913061276E-1);
#2366=CARTESIAN_POINT('',(-1.0825E0,-1.675E-1,-8.03E0));
#2367=LINE('',#2366,#2365);
#2368=DIRECTION('',(-1.E0,0.E0,0.E0));
#2369=VECTOR('',#2368,3.35E-1);
#2370=CARTESIAN_POINT('',(-1.0825E0,1.675E-1,-8.03E0));
#2371=LINE('',#2370,#2369);
#2372=DIRECTION('',(0.E0,-1.E0,0.E0));
#2373=VECTOR('',#2372,3.35E-1);
#2374=CARTESIAN_POINT('',(-1.4175E0,1.675E-1,-8.03E0));
#2375=LINE('',#2374,#2373);
#2376=DIRECTION('',(-1.E0,0.E0,0.E0));
#2377=VECTOR('',#2376,3.35E-1);
#2378=CARTESIAN_POINT('',(-1.0825E0,-1.675E-1,-8.03E0));
#2379=LINE('',#2378,#2377);
#2380=DIRECTION('',(0.E0,1.E0,0.E0));
#2381=VECTOR('',#2380,3.35E-1);
#2382=CARTESIAN_POINT('',(-1.0825E0,-1.675E-1,-8.03E0));
#2383=LINE('',#2382,#2381);
#2384=DIRECTION('',(-2.544566789040E-1,2.544566789040E-1,9.330078226480E-1));
#2385=VECTOR('',#2384,5.894913061276E-1);
#2386=CARTESIAN_POINT('',(-1.4175E0,1.675E-1,-8.03E0));
#2387=LINE('',#2386,#2385);
#2388=DIRECTION('',(-2.544566789040E-1,-2.544566789040E-1,-9.330078226480E-1));
#2389=VECTOR('',#2388,5.894913061276E-1);
#2390=CARTESIAN_POINT('',(-9.325E-1,3.175E-1,-7.48E0));
#2391=LINE('',#2390,#2389);
#2392=DIRECTION('',(-2.544566789040E-1,-2.544566789040E-1,9.330078226480E-1));
#2393=VECTOR('',#2392,5.894913061276E-1);
#2394=CARTESIAN_POINT('',(-1.4175E0,-1.675E-1,-8.03E0));
#2395=LINE('',#2394,#2393);
#2396=CARTESIAN_POINT('',(-1.672509808937E-7,1.740000092609E0,
-5.830000018331E0));
#2397=CARTESIAN_POINT('',(-1.809949780038E-2,1.740000092609E0,
-5.830000018331E0));
#2398=CARTESIAN_POINT('',(-5.379907062200E-2,1.739999957023E0,
-5.822630370983E0));
#2399=CARTESIAN_POINT('',(-1.062021617072E-1,1.740000011504E0,
-5.791422132216E0));
#2400=CARTESIAN_POINT('',(-1.564759235607E-1,1.739999996959E0,
-5.743866385594E0));
#2401=CARTESIAN_POINT('',(-2.043996643725E-1,1.740000000659E0,
-5.684378053778E0));
#2402=CARTESIAN_POINT('',(-2.515623892719E-1,1.740000000404E0,
-5.614092261348E0));
#2403=CARTESIAN_POINT('',(-2.987262146696E-1,1.739999997725E0,
-5.533733952517E0));
#2404=CARTESIAN_POINT('',(-3.466119316434E-1,1.740000008696E0,
-5.443418991621E0));
#2405=CARTESIAN_POINT('',(-3.958158739958E-1,1.739999967489E0,
-5.342922488657E0));
#2406=CARTESIAN_POINT('',(-4.298634165477E-1,1.740000070060E0,
-5.268796365098E0));
#2407=CARTESIAN_POINT('',(-4.472136734278E-1,1.740000070060E0,
-5.230000035841E0));
#2409=CARTESIAN_POINT('',(4.472136321536E-1,1.740000032785E0,
-5.230000016395E0));
#2410=CARTESIAN_POINT('',(4.298939732550E-1,1.740000032785E0,
-5.268727948216E0));
#2411=CARTESIAN_POINT('',(3.959028345727E-1,1.739999984789E0,
-5.342734579409E0));
#2412=CARTESIAN_POINT('',(3.467677590949E-1,1.740000004061E0,
-5.443108104261E0));
#2413=CARTESIAN_POINT('',(2.989412703498E-1,1.739999998967E0,
-5.533344169643E0));
#2414=CARTESIAN_POINT('',(2.518265003662E-1,1.740000000071E0,
-5.613661267970E0));
#2415=CARTESIAN_POINT('',(2.047425223369E-1,1.740000000748E0,
-5.683911273749E0));
#2416=CARTESIAN_POINT('',(1.567830582654E-1,1.739999996935E0,
-5.743511749119E0));
#2417=CARTESIAN_POINT('',(1.067257728978E-1,1.740000011511E0,
-5.791020991977E0));
#2418=CARTESIAN_POINT('',(5.399102487164E-2,1.739999957022E0,
-5.822596905591E0));
#2419=CARTESIAN_POINT('',(1.817239351443E-2,1.740000092609E0,
-5.830000018331E0));
#2420=CARTESIAN_POINT('',(-1.672509808937E-7,1.740000092609E0,
-5.830000018331E0));
#2422=DIRECTION('',(-1.E0,0.E0,0.E0));
#2423=VECTOR('',#2422,9.222786404500E0);
#2424=CARTESIAN_POINT('',(9.67E0,1.74E0,-4.23E0));
#2425=LINE('',#2424,#2423);
#2426=DIRECTION('',(0.E0,0.E0,-1.E0));
#2427=VECTOR('',#2426,6.E-1);
#2428=CARTESIAN_POINT('',(9.67E0,1.74E0,-4.23E0));
#2429=LINE('',#2428,#2427);
#2430=DIRECTION('',(0.E0,0.E0,1.E0));
#2431=VECTOR('',#2430,9.06E0);
#2432=CARTESIAN_POINT('',(1.047E1,1.74E0,-4.83E0));
#2433=LINE('',#2432,#2431);
#2434=DIRECTION('',(1.E0,0.E0,0.E0));
#2435=VECTOR('',#2434,7.87E0);
#2436=CARTESIAN_POINT('',(2.6E0,1.74E0,4.23E0));
#2437=LINE('',#2436,#2435);
#2438=DIRECTION('',(0.E0,0.E0,-1.E0));
#2439=VECTOR('',#2438,4.75E0);
#2440=CARTESIAN_POINT('',(2.6E0,1.74E0,4.23E0));
#2441=LINE('',#2440,#2439);
#2442=DIRECTION('',(1.E0,0.E0,0.E0));
#2443=VECTOR('',#2442,4.7E0);
#2444=CARTESIAN_POINT('',(-2.35E0,1.74E0,-7.7E-1));
#2445=LINE('',#2444,#2443);
#2446=DIRECTION('',(0.E0,0.E0,-1.E0));
#2447=VECTOR('',#2446,4.75E0);
#2448=CARTESIAN_POINT('',(-2.6E0,1.74E0,4.23E0));
#2449=LINE('',#2448,#2447);
#2450=DIRECTION('',(1.E0,0.E0,0.E0));
#2451=VECTOR('',#2450,7.87E0);
#2452=CARTESIAN_POINT('',(-1.047E1,1.74E0,4.23E0));
#2453=LINE('',#2452,#2451);
#2454=DIRECTION('',(-1.E0,0.E0,0.E0));
#2455=VECTOR('',#2454,9.222786404500E0);
#2456=CARTESIAN_POINT('',(-4.472135955E-1,1.74E0,-4.23E0));
#2457=LINE('',#2456,#2455);
#2458=DIRECTION('',(-7.792782040135E-8,7.006024020734E-8,-1.E0));
#2459=VECTOR('',#2458,1.000000035841E0);
#2460=CARTESIAN_POINT('',(-4.472135955E-1,1.74E0,-4.23E0));
#2461=LINE('',#2460,#2459);
#2462=CARTESIAN_POINT('',(0.E0,1.34E0,-5.230000322725E0));
#2463=DIRECTION('',(0.E0,0.E0,-1.E0));
#2464=DIRECTION('',(1.054637961549E-4,-9.999999944387E-1,0.E0));
#2465=AXIS2_PLACEMENT_3D('',#2462,#2463,#2464);
#2467=DIRECTION('',(3.665363313834E-8,3.278510342747E-8,-1.E0));
#2468=VECTOR('',#2467,1.000000016395E0);
#2469=CARTESIAN_POINT('',(4.472135955E-1,1.74E0,-4.23E0));
#2470=LINE('',#2469,#2468);
#2471=CARTESIAN_POINT('',(0.E0,1.34E0,-5.229999677307E0));
#2472=DIRECTION('',(0.E0,0.E0,-1.E0));
#2473=DIRECTION('',(7.453559924999E-1,6.666666666667E-1,0.E0));
#2474=AXIS2_PLACEMENT_3D('',#2471,#2472,#2473);
#2476=DIRECTION('',(3.359205060580E-5,-3.162279629543E-1,9.486832318099E-1));
#2477=VECTOR('',#2476,6.324555982742E-1);
#2478=CARTESIAN_POINT('',(4.203276170064E-5,9.400003030798E-1,
-5.829999969533E0));
#2479=LINE('',#2478,#2477);
#2480=CARTESIAN_POINT('',(-3.856957207747E-7,1.340000247743E0,-5.83E0));
#2481=DIRECTION('',(0.E0,0.E0,-1.E0));
#2482=DIRECTION('',(1.060461839663E-4,-9.999999943771E-1,0.E0));
#2483=AXIS2_PLACEMENT_3D('',#2480,#2481,#2482);
#2485=CARTESIAN_POINT('',(-1.557795177014E-7,1.340000266367E0,-5.83E0));
#2486=DIRECTION('',(0.E0,0.E0,-1.E0));
#2487=DIRECTION('',(7.469023578254E-7,9.999999999997E-1,0.E0));
#2488=AXIS2_PLACEMENT_3D('',#2485,#2486,#2487);
#2490=DIRECTION('',(0.E0,0.E0,-1.E0));
#2491=VECTOR('',#2490,6.E-1);
#2492=CARTESIAN_POINT('',(9.67E0,1.14E0,-4.23E0));
#2493=LINE('',#2492,#2491);
#2494=DIRECTION('',(0.E0,0.E0,-1.E0));
#2495=VECTOR('',#2494,6.E-1);
#2496=CARTESIAN_POINT('',(1.047E1,1.14E0,-4.23E0));
#2497=LINE('',#2496,#2495);
#2498=DIRECTION('',(0.E0,0.E0,-1.E0));
#2499=VECTOR('',#2498,6.E-1);
#2500=CARTESIAN_POINT('',(1.047E1,-1.14E0,-4.23E0));
#2501=LINE('',#2500,#2499);
#2502=DIRECTION('',(0.E0,1.E0,0.E0));
#2503=VECTOR('',#2502,3.48E0);
#2504=CARTESIAN_POINT('',(1.047E1,-1.74E0,4.23E0));
#2505=LINE('',#2504,#2503);
#2506=DIRECTION('',(0.E0,0.E0,-1.E0));
#2507=VECTOR('',#2506,6.E-1);
#2508=CARTESIAN_POINT('',(9.67E0,-1.14E0,-4.23E0));
#2509=LINE('',#2508,#2507);
#2510=DIRECTION('',(0.E0,0.E0,-1.E0));
#2511=VECTOR('',#2510,6.E-1);
#2512=CARTESIAN_POINT('',(9.67E0,-1.74E0,-4.23E0));
#2513=LINE('',#2512,#2511);
#2514=DIRECTION('',(0.E0,-1.E0,0.E0));
#2515=VECTOR('',#2514,6.E-1);
#2516=CARTESIAN_POINT('',(1.047E1,1.74E0,-4.83E0));
#2517=LINE('',#2516,#2515);
#2518=DIRECTION('',(1.E0,0.E0,0.E0));
#2519=VECTOR('',#2518,8.E-1);
#2520=CARTESIAN_POINT('',(9.67E0,1.74E0,-4.83E0));
#2521=LINE('',#2520,#2519);
#2522=DIRECTION('',(0.E0,1.E0,0.E0));
#2523=VECTOR('',#2522,6.E-1);
#2524=CARTESIAN_POINT('',(9.67E0,1.14E0,-4.83E0));
#2525=LINE('',#2524,#2523);
#2526=DIRECTION('',(-1.E0,0.E0,0.E0));
#2527=VECTOR('',#2526,8.E-1);
#2528=CARTESIAN_POINT('',(1.047E1,1.14E0,-4.83E0));
#2529=LINE('',#2528,#2527);
#2530=DIRECTION('',(-1.E0,0.E0,0.E0));
#2531=VECTOR('',#2530,8.E-1);
#2532=CARTESIAN_POINT('',(1.047E1,-1.74E0,-4.83E0));
#2533=LINE('',#2532,#2531);
#2534=DIRECTION('',(0.E0,-1.E0,0.E0));
#2535=VECTOR('',#2534,6.E-1);
#2536=CARTESIAN_POINT('',(1.047E1,-1.14E0,-4.83E0));
#2537=LINE('',#2536,#2535);
#2538=DIRECTION('',(1.E0,0.E0,0.E0));
#2539=VECTOR('',#2538,8.E-1);
#2540=CARTESIAN_POINT('',(9.67E0,-1.14E0,-4.83E0));
#2541=LINE('',#2540,#2539);
#2542=DIRECTION('',(0.E0,1.E0,0.E0));
#2543=VECTOR('',#2542,6.E-1);
#2544=CARTESIAN_POINT('',(9.67E0,-1.74E0,-4.83E0));
#2545=LINE('',#2544,#2543);
#2546=DIRECTION('',(1.E0,0.E0,0.E0));
#2547=VECTOR('',#2546,8.E-1);
#2548=CARTESIAN_POINT('',(-1.047E1,1.74E0,-4.83E0));
#2549=LINE('',#2548,#2547);
#2550=DIRECTION('',(0.E0,1.E0,0.E0));
#2551=VECTOR('',#2550,6.E-1);
#2552=CARTESIAN_POINT('',(-1.047E1,1.14E0,-4.83E0));
#2553=LINE('',#2552,#2551);
#2554=DIRECTION('',(-1.E0,0.E0,0.E0));
#2555=VECTOR('',#2554,8.E-1);
#2556=CARTESIAN_POINT('',(-9.67E0,1.14E0,-4.83E0));
#2557=LINE('',#2556,#2555);
#2558=DIRECTION('',(0.E0,-1.E0,0.E0));
#2559=VECTOR('',#2558,6.E-1);
#2560=CARTESIAN_POINT('',(-9.67E0,1.74E0,-4.83E0));
#2561=LINE('',#2560,#2559);
#2562=DIRECTION('',(0.E0,1.E0,0.E0));
#2563=VECTOR('',#2562,6.E-1);
#2564=CARTESIAN_POINT('',(-1.047E1,-1.74E0,-4.83E0));
#2565=LINE('',#2564,#2563);
#2566=DIRECTION('',(-1.E0,0.E0,0.E0));
#2567=VECTOR('',#2566,8.E-1);
#2568=CARTESIAN_POINT('',(-9.67E0,-1.74E0,-4.83E0));
#2569=LINE('',#2568,#2567);
#2570=DIRECTION('',(0.E0,-1.E0,0.E0));
#2571=VECTOR('',#2570,6.E-1);
#2572=CARTESIAN_POINT('',(-9.67E0,-1.14E0,-4.83E0));
#2573=LINE('',#2572,#2571);
#2574=DIRECTION('',(1.E0,0.E0,0.E0));
#2575=VECTOR('',#2574,8.E-1);
#2576=CARTESIAN_POINT('',(-1.047E1,-1.14E0,-4.83E0));
#2577=LINE('',#2576,#2575);
#2578=DIRECTION('',(0.E0,0.E0,-1.E0));
#2579=VECTOR('',#2578,9.06E0);
#2580=CARTESIAN_POINT('',(-1.047E1,-1.74E0,4.23E0));
#2581=LINE('',#2580,#2579);
#2582=DIRECTION('',(0.E0,1.E0,0.E0));
#2583=VECTOR('',#2582,2.28E0);
#2584=CARTESIAN_POINT('',(-1.047E1,-1.14E0,-4.23E0));
#2585=LINE('',#2584,#2583);
#2586=DIRECTION('',(0.E0,0.E0,-1.E0));
#2587=VECTOR('',#2586,6.E-1);
#2588=CARTESIAN_POINT('',(-1.047E1,1.14E0,-4.23E0));
#2589=LINE('',#2588,#2587);
#2590=DIRECTION('',(0.E0,0.E0,1.E0));
#2591=VECTOR('',#2590,9.06E0);
#2592=CARTESIAN_POINT('',(-1.047E1,1.74E0,-4.83E0));
#2593=LINE('',#2592,#2591);
#2594=DIRECTION('',(0.E0,0.E0,-1.E0));
#2595=VECTOR('',#2594,6.E-1);
#2596=CARTESIAN_POINT('',(-1.047E1,-1.14E0,-4.23E0));
#2597=LINE('',#2596,#2595);
#2598=DIRECTION('',(0.E0,0.E0,-1.E0));
#2599=VECTOR('',#2598,6.E-1);
#2600=CARTESIAN_POINT('',(-9.67E0,-1.14E0,-4.23E0));
#2601=LINE('',#2600,#2599);
#2602=DIRECTION('',(0.E0,0.E0,-1.E0));
#2603=VECTOR('',#2602,6.E-1);
#2604=CARTESIAN_POINT('',(-9.67E0,1.14E0,-4.23E0));
#2605=LINE('',#2604,#2603);
#2606=DIRECTION('',(0.E0,0.E0,-1.E0));
#2607=VECTOR('',#2606,6.E-1);
#2608=CARTESIAN_POINT('',(-9.67E0,1.74E0,-4.23E0));
#2609=LINE('',#2608,#2607);
#2610=DIRECTION('',(-1.E0,0.E0,0.E0));
#2611=VECTOR('',#2610,6.35E-1);
#2612=CARTESIAN_POINT('',(9.0675E0,-3.175E-1,2.22E0));
#2613=LINE('',#2612,#2611);
#2614=DIRECTION('',(0.E0,0.E0,-1.E0));
#2615=VECTOR('',#2614,5.564091640801E-1);
#2616=CARTESIAN_POINT('',(9.0675E0,-3.175E-1,-4.23E0));
#2617=LINE('',#2616,#2615);
#2618=DIRECTION('',(0.E0,0.E0,1.E0));
#2619=VECTOR('',#2618,5.564091640801E-1);
#2620=CARTESIAN_POINT('',(8.4325E0,-3.175E-1,-4.786409164080E0));
#2621=LINE('',#2620,#2619);
#2622=DIRECTION('',(0.E0,0.E0,1.E0));
#2623=VECTOR('',#2622,4.064091640801E-1);
#2624=CARTESIAN_POINT('',(8.4325E0,-3.175E-1,-7.48E0));
#2625=LINE('',#2624,#2623);
#2626=DIRECTION('',(1.E0,0.E0,0.E0));
#2627=VECTOR('',#2626,6.35E-1);
#2628=CARTESIAN_POINT('',(8.4325E0,-3.175E-1,-7.073590835920E0));
#2629=LINE('',#2628,#2627);
#2630=DIRECTION('',(0.E0,0.E0,-1.E0));
#2631=VECTOR('',#2630,4.064091640801E-1);
#2632=CARTESIAN_POINT('',(9.0675E0,-3.175E-1,-7.073590835920E0));
#2633=LINE('',#2632,#2631);
#2634=DIRECTION('',(-1.E0,0.E0,0.E0));
#2635=VECTOR('',#2634,6.35E-1);
#2636=CARTESIAN_POINT('',(9.0675E0,-3.175E-1,-7.48E0));
#2637=LINE('',#2636,#2635);
#2638=DIRECTION('',(-2.544566789040E-1,-2.544566789040E-1,-9.330078226480E-1));
#2639=VECTOR('',#2638,5.894913061276E-1);
#2640=CARTESIAN_POINT('',(8.5825E0,-1.675E-1,2.77E0));
#2641=LINE('',#2640,#2639);
#2642=DIRECTION('',(-2.544566789040E-1,2.544566789040E-1,9.330078226480E-1));
#2643=VECTOR('',#2642,5.894913061276E-1);
#2644=CARTESIAN_POINT('',(9.0675E0,-3.175E-1,2.22E0));
#2645=LINE('',#2644,#2643);
#2646=DIRECTION('',(0.E0,-1.E0,0.E0));
#2647=VECTOR('',#2646,6.35E-1);
#2648=CARTESIAN_POINT('',(9.0675E0,3.175E-1,2.22E0));
#2649=LINE('',#2648,#2647);
#2650=DIRECTION('',(0.E0,0.E0,1.E0));
#2651=VECTOR('',#2650,3.99E0);
#2652=CARTESIAN_POINT('',(9.0675E0,3.175E-1,-1.77E0));
#2653=LINE('',#2652,#2651);
#2654=DIRECTION('',(0.E0,0.E0,-1.E0));
#2655=VECTOR('',#2654,3.99E0);
#2656=CARTESIAN_POINT('',(9.0675E0,-3.175E-1,2.22E0));
#2657=LINE('',#2656,#2655);
#2658=CARTESIAN_POINT('',(9.0675E0,-1.3225E0,-4.786409164080E0));
#2659=DIRECTION('',(1.E0,0.E0,0.E0));
#2660=DIRECTION('',(0.E0,9.017013232514E-1,-4.323594842797E-1));
#2661=AXIS2_PLACEMENT_3D('',#2658,#2659,#2660);
#2663=CARTESIAN_POINT('',(9.0675E0,1.0625E0,-5.93E0));
#2664=DIRECTION('',(-1.E0,0.E0,0.E0));
#2665=DIRECTION('',(0.E0,-9.017013232514E-1,-4.323594842797E-1));
#2666=AXIS2_PLACEMENT_3D('',#2663,#2664,#2665);
#2668=CARTESIAN_POINT('',(9.0675E0,-1.3225E0,-7.073590835920E0));
#2669=DIRECTION('',(1.E0,0.E0,0.E0));
#2670=DIRECTION('',(0.E0,1.E0,0.E0));
#2671=AXIS2_PLACEMENT_3D('',#2668,#2669,#2670);
#2673=DIRECTION('',(0.E0,1.E0,0.E0));
#2674=VECTOR('',#2673,6.35E-1);
#2675=CARTESIAN_POINT('',(9.0675E0,-3.175E-1,-7.48E0));
#2676=LINE('',#2675,#2674);
#2677=CARTESIAN_POINT('',(9.0675E0,-1.3225E0,-7.073590835920E0));
#2678=DIRECTION('',(-1.E0,0.E0,0.E0));
#2679=DIRECTION('',(0.E0,9.017013232514E-1,4.323594842797E-1));
#2680=AXIS2_PLACEMENT_3D('',#2677,#2678,#2679);
#2682=CARTESIAN_POINT('',(9.0675E0,1.0625E0,-5.93E0));
#2683=DIRECTION('',(1.E0,0.E0,0.E0));
#2684=DIRECTION('',(0.E0,-9.017013232514E-1,4.323594842797E-1));
#2685=AXIS2_PLACEMENT_3D('',#2682,#2683,#2684);
#2687=CARTESIAN_POINT('',(9.0675E0,-1.3225E0,-4.786409164080E0));
#2688=DIRECTION('',(-1.E0,0.E0,0.E0));
#2689=DIRECTION('',(0.E0,1.E0,0.E0));
#2690=AXIS2_PLACEMENT_3D('',#2687,#2688,#2689);
#2692=DIRECTION('',(1.E0,0.E0,0.E0));
#2693=VECTOR('',#2692,6.35E-1);
#2694=CARTESIAN_POINT('',(8.4325E0,1.562901701323E-1,-5.495478718299E0));
#2695=LINE('',#2694,#2693);
#2696=DIRECTION('',(1.E0,0.E0,0.E0));
#2697=VECTOR('',#2696,6.35E-1);
#2698=CARTESIAN_POINT('',(8.4325E0,1.562901701323E-1,-6.364521281701E0));
#2699=LINE('',#2698,#2697);
#2700=DIRECTION('',(1.E0,0.E0,0.E0));
#2701=VECTOR('',#2700,6.35E-1);
#2702=CARTESIAN_POINT('',(8.4325E0,3.175E-1,-7.073590835920E0));
#2703=LINE('',#2702,#2701);
#2704=DIRECTION('',(-1.E0,0.E0,0.E0));
#2705=VECTOR('',#2704,3.35E-1);
#2706=CARTESIAN_POINT('',(8.9175E0,1.675E-1,-8.03E0));
#2707=LINE('',#2706,#2705);
#2708=DIRECTION('',(0.E0,-1.E0,0.E0));
#2709=VECTOR('',#2708,3.35E-1);
#2710=CARTESIAN_POINT('',(8.5825E0,1.675E-1,-8.03E0));
#2711=LINE('',#2710,#2709);
#2712=DIRECTION('',(-1.E0,0.E0,0.E0));
#2713=VECTOR('',#2712,3.35E-1);
#2714=CARTESIAN_POINT('',(8.9175E0,-1.675E-1,-8.03E0));
#2715=LINE('',#2714,#2713);
#2716=DIRECTION('',(0.E0,1.E0,0.E0));
#2717=VECTOR('',#2716,3.35E-1);
#2718=CARTESIAN_POINT('',(8.9175E0,-1.675E-1,-8.03E0));
#2719=LINE('',#2718,#2717);
#2720=DIRECTION('',(-2.544566789040E-1,2.544566789040E-1,9.330078226480E-1));
#2721=VECTOR('',#2720,5.894913061276E-1);
#2722=CARTESIAN_POINT('',(8.5825E0,1.675E-1,-8.03E0));
#2723=LINE('',#2722,#2721);
#2724=DIRECTION('',(-2.544566789040E-1,-2.544566789040E-1,-9.330078226480E-1));
#2725=VECTOR('',#2724,5.894913061276E-1);
#2726=CARTESIAN_POINT('',(9.0675E0,3.175E-1,-7.48E0));
#2727=LINE('',#2726,#2725);
#2728=DIRECTION('',(-2.544566789040E-1,-2.544566789040E-1,9.330078226480E-1));
#2729=VECTOR('',#2728,5.894913061276E-1);
#2730=CARTESIAN_POINT('',(8.5825E0,-1.675E-1,-8.03E0));
#2731=LINE('',#2730,#2729);
#2732=DIRECTION('',(2.544566789040E-1,-2.544566789040E-1,9.330078226480E-1));
#2733=VECTOR('',#2732,5.894913061276E-1);
#2734=CARTESIAN_POINT('',(8.9175E0,-1.675E-1,-8.03E0));
#2735=LINE('',#2734,#2733);
#2736=DIRECTION('',(1.E0,0.E0,0.E0));
#2737=VECTOR('',#2736,6.35E-1);
#2738=CARTESIAN_POINT('',(8.4325E0,-4.162901701323E-1,-6.639069554219E0));
#2739=LINE('',#2738,#2737);
#2740=DIRECTION('',(1.E0,0.E0,0.E0));
#2741=VECTOR('',#2740,6.35E-1);
#2742=CARTESIAN_POINT('',(8.4325E0,-4.162901701323E-1,-5.220930445781E0));
#2743=LINE('',#2742,#2741);
#2744=DIRECTION('',(1.E0,0.E0,0.E0));
#2745=VECTOR('',#2744,6.35E-1);
#2746=CARTESIAN_POINT('',(8.4325E0,-3.175E-1,-4.786409164080E0));
#2747=LINE('',#2746,#2745);
#2748=CARTESIAN_POINT('',(-1.047E1,-1.74E0,4.23E0));
#2749=CARTESIAN_POINT('',(1.047E1,-1.74E0,4.23E0));
#2750=VERTEX_POINT('',#2748);
#2751=VERTEX_POINT('',#2749);
#2752=CARTESIAN_POINT('',(-1.047E1,1.74E0,4.23E0));
#2753=VERTEX_POINT('',#2752);
#2754=CARTESIAN_POINT('',(1.047E1,1.74E0,4.23E0));
#2755=VERTEX_POINT('',#2754);
#2756=CARTESIAN_POINT('',(-2.6E0,4.02E0,5.68E0));
#2757=CARTESIAN_POINT('',(-2.6E0,2.56E0,4.23E0));
#2758=VERTEX_POINT('',#2756);
#2759=VERTEX_POINT('',#2757);
#2760=CARTESIAN_POINT('',(2.6E0,4.02E0,5.68E0));
#2761=CARTESIAN_POINT('',(2.6E0,2.56E0,4.23E0));
#2762=VERTEX_POINT('',#2760);
#2763=VERTEX_POINT('',#2761);
#2764=CARTESIAN_POINT('',(-2.6E0,1.74E0,4.23E0));
#2765=VERTEX_POINT('',#2764);
#2766=CARTESIAN_POINT('',(2.6E0,1.74E0,4.23E0));
#2767=VERTEX_POINT('',#2766);
#2768=CARTESIAN_POINT('',(1.047E1,1.74E0,-4.83E0));
#2769=CARTESIAN_POINT('',(1.047E1,1.14E0,-4.83E0));
#2770=VERTEX_POINT('',#2768);
#2771=VERTEX_POINT('',#2769);
#2772=CARTESIAN_POINT('',(9.67E0,1.14E0,-4.83E0));
#2773=VERTEX_POINT('',#2772);
#2774=CARTESIAN_POINT('',(9.67E0,1.74E0,-4.83E0));
#2775=VERTEX_POINT('',#2774);
#2776=CARTESIAN_POINT('',(1.047E1,-1.74E0,-4.83E0));
#2777=CARTESIAN_POINT('',(9.67E0,-1.74E0,-4.83E0));
#2778=VERTEX_POINT('',#2776);
#2779=VERTEX_POINT('',#2777);
#2780=CARTESIAN_POINT('',(9.67E0,-1.14E0,-4.83E0));
#2781=VERTEX_POINT('',#2780);
#2782=CARTESIAN_POINT('',(1.047E1,-1.14E0,-4.83E0));
#2783=VERTEX_POINT('',#2782);
#2784=CARTESIAN_POINT('',(-1.047E1,1.74E0,-4.83E0));
#2785=CARTESIAN_POINT('',(-9.67E0,1.74E0,-4.83E0));
#2786=VERTEX_POINT('',#2784);
#2787=VERTEX_POINT('',#2785);
#2788=CARTESIAN_POINT('',(-9.67E0,1.14E0,-4.83E0));
#2789=VERTEX_POINT('',#2788);
#2790=CARTESIAN_POINT('',(-1.047E1,1.14E0,-4.83E0));
#2791=VERTEX_POINT('',#2790);
#2792=CARTESIAN_POINT('',(-1.047E1,-1.74E0,-4.83E0));
#2793=CARTESIAN_POINT('',(-1.047E1,-1.14E0,-4.83E0));
#2794=VERTEX_POINT('',#2792);
#2795=VERTEX_POINT('',#2793);
#2796=CARTESIAN_POINT('',(-9.67E0,-1.14E0,-4.83E0));
#2797=VERTEX_POINT('',#2796);
#2798=CARTESIAN_POINT('',(-9.67E0,-1.74E0,-4.83E0));
#2799=VERTEX_POINT('',#2798);
#2800=CARTESIAN_POINT('',(1.047E1,1.14E0,-4.23E0));
#2801=CARTESIAN_POINT('',(9.67E0,1.14E0,-4.23E0));
#2802=VERTEX_POINT('',#2800);
#2803=VERTEX_POINT('',#2801);
#2804=CARTESIAN_POINT('',(9.67E0,1.74E0,-4.23E0));
#2805=VERTEX_POINT('',#2804);
#2806=CARTESIAN_POINT('',(9.67E0,-1.74E0,-4.23E0));
#2807=CARTESIAN_POINT('',(9.67E0,-1.14E0,-4.23E0));
#2808=VERTEX_POINT('',#2806);
#2809=VERTEX_POINT('',#2807);
#2810=CARTESIAN_POINT('',(1.047E1,-1.14E0,-4.23E0));
#2811=VERTEX_POINT('',#2810);
#2812=CARTESIAN_POINT('',(-9.67E0,1.74E0,-4.23E0));
#2813=CARTESIAN_POINT('',(-9.67E0,1.14E0,-4.23E0));
#2814=VERTEX_POINT('',#2812);
#2815=VERTEX_POINT('',#2813);
#2816=CARTESIAN_POINT('',(-1.047E1,1.14E0,-4.23E0));
#2817=VERTEX_POINT('',#2816);
#2818=CARTESIAN_POINT('',(-1.047E1,-1.14E0,-4.23E0));
#2819=CARTESIAN_POINT('',(-9.67E0,-1.14E0,-4.23E0));
#2820=VERTEX_POINT('',#2818);
#2821=VERTEX_POINT('',#2819);
#2822=CARTESIAN_POINT('',(-9.67E0,-1.74E0,-4.23E0));
#2823=VERTEX_POINT('',#2822);
#2824=CARTESIAN_POINT('',(7.64E0,1.095E0,-1.77E0));
#2825=CARTESIAN_POINT('',(7.64E0,-1.095E0,-1.77E0));
#2826=VERTEX_POINT('',#2824);
#2827=VERTEX_POINT('',#2825);
#2828=CARTESIAN_POINT('',(9.86E0,-1.095E0,-1.77E0));
#2829=VERTEX_POINT('',#2828);
#2830=CARTESIAN_POINT('',(9.86E0,1.095E0,-1.77E0));
#2831=VERTEX_POINT('',#2830);
#2832=CARTESIAN_POINT('',(9.86E0,-1.095E0,4.23E0));
#2833=CARTESIAN_POINT('',(9.86E0,1.095E0,4.23E0));
#2834=VERTEX_POINT('',#2832);
#2835=VERTEX_POINT('',#2833);
#2836=CARTESIAN_POINT('',(7.64E0,1.095E0,4.23E0));
#2837=VERTEX_POINT('',#2836);
#2838=CARTESIAN_POINT('',(8.4325E0,-3.175E-1,-4.23E0));
#2839=CARTESIAN_POINT('',(8.4325E0,3.175E-1,-4.23E0));
#2840=VERTEX_POINT('',#2838);
#2841=VERTEX_POINT('',#2839);
#2842=CARTESIAN_POINT('',(9.0675E0,-3.175E-1,-4.23E0));
#2843=CARTESIAN_POINT('',(9.0675E0,3.175E-1,-4.23E0));
#2844=VERTEX_POINT('',#2842);
#2845=VERTEX_POINT('',#2843);
#2846=CARTESIAN_POINT('',(8.4325E0,-3.175E-1,-1.77E0));
#2847=CARTESIAN_POINT('',(8.4325E0,3.175E-1,-1.77E0));
#2848=VERTEX_POINT('',#2846);
#2849=VERTEX_POINT('',#2847);
#2850=CARTESIAN_POINT('',(9.0675E0,-3.175E-1,-1.77E0));
#2851=CARTESIAN_POINT('',(9.0675E0,3.175E-1,-1.77E0));
#2852=VERTEX_POINT('',#2850);
#2853=VERTEX_POINT('',#2851);
#2854=CARTESIAN_POINT('',(8.9175E0,1.675E-1,2.77E0));
#2855=CARTESIAN_POINT('',(8.5825E0,1.675E-1,2.77E0));
#2856=VERTEX_POINT('',#2854);
#2857=VERTEX_POINT('',#2855);
#2858=CARTESIAN_POINT('',(9.0675E0,3.175E-1,2.22E0));
#2859=CARTESIAN_POINT('',(8.4325E0,3.175E-1,2.22E0));
#2860=VERTEX_POINT('',#2858);
#2861=VERTEX_POINT('',#2859);
#2862=CARTESIAN_POINT('',(8.9175E0,-1.675E-1,2.77E0));
#2863=VERTEX_POINT('',#2862);
#2864=CARTESIAN_POINT('',(9.0675E0,-3.175E-1,2.22E0));
#2865=VERTEX_POINT('',#2864);
#2866=CARTESIAN_POINT('',(8.4325E0,-3.175E-1,2.22E0));
#2867=VERTEX_POINT('',#2866);
#2868=CARTESIAN_POINT('',(8.5825E0,-1.675E-1,2.77E0));
#2869=VERTEX_POINT('',#2868);
#2870=CARTESIAN_POINT('',(9.0675E0,3.175E-1,-7.48E0));
#2871=CARTESIAN_POINT('',(8.4325E0,3.175E-1,-7.48E0));
#2872=VERTEX_POINT('',#2870);
#2873=VERTEX_POINT('',#2871);
#2874=CARTESIAN_POINT('',(8.9175E0,1.675E-1,-8.03E0));
#2875=CARTESIAN_POINT('',(8.5825E0,1.675E-1,-8.03E0));
#2876=VERTEX_POINT('',#2874);
#2877=VERTEX_POINT('',#2875);
#2878=CARTESIAN_POINT('',(8.9175E0,-1.675E-1,-8.03E0));
#2879=VERTEX_POINT('',#2878);
#2880=CARTESIAN_POINT('',(9.0675E0,-3.175E-1,-7.48E0));
#2881=VERTEX_POINT('',#2880);
#2882=CARTESIAN_POINT('',(8.4325E0,-3.175E-1,-7.48E0));
#2883=VERTEX_POINT('',#2882);
#2884=CARTESIAN_POINT('',(8.5825E0,-1.675E-1,-8.03E0));
#2885=VERTEX_POINT('',#2884);
#2886=CARTESIAN_POINT('',(8.4325E0,-3.175E-1,-4.786409164080E0));
#2887=CARTESIAN_POINT('',(8.4325E0,-4.162901701323E-1,-5.220930445781E0));
#2888=VERTEX_POINT('',#2886);
#2889=VERTEX_POINT('',#2887);
#2890=CARTESIAN_POINT('',(8.4325E0,-4.162901701323E-1,-6.639069554219E0));
#2891=VERTEX_POINT('',#2890);
#2892=CARTESIAN_POINT('',(8.4325E0,-3.175E-1,-7.073590835920E0));
#2893=VERTEX_POINT('',#2892);
#2894=CARTESIAN_POINT('',(8.4325E0,3.175E-1,-7.073590835920E0));
#2895=CARTESIAN_POINT('',(8.4325E0,1.562901701323E-1,-6.364521281701E0));
#2896=VERTEX_POINT('',#2894);
#2897=VERTEX_POINT('',#2895);
#2898=CARTESIAN_POINT('',(8.4325E0,1.562901701323E-1,-5.495478718299E0));
#2899=VERTEX_POINT('',#2898);
#2900=CARTESIAN_POINT('',(8.4325E0,3.175E-1,-4.786409164080E0));
#2901=VERTEX_POINT('',#2900);
#2902=CARTESIAN_POINT('',(9.0675E0,-3.175E-1,-4.786409164080E0));
#2903=CARTESIAN_POINT('',(9.0675E0,-4.162901701323E-1,-5.220930445781E0));
#2904=VERTEX_POINT('',#2902);
#2905=VERTEX_POINT('',#2903);
#2906=CARTESIAN_POINT('',(9.0675E0,-4.162901701323E-1,-6.639069554219E0));
#2907=VERTEX_POINT('',#2906);
#2908=CARTESIAN_POINT('',(9.0675E0,-3.175E-1,-7.073590835920E0));
#2909=VERTEX_POINT('',#2908);
#2910=CARTESIAN_POINT('',(9.0675E0,3.175E-1,-7.073590835920E0));
#2911=CARTESIAN_POINT('',(9.0675E0,1.562901701323E-1,-6.364521281701E0));
#2912=VERTEX_POINT('',#2910);
#2913=VERTEX_POINT('',#2911);
#2914=CARTESIAN_POINT('',(9.0675E0,1.562901701323E-1,-5.495478718299E0));
#2915=VERTEX_POINT('',#2914);
#2916=CARTESIAN_POINT('',(9.0675E0,3.175E-1,-4.786409164080E0));
#2917=VERTEX_POINT('',#2916);
#2918=CARTESIAN_POINT('',(5.9325E0,-3.175E-1,-4.786409164080E0));
#2919=CARTESIAN_POINT('',(5.9325E0,-1.562901701323E-1,-5.495478718299E0));
#2920=VERTEX_POINT('',#2918);
#2921=VERTEX_POINT('',#2919);
#2922=CARTESIAN_POINT('',(5.9325E0,-1.562901701323E-1,-6.364521281701E0));
#2923=VERTEX_POINT('',#2922);
#2924=CARTESIAN_POINT('',(5.9325E0,-3.175E-1,-7.073590835920E0));
#2925=VERTEX_POINT('',#2924);
#2926=CARTESIAN_POINT('',(5.9325E0,3.175E-1,-7.073590835920E0));
#2927=CARTESIAN_POINT('',(5.9325E0,4.162901701323E-1,-6.639069554219E0));
#2928=VERTEX_POINT('',#2926);
#2929=VERTEX_POINT('',#2927);
#2930=CARTESIAN_POINT('',(5.9325E0,4.162901701323E-1,-5.220930445781E0));
#2931=VERTEX_POINT('',#2930);
#2932=CARTESIAN_POINT('',(5.9325E0,3.175E-1,-4.786409164080E0));
#2933=VERTEX_POINT('',#2932);
#2934=CARTESIAN_POINT('',(6.5675E0,-3.175E-1,-4.786409164080E0));
#2935=CARTESIAN_POINT('',(6.5675E0,-1.562901701323E-1,-5.495478718299E0));
#2936=VERTEX_POINT('',#2934);
#2937=VERTEX_POINT('',#2935);
#2938=CARTESIAN_POINT('',(6.5675E0,-1.562901701323E-1,-6.364521281701E0));
#2939=VERTEX_POINT('',#2938);
#2940=CARTESIAN_POINT('',(6.5675E0,-3.175E-1,-7.073590835920E0));
#2941=VERTEX_POINT('',#2940);
#2942=CARTESIAN_POINT('',(6.5675E0,3.175E-1,-7.073590835920E0));
#2943=CARTESIAN_POINT('',(6.5675E0,4.162901701323E-1,-6.639069554219E0));
#2944=VERTEX_POINT('',#2942);
#2945=VERTEX_POINT('',#2943);
#2946=CARTESIAN_POINT('',(6.5675E0,4.162901701323E-1,-5.220930445781E0));
#2947=VERTEX_POINT('',#2946);
#2948=CARTESIAN_POINT('',(6.5675E0,3.175E-1,-4.786409164080E0));
#2949=VERTEX_POINT('',#2948);
#2950=CARTESIAN_POINT('',(-8.4325E0,-3.175E-1,-4.786409164080E0));
#2951=CARTESIAN_POINT('',(-8.4325E0,-4.162901701323E-1,-5.220930445781E0));
#2952=VERTEX_POINT('',#2950);
#2953=VERTEX_POINT('',#2951);
#2954=CARTESIAN_POINT('',(-8.4325E0,-4.162901701323E-1,-6.639069554219E0));
#2955=VERTEX_POINT('',#2954);
#2956=CARTESIAN_POINT('',(-8.4325E0,-3.175E-1,-7.073590835920E0));
#2957=VERTEX_POINT('',#2956);
#2958=CARTESIAN_POINT('',(-8.4325E0,3.175E-1,-7.073590835920E0));
#2959=CARTESIAN_POINT('',(-8.4325E0,1.562901701323E-1,-6.364521281701E0));
#2960=VERTEX_POINT('',#2958);
#2961=VERTEX_POINT('',#2959);
#2962=CARTESIAN_POINT('',(-8.4325E0,1.562901701323E-1,-5.495478718299E0));
#2963=VERTEX_POINT('',#2962);
#2964=CARTESIAN_POINT('',(-8.4325E0,3.175E-1,-4.786409164080E0));
#2965=VERTEX_POINT('',#2964);
#2966=CARTESIAN_POINT('',(-9.0675E0,-3.175E-1,-4.786409164080E0));
#2967=CARTESIAN_POINT('',(-9.0675E0,-4.162901701323E-1,-5.220930445781E0));
#2968=VERTEX_POINT('',#2966);
#2969=VERTEX_POINT('',#2967);
#2970=CARTESIAN_POINT('',(-9.0675E0,-4.162901701323E-1,-6.639069554219E0));
#2971=VERTEX_POINT('',#2970);
#2972=CARTESIAN_POINT('',(-9.0675E0,-3.175E-1,-7.073590835920E0));
#2973=VERTEX_POINT('',#2972);
#2974=CARTESIAN_POINT('',(-9.0675E0,3.175E-1,-7.073590835920E0));
#2975=CARTESIAN_POINT('',(-9.0675E0,1.562901701323E-1,-6.364521281701E0));
#2976=VERTEX_POINT('',#2974);
#2977=VERTEX_POINT('',#2975);
#2978=CARTESIAN_POINT('',(-9.0675E0,1.562901701323E-1,-5.495478718299E0));
#2979=VERTEX_POINT('',#2978);
#2980=CARTESIAN_POINT('',(-9.0675E0,3.175E-1,-4.786409164080E0));
#2981=VERTEX_POINT('',#2980);
#2982=CARTESIAN_POINT('',(-5.9325E0,-3.175E-1,-4.786409164080E0));
#2983=CARTESIAN_POINT('',(-5.9325E0,-1.562901701323E-1,-5.495478718299E0));
#2984=VERTEX_POINT('',#2982);
#2985=VERTEX_POINT('',#2983);
#2986=CARTESIAN_POINT('',(-5.9325E0,-1.562901701323E-1,-6.364521281701E0));
#2987=VERTEX_POINT('',#2986);
#2988=CARTESIAN_POINT('',(-5.9325E0,-3.175E-1,-7.073590835920E0));
#2989=VERTEX_POINT('',#2988);
#2990=CARTESIAN_POINT('',(-5.9325E0,3.175E-1,-7.073590835920E0));
#2991=CARTESIAN_POINT('',(-5.9325E0,4.162901701323E-1,-6.639069554219E0));
#2992=VERTEX_POINT('',#2990);
#2993=VERTEX_POINT('',#2991);
#2994=CARTESIAN_POINT('',(-5.9325E0,4.162901701323E-1,-5.220930445781E0));
#2995=VERTEX_POINT('',#2994);
#2996=CARTESIAN_POINT('',(-5.9325E0,3.175E-1,-4.786409164080E0));
#2997=VERTEX_POINT('',#2996);
#2998=CARTESIAN_POINT('',(-6.5675E0,-3.175E-1,-4.786409164080E0));
#2999=CARTESIAN_POINT('',(-6.5675E0,-1.562901701323E-1,-5.495478718299E0));
#3000=VERTEX_POINT('',#2998);
#3001=VERTEX_POINT('',#2999);
#3002=CARTESIAN_POINT('',(-6.5675E0,-1.562901701323E-1,-6.364521281701E0));
#3003=VERTEX_POINT('',#3002);
#3004=CARTESIAN_POINT('',(-6.5675E0,-3.175E-1,-7.073590835920E0));
#3005=VERTEX_POINT('',#3004);
#3006=CARTESIAN_POINT('',(-6.5675E0,3.175E-1,-7.073590835920E0));
#3007=CARTESIAN_POINT('',(-6.5675E0,4.162901701323E-1,-6.639069554219E0));
#3008=VERTEX_POINT('',#3006);
#3009=VERTEX_POINT('',#3007);
#3010=CARTESIAN_POINT('',(-6.5675E0,4.162901701323E-1,-5.220930445781E0));
#3011=VERTEX_POINT('',#3010);
#3012=CARTESIAN_POINT('',(-6.5675E0,3.175E-1,-4.786409164080E0));
#3013=VERTEX_POINT('',#3012);
#3014=CARTESIAN_POINT('',(-2.2E0,2.56E0,4.23E0));
#3015=CARTESIAN_POINT('',(-2.2E0,1.095E0,4.23E0));
#3016=VERTEX_POINT('',#3014);
#3017=VERTEX_POINT('',#3015);
#3018=CARTESIAN_POINT('',(2.2E0,2.56E0,4.23E0));
#3019=CARTESIAN_POINT('',(2.2E0,1.095E0,4.23E0));
#3020=VERTEX_POINT('',#3018);
#3021=VERTEX_POINT('',#3019);
#3022=CARTESIAN_POINT('',(-2.2E0,3.75E0,5.411849315068E0));
#3023=VERTEX_POINT('',#3022);
#3024=CARTESIAN_POINT('',(2.2E0,3.75E0,5.411849315068E0));
#3025=VERTEX_POINT('',#3024);
#3026=CARTESIAN_POINT('',(-2.2E0,3.75E0,-3.2E-1));
#3027=CARTESIAN_POINT('',(-2.2E0,1.095E0,-3.2E-1));
#3028=VERTEX_POINT('',#3026);
#3029=VERTEX_POINT('',#3027);
#3030=CARTESIAN_POINT('',(2.2E0,1.095E0,-3.2E-1));
#3031=CARTESIAN_POINT('',(2.2E0,3.75E0,-3.2E-1));
#3032=VERTEX_POINT('',#3030);
#3033=VERTEX_POINT('',#3031);
#3034=CARTESIAN_POINT('',(-1.33E0,1.37E0,-3.2E-1));
#3035=CARTESIAN_POINT('',(1.33E0,1.37E0,-3.2E-1));
#3036=VERTEX_POINT('',#3034);
#3037=VERTEX_POINT('',#3035);
#3038=CARTESIAN_POINT('',(-1.33E0,1.095E0,4.23E0));
#3039=CARTESIAN_POINT('',(-1.33E0,1.37E0,4.23E0));
#3040=VERTEX_POINT('',#3038);
#3041=VERTEX_POINT('',#3039);
#3042=CARTESIAN_POINT('',(1.33E0,1.37E0,4.23E0));
#3043=VERTEX_POINT('',#3042);
#3044=CARTESIAN_POINT('',(1.33E0,1.095E0,4.23E0));
#3045=VERTEX_POINT('',#3044);
#3046=CARTESIAN_POINT('',(-1.33E0,1.095E0,-3.2E-1));
#3047=VERTEX_POINT('',#3046);
#3048=CARTESIAN_POINT('',(1.33E0,1.095E0,-3.2E-1));
#3049=VERTEX_POINT('',#3048);
#3050=CARTESIAN_POINT('',(7.36E0,2.15E-1,4.23E0));
#3051=CARTESIAN_POINT('',(7.64E0,2.15E-1,4.23E0));
#3052=VERTEX_POINT('',#3050);
#3053=VERTEX_POINT('',#3051);
#3054=CARTESIAN_POINT('',(7.64E0,-1.095E0,-7.E-2));
#3055=CARTESIAN_POINT('',(7.64E0,-3.85E-1,-7.E-2));
#3056=VERTEX_POINT('',#3054);
#3057=VERTEX_POINT('',#3055);
#3058=CARTESIAN_POINT('',(7.64E0,-3.85E-1,3.63E0));
#3059=VERTEX_POINT('',#3058);
#3060=CARTESIAN_POINT('',(7.36E0,-1.095E0,-7.E-2));
#3061=VERTEX_POINT('',#3060);
#3062=CARTESIAN_POINT('',(7.36E0,-3.85E-1,-7.E-2));
#3063=VERTEX_POINT('',#3062);
#3064=CARTESIAN_POINT('',(7.36E0,-3.85E-1,3.63E0));
#3065=VERTEX_POINT('',#3064);
#3066=CARTESIAN_POINT('',(-1.15E0,3.75E0,-7.7E-1));
#3067=CARTESIAN_POINT('',(1.15E0,3.75E0,-7.7E-1));
#3068=VERTEX_POINT('',#3066);
#3069=VERTEX_POINT('',#3067);
#3070=CARTESIAN_POINT('',(-1.15E0,4.35E0,-7.7E-1));
#3071=VERTEX_POINT('',#3070);
#3072=CARTESIAN_POINT('',(1.15E0,4.35E0,-7.7E-1));
#3073=VERTEX_POINT('',#3072);
#3074=CARTESIAN_POINT('',(-1.15E0,4.6E0,-5.2E-1));
#3075=CARTESIAN_POINT('',(-1.15E0,4.6E0,4.1E0));
#3076=VERTEX_POINT('',#3074);
#3077=VERTEX_POINT('',#3075);
#3078=CARTESIAN_POINT('',(-9.E-1,4.6E0,4.35E0));
#3079=VERTEX_POINT('',#3078);
#3080=CARTESIAN_POINT('',(9.E-1,4.6E0,4.35E0));
#3081=VERTEX_POINT('',#3080);
#3082=CARTESIAN_POINT('',(1.15E0,4.6E0,4.1E0));
#3083=VERTEX_POINT('',#3082);
#3084=CARTESIAN_POINT('',(1.15E0,4.6E0,-5.2E-1));
#3085=VERTEX_POINT('',#3084);
#3086=CARTESIAN_POINT('',(-1.15E0,3.75E0,-3.2E-1));
#3087=CARTESIAN_POINT('',(1.15E0,3.75E0,-3.2E-1));
#3088=VERTEX_POINT('',#3086);
#3089=VERTEX_POINT('',#3087);
#3090=CARTESIAN_POINT('',(-1.15E0,3.75E0,4.1E0));
#3091=VERTEX_POINT('',#3090);
#3092=CARTESIAN_POINT('',(-9.E-1,3.75E0,4.35E0));
#3093=VERTEX_POINT('',#3092);
#3094=CARTESIAN_POINT('',(9.E-1,3.75E0,4.35E0));
#3095=VERTEX_POINT('',#3094);
#3096=CARTESIAN_POINT('',(1.15E0,3.75E0,4.1E0));
#3097=VERTEX_POINT('',#3096);
#3098=CARTESIAN_POINT('',(2.6E0,4.35E0,5.68E0));
#3099=CARTESIAN_POINT('',(2.35E0,4.6E0,5.68E0));
#3100=VERTEX_POINT('',#3098);
#3101=VERTEX_POINT('',#3099);
#3102=CARTESIAN_POINT('',(2.35E0,4.6E0,-5.200000009815E-1));
#3103=VERTEX_POINT('',#3102);
#3104=CARTESIAN_POINT('',(2.6E0,4.35E0,-5.2E-1));
#3105=VERTEX_POINT('',#3104);
#3106=CARTESIAN_POINT('',(2.35E0,4.35E0,-7.7E-1));
#3107=VERTEX_POINT('',#3106);
#3108=CARTESIAN_POINT('',(2.6E0,1.74E0,-5.2E-1));
#3109=VERTEX_POINT('',#3108);
#3110=CARTESIAN_POINT('',(2.35E0,1.74E0,-7.7E-1));
#3111=VERTEX_POINT('',#3110);
#3112=CARTESIAN_POINT('',(-2.35E0,4.349999999640E0,-7.7E-1));
#3113=CARTESIAN_POINT('',(-2.35E0,1.74E0,-7.7E-1));
#3114=VERTEX_POINT('',#3112);
#3115=VERTEX_POINT('',#3113);
#3116=CARTESIAN_POINT('',(-2.6E0,4.35E0,-5.2E-1));
#3117=CARTESIAN_POINT('',(-2.6E0,1.74E0,-5.2E-1));
#3118=VERTEX_POINT('',#3116);
#3119=VERTEX_POINT('',#3117);
#3120=CARTESIAN_POINT('',(-2.35E0,4.6E0,-5.2E-1));
#3121=VERTEX_POINT('',#3120);
#3122=CARTESIAN_POINT('',(-2.35E0,4.6E0,5.68E0));
#3123=CARTESIAN_POINT('',(-2.6E0,4.35E0,5.68E0));
#3124=VERTEX_POINT('',#3122);
#3125=VERTEX_POINT('',#3123);
#3126=CARTESIAN_POINT('',(4.472135955E-1,1.74E0,-4.23E0));
#3127=CARTESIAN_POINT('',(-4.472135955E-1,1.74E0,-4.23E0));
#3128=VERTEX_POINT('',#3126);
#3129=VERTEX_POINT('',#3127);
#3130=VERTEX_POINT('',#2396);
#3131=VERTEX_POINT('',#2407);
#3132=CARTESIAN_POINT('',(6.327827769295E-5,7.400000033368E-1,
-5.230000322725E0));
#3133=VERTEX_POINT('',#3132);
#3134=CARTESIAN_POINT('',(4.203275589670E-5,9.400004571574E-1,-5.83E0));
#3135=VERTEX_POINT('',#3134);
#3136=VERTEX_POINT('',#2409);
#3137=CARTESIAN_POINT('',(5.14E0,1.095E0,-1.77E0));
#3138=CARTESIAN_POINT('',(5.14E0,-1.095E0,-1.77E0));
#3139=VERTEX_POINT('',#3137);
#3140=VERTEX_POINT('',#3138);
#3141=CARTESIAN_POINT('',(7.36E0,-1.095E0,-1.77E0));
#3142=VERTEX_POINT('',#3141);
#3143=CARTESIAN_POINT('',(7.36E0,1.095E0,-1.77E0));
#3144=VERTEX_POINT('',#3143);
#3145=CARTESIAN_POINT('',(5.14E0,1.095E0,4.23E0));
#3146=CARTESIAN_POINT('',(5.14E0,-1.095E0,4.23E0));
#3147=VERTEX_POINT('',#3145);
#3148=VERTEX_POINT('',#3146);
#3149=CARTESIAN_POINT('',(7.36E0,1.095E0,4.23E0));
#3150=VERTEX_POINT('',#3149);
#3151=CARTESIAN_POINT('',(2.64E0,1.095E0,-1.77E0));
#3152=CARTESIAN_POINT('',(2.64E0,-1.095E0,-1.77E0));
#3153=VERTEX_POINT('',#3151);
#3154=VERTEX_POINT('',#3152);
#3155=CARTESIAN_POINT('',(4.86E0,-1.095E0,-1.77E0));
#3156=VERTEX_POINT('',#3155);
#3157=CARTESIAN_POINT('',(4.86E0,1.095E0,-1.77E0));
#3158=VERTEX_POINT('',#3157);
#3159=CARTESIAN_POINT('',(2.64E0,1.095E0,4.23E0));
#3160=CARTESIAN_POINT('',(2.64E0,-1.095E0,4.23E0));
#3161=VERTEX_POINT('',#3159);
#3162=VERTEX_POINT('',#3160);
#3163=CARTESIAN_POINT('',(4.86E0,-1.095E0,4.23E0));
#3164=VERTEX_POINT('',#3163);
#3165=CARTESIAN_POINT('',(4.86E0,1.095E0,4.23E0));
#3166=VERTEX_POINT('',#3165);
#3167=CARTESIAN_POINT('',(1.4E-1,1.095E0,-1.77E0));
#3168=CARTESIAN_POINT('',(1.4E-1,-1.095E0,-1.77E0));
#3169=VERTEX_POINT('',#3167);
#3170=VERTEX_POINT('',#3168);
#3171=CARTESIAN_POINT('',(2.36E0,-1.095E0,-1.77E0));
#3172=VERTEX_POINT('',#3171);
#3173=CARTESIAN_POINT('',(2.36E0,1.095E0,-1.77E0));
#3174=VERTEX_POINT('',#3173);
#3175=CARTESIAN_POINT('',(1.4E-1,1.095E0,4.23E0));
#3176=CARTESIAN_POINT('',(1.4E-1,-1.095E0,4.23E0));
#3177=VERTEX_POINT('',#3175);
#3178=VERTEX_POINT('',#3176);
#3179=CARTESIAN_POINT('',(2.36E0,-1.095E0,4.23E0));
#3180=VERTEX_POINT('',#3179);
#3181=CARTESIAN_POINT('',(2.36E0,1.095E0,4.23E0));
#3182=VERTEX_POINT('',#3181);
#3183=CARTESIAN_POINT('',(-2.36E0,1.095E0,-1.77E0));
#3184=CARTESIAN_POINT('',(-2.36E0,-1.095E0,-1.77E0));
#3185=VERTEX_POINT('',#3183);
#3186=VERTEX_POINT('',#3184);
#3187=CARTESIAN_POINT('',(-1.4E-1,-1.095E0,-1.77E0));
#3188=VERTEX_POINT('',#3187);
#3189=CARTESIAN_POINT('',(-1.4E-1,1.095E0,-1.77E0));
#3190=VERTEX_POINT('',#3189);
#3191=CARTESIAN_POINT('',(-2.36E0,1.095E0,4.23E0));
#3192=CARTESIAN_POINT('',(-2.36E0,-1.095E0,4.23E0));
#3193=VERTEX_POINT('',#3191);
#3194=VERTEX_POINT('',#3192);
#3195=CARTESIAN_POINT('',(-1.4E-1,-1.095E0,4.23E0));
#3196=VERTEX_POINT('',#3195);
#3197=CARTESIAN_POINT('',(-1.4E-1,1.095E0,4.23E0));
#3198=VERTEX_POINT('',#3197);
#3199=CARTESIAN_POINT('',(5.9325E0,-3.175E-1,-4.23E0));
#3200=CARTESIAN_POINT('',(5.9325E0,3.175E-1,-4.23E0));
#3201=VERTEX_POINT('',#3199);
#3202=VERTEX_POINT('',#3200);
#3203=CARTESIAN_POINT('',(6.5675E0,-3.175E-1,-4.23E0));
#3204=CARTESIAN_POINT('',(6.5675E0,3.175E-1,-4.23E0));
#3205=VERTEX_POINT('',#3203);
#3206=VERTEX_POINT('',#3204);
#3207=CARTESIAN_POINT('',(5.9325E0,-3.175E-1,-1.77E0));
#3208=CARTESIAN_POINT('',(5.9325E0,3.175E-1,-1.77E0));
#3209=VERTEX_POINT('',#3207);
#3210=VERTEX_POINT('',#3208);
#3211=CARTESIAN_POINT('',(6.5675E0,-3.175E-1,-1.77E0));
#3212=CARTESIAN_POINT('',(6.5675E0,3.175E-1,-1.77E0));
#3213=VERTEX_POINT('',#3211);
#3214=VERTEX_POINT('',#3212);
#3215=CARTESIAN_POINT('',(3.4325E0,-3.175E-1,-4.23E0));
#3216=CARTESIAN_POINT('',(3.4325E0,3.175E-1,-4.23E0));
#3217=VERTEX_POINT('',#3215);
#3218=VERTEX_POINT('',#3216);
#3219=CARTESIAN_POINT('',(4.0675E0,-3.175E-1,-4.23E0));
#3220=CARTESIAN_POINT('',(4.0675E0,3.175E-1,-4.23E0));
#3221=VERTEX_POINT('',#3219);
#3222=VERTEX_POINT('',#3220);
#3223=CARTESIAN_POINT('',(3.4325E0,-3.175E-1,-1.77E0));
#3224=CARTESIAN_POINT('',(3.4325E0,3.175E-1,-1.77E0));
#3225=VERTEX_POINT('',#3223);
#3226=VERTEX_POINT('',#3224);
#3227=CARTESIAN_POINT('',(4.0675E0,-3.175E-1,-1.77E0));
#3228=CARTESIAN_POINT('',(4.0675E0,3.175E-1,-1.77E0));
#3229=VERTEX_POINT('',#3227);
#3230=VERTEX_POINT('',#3228);
#3231=CARTESIAN_POINT('',(9.325E-1,-3.175E-1,-4.23E0));
#3232=CARTESIAN_POINT('',(9.325E-1,3.175E-1,-4.23E0));
#3233=VERTEX_POINT('',#3231);
#3234=VERTEX_POINT('',#3232);
#3235=CARTESIAN_POINT('',(1.5675E0,-3.175E-1,-4.23E0));
#3236=CARTESIAN_POINT('',(1.5675E0,3.175E-1,-4.23E0));
#3237=VERTEX_POINT('',#3235);
#3238=VERTEX_POINT('',#3236);
#3239=CARTESIAN_POINT('',(9.325E-1,-3.175E-1,-1.77E0));
#3240=CARTESIAN_POINT('',(9.325E-1,3.175E-1,-1.77E0));
#3241=VERTEX_POINT('',#3239);
#3242=VERTEX_POINT('',#3240);
#3243=CARTESIAN_POINT('',(1.5675E0,-3.175E-1,-1.77E0));
#3244=CARTESIAN_POINT('',(1.5675E0,3.175E-1,-1.77E0));
#3245=VERTEX_POINT('',#3243);
#3246=VERTEX_POINT('',#3244);
#3247=CARTESIAN_POINT('',(-1.5675E0,-3.175E-1,-4.23E0));
#3248=CARTESIAN_POINT('',(-1.5675E0,3.175E-1,-4.23E0));
#3249=VERTEX_POINT('',#3247);
#3250=VERTEX_POINT('',#3248);
#3251=CARTESIAN_POINT('',(-9.325E-1,-3.175E-1,-4.23E0));
#3252=CARTESIAN_POINT('',(-9.325E-1,3.175E-1,-4.23E0));
#3253=VERTEX_POINT('',#3251);
#3254=VERTEX_POINT('',#3252);
#3255=CARTESIAN_POINT('',(-1.5675E0,-3.175E-1,-1.77E0));
#3256=CARTESIAN_POINT('',(-1.5675E0,3.175E-1,-1.77E0));
#3257=VERTEX_POINT('',#3255);
#3258=VERTEX_POINT('',#3256);
#3259=CARTESIAN_POINT('',(-9.325E-1,-3.175E-1,-1.77E0));
#3260=CARTESIAN_POINT('',(-9.325E-1,3.175E-1,-1.77E0));
#3261=VERTEX_POINT('',#3259);
#3262=VERTEX_POINT('',#3260);
#3263=CARTESIAN_POINT('',(6.4175E0,1.675E-1,2.77E0));
#3264=CARTESIAN_POINT('',(6.0825E0,1.675E-1,2.77E0));
#3265=VERTEX_POINT('',#3263);
#3266=VERTEX_POINT('',#3264);
#3267=CARTESIAN_POINT('',(6.5675E0,3.175E-1,2.22E0));
#3268=CARTESIAN_POINT('',(5.9325E0,3.175E-1,2.22E0));
#3269=VERTEX_POINT('',#3267);
#3270=VERTEX_POINT('',#3268);
#3271=CARTESIAN_POINT('',(6.4175E0,-1.675E-1,2.77E0));
#3272=VERTEX_POINT('',#3271);
#3273=CARTESIAN_POINT('',(6.5675E0,-3.175E-1,2.22E0));
#3274=VERTEX_POINT('',#3273);
#3275=CARTESIAN_POINT('',(5.9325E0,-3.175E-1,2.22E0));
#3276=VERTEX_POINT('',#3275);
#3277=CARTESIAN_POINT('',(6.0825E0,-1.675E-1,2.77E0));
#3278=VERTEX_POINT('',#3277);
#3279=CARTESIAN_POINT('',(6.5675E0,3.175E-1,-7.48E0));
#3280=CARTESIAN_POINT('',(5.9325E0,3.175E-1,-7.48E0));
#3281=VERTEX_POINT('',#3279);
#3282=VERTEX_POINT('',#3280);
#3283=CARTESIAN_POINT('',(6.4175E0,1.675E-1,-8.03E0));
#3284=CARTESIAN_POINT('',(6.0825E0,1.675E-1,-8.03E0));
#3285=VERTEX_POINT('',#3283);
#3286=VERTEX_POINT('',#3284);
#3287=CARTESIAN_POINT('',(6.4175E0,-1.675E-1,-8.03E0));
#3288=VERTEX_POINT('',#3287);
#3289=CARTESIAN_POINT('',(6.5675E0,-3.175E-1,-7.48E0));
#3290=VERTEX_POINT('',#3289);
#3291=CARTESIAN_POINT('',(5.9325E0,-3.175E-1,-7.48E0));
#3292=VERTEX_POINT('',#3291);
#3293=CARTESIAN_POINT('',(6.0825E0,-1.675E-1,-8.03E0));
#3294=VERTEX_POINT('',#3293);
#3295=CARTESIAN_POINT('',(3.9175E0,1.675E-1,2.77E0));
#3296=CARTESIAN_POINT('',(3.5825E0,1.675E-1,2.77E0));
#3297=VERTEX_POINT('',#3295);
#3298=VERTEX_POINT('',#3296);
#3299=CARTESIAN_POINT('',(4.0675E0,3.175E-1,2.22E0));
#3300=CARTESIAN_POINT('',(3.4325E0,3.175E-1,2.22E0));
#3301=VERTEX_POINT('',#3299);
#3302=VERTEX_POINT('',#3300);
#3303=CARTESIAN_POINT('',(3.9175E0,-1.675E-1,2.77E0));
#3304=VERTEX_POINT('',#3303);
#3305=CARTESIAN_POINT('',(4.0675E0,-3.175E-1,2.22E0));
#3306=VERTEX_POINT('',#3305);
#3307=CARTESIAN_POINT('',(3.4325E0,-3.175E-1,2.22E0));
#3308=VERTEX_POINT('',#3307);
#3309=CARTESIAN_POINT('',(3.5825E0,-1.675E-1,2.77E0));
#3310=VERTEX_POINT('',#3309);
#3311=CARTESIAN_POINT('',(4.0675E0,3.175E-1,-7.48E0));
#3312=CARTESIAN_POINT('',(3.4325E0,3.175E-1,-7.48E0));
#3313=VERTEX_POINT('',#3311);
#3314=VERTEX_POINT('',#3312);
#3315=CARTESIAN_POINT('',(3.9175E0,1.675E-1,-8.03E0));
#3316=CARTESIAN_POINT('',(3.5825E0,1.675E-1,-8.03E0));
#3317=VERTEX_POINT('',#3315);
#3318=VERTEX_POINT('',#3316);
#3319=CARTESIAN_POINT('',(3.9175E0,-1.675E-1,-8.03E0));
#3320=VERTEX_POINT('',#3319);
#3321=CARTESIAN_POINT('',(4.0675E0,-3.175E-1,-7.48E0));
#3322=VERTEX_POINT('',#3321);
#3323=CARTESIAN_POINT('',(3.4325E0,-3.175E-1,-7.48E0));
#3324=VERTEX_POINT('',#3323);
#3325=CARTESIAN_POINT('',(3.5825E0,-1.675E-1,-8.03E0));
#3326=VERTEX_POINT('',#3325);
#3327=CARTESIAN_POINT('',(1.4175E0,1.675E-1,2.77E0));
#3328=CARTESIAN_POINT('',(1.0825E0,1.675E-1,2.77E0));
#3329=VERTEX_POINT('',#3327);
#3330=VERTEX_POINT('',#3328);
#3331=CARTESIAN_POINT('',(1.5675E0,3.175E-1,2.22E0));
#3332=CARTESIAN_POINT('',(9.325E-1,3.175E-1,2.22E0));
#3333=VERTEX_POINT('',#3331);
#3334=VERTEX_POINT('',#3332);
#3335=CARTESIAN_POINT('',(1.4175E0,-1.675E-1,2.77E0));
#3336=VERTEX_POINT('',#3335);
#3337=CARTESIAN_POINT('',(1.5675E0,-3.175E-1,2.22E0));
#3338=VERTEX_POINT('',#3337);
#3339=CARTESIAN_POINT('',(9.325E-1,-3.175E-1,2.22E0));
#3340=VERTEX_POINT('',#3339);
#3341=CARTESIAN_POINT('',(1.0825E0,-1.675E-1,2.77E0));
#3342=VERTEX_POINT('',#3341);
#3343=CARTESIAN_POINT('',(1.5675E0,3.175E-1,-7.48E0));
#3344=CARTESIAN_POINT('',(9.325E-1,3.175E-1,-7.48E0));
#3345=VERTEX_POINT('',#3343);
#3346=VERTEX_POINT('',#3344);
#3347=CARTESIAN_POINT('',(1.4175E0,1.675E-1,-8.03E0));
#3348=CARTESIAN_POINT('',(1.0825E0,1.675E-1,-8.03E0));
#3349=VERTEX_POINT('',#3347);
#3350=VERTEX_POINT('',#3348);
#3351=CARTESIAN_POINT('',(1.4175E0,-1.675E-1,-8.03E0));
#3352=VERTEX_POINT('',#3351);
#3353=CARTESIAN_POINT('',(1.5675E0,-3.175E-1,-7.48E0));
#3354=VERTEX_POINT('',#3353);
#3355=CARTESIAN_POINT('',(9.325E-1,-3.175E-1,-7.48E0));
#3356=VERTEX_POINT('',#3355);
#3357=CARTESIAN_POINT('',(1.0825E0,-1.675E-1,-8.03E0));
#3358=VERTEX_POINT('',#3357);
#3359=CARTESIAN_POINT('',(-1.0825E0,1.675E-1,2.77E0));
#3360=CARTESIAN_POINT('',(-1.4175E0,1.675E-1,2.77E0));
#3361=VERTEX_POINT('',#3359);
#3362=VERTEX_POINT('',#3360);
#3363=CARTESIAN_POINT('',(-9.325E-1,3.175E-1,2.22E0));
#3364=CARTESIAN_POINT('',(-1.5675E0,3.175E-1,2.22E0));
#3365=VERTEX_POINT('',#3363);
#3366=VERTEX_POINT('',#3364);
#3367=CARTESIAN_POINT('',(-1.0825E0,-1.675E-1,2.77E0));
#3368=VERTEX_POINT('',#3367);
#3369=CARTESIAN_POINT('',(-9.325E-1,-3.175E-1,2.22E0));
#3370=VERTEX_POINT('',#3369);
#3371=CARTESIAN_POINT('',(-1.5675E0,-3.175E-1,2.22E0));
#3372=VERTEX_POINT('',#3371);
#3373=CARTESIAN_POINT('',(-1.4175E0,-1.675E-1,2.77E0));
#3374=VERTEX_POINT('',#3373);
#3375=CARTESIAN_POINT('',(-9.325E-1,3.175E-1,-7.48E0));
#3376=CARTESIAN_POINT('',(-1.5675E0,3.175E-1,-7.48E0));
#3377=VERTEX_POINT('',#3375);
#3378=VERTEX_POINT('',#3376);
#3379=CARTESIAN_POINT('',(-1.0825E0,1.675E-1,-8.03E0));
#3380=CARTESIAN_POINT('',(-1.4175E0,1.675E-1,-8.03E0));
#3381=VERTEX_POINT('',#3379);
#3382=VERTEX_POINT('',#3380);
#3383=CARTESIAN_POINT('',(-1.0825E0,-1.675E-1,-8.03E0));
#3384=VERTEX_POINT('',#3383);
#3385=CARTESIAN_POINT('',(-9.325E-1,-3.175E-1,-7.48E0));
#3386=VERTEX_POINT('',#3385);
#3387=CARTESIAN_POINT('',(-1.5675E0,-3.175E-1,-7.48E0));
#3388=VERTEX_POINT('',#3387);
#3389=CARTESIAN_POINT('',(-1.4175E0,-1.675E-1,-8.03E0));
#3390=VERTEX_POINT('',#3389);
#3391=CARTESIAN_POINT('',(-4.86E0,1.095E0,-1.77E0));
#3392=CARTESIAN_POINT('',(-4.86E0,-1.095E0,-1.77E0));
#3393=VERTEX_POINT('',#3391);
#3394=VERTEX_POINT('',#3392);
#3395=CARTESIAN_POINT('',(-2.64E0,-1.095E0,-1.77E0));
#3396=VERTEX_POINT('',#3395);
#3397=CARTESIAN_POINT('',(-2.64E0,1.095E0,-1.77E0));
#3398=VERTEX_POINT('',#3397);
#3399=CARTESIAN_POINT('',(-4.86E0,1.095E0,4.23E0));
#3400=CARTESIAN_POINT('',(-4.86E0,-1.095E0,4.23E0));
#3401=VERTEX_POINT('',#3399);
#3402=VERTEX_POINT('',#3400);
#3403=CARTESIAN_POINT('',(-2.64E0,-1.095E0,4.23E0));
#3404=VERTEX_POINT('',#3403);
#3405=CARTESIAN_POINT('',(-2.64E0,1.095E0,4.23E0));
#3406=VERTEX_POINT('',#3405);
#3407=CARTESIAN_POINT('',(-7.36E0,1.095E0,-1.77E0));
#3408=CARTESIAN_POINT('',(-7.36E0,-1.095E0,-1.77E0));
#3409=VERTEX_POINT('',#3407);
#3410=VERTEX_POINT('',#3408);
#3411=CARTESIAN_POINT('',(-5.14E0,-1.095E0,-1.77E0));
#3412=VERTEX_POINT('',#3411);
#3413=CARTESIAN_POINT('',(-5.14E0,1.095E0,-1.77E0));
#3414=VERTEX_POINT('',#3413);
#3415=CARTESIAN_POINT('',(-7.36E0,1.095E0,4.23E0));
#3416=CARTESIAN_POINT('',(-7.36E0,-1.095E0,4.23E0));
#3417=VERTEX_POINT('',#3415);
#3418=VERTEX_POINT('',#3416);
#3419=CARTESIAN_POINT('',(-5.14E0,-1.095E0,4.23E0));
#3420=VERTEX_POINT('',#3419);
#3421=CARTESIAN_POINT('',(-5.14E0,1.095E0,4.23E0));
#3422=VERTEX_POINT('',#3421);
#3423=CARTESIAN_POINT('',(-4.0675E0,-3.175E-1,-4.23E0));
#3424=CARTESIAN_POINT('',(-4.0675E0,3.175E-1,-4.23E0));
#3425=VERTEX_POINT('',#3423);
#3426=VERTEX_POINT('',#3424);
#3427=CARTESIAN_POINT('',(-3.4325E0,-3.175E-1,-4.23E0));
#3428=CARTESIAN_POINT('',(-3.4325E0,3.175E-1,-4.23E0));
#3429=VERTEX_POINT('',#3427);
#3430=VERTEX_POINT('',#3428);
#3431=CARTESIAN_POINT('',(-4.0675E0,-3.175E-1,-1.77E0));
#3432=CARTESIAN_POINT('',(-4.0675E0,3.175E-1,-1.77E0));
#3433=VERTEX_POINT('',#3431);
#3434=VERTEX_POINT('',#3432);
#3435=CARTESIAN_POINT('',(-3.4325E0,-3.175E-1,-1.77E0));
#3436=CARTESIAN_POINT('',(-3.4325E0,3.175E-1,-1.77E0));
#3437=VERTEX_POINT('',#3435);
#3438=VERTEX_POINT('',#3436);
#3439=CARTESIAN_POINT('',(-6.5675E0,-3.175E-1,-4.23E0));
#3440=CARTESIAN_POINT('',(-6.5675E0,3.175E-1,-4.23E0));
#3441=VERTEX_POINT('',#3439);
#3442=VERTEX_POINT('',#3440);
#3443=CARTESIAN_POINT('',(-5.9325E0,-3.175E-1,-4.23E0));
#3444=CARTESIAN_POINT('',(-5.9325E0,3.175E-1,-4.23E0));
#3445=VERTEX_POINT('',#3443);
#3446=VERTEX_POINT('',#3444);
#3447=CARTESIAN_POINT('',(-6.5675E0,-3.175E-1,-1.77E0));
#3448=CARTESIAN_POINT('',(-6.5675E0,3.175E-1,-1.77E0));
#3449=VERTEX_POINT('',#3447);
#3450=VERTEX_POINT('',#3448);
#3451=CARTESIAN_POINT('',(-5.9325E0,-3.175E-1,-1.77E0));
#3452=CARTESIAN_POINT('',(-5.9325E0,3.175E-1,-1.77E0));
#3453=VERTEX_POINT('',#3451);
#3454=VERTEX_POINT('',#3452);
#3455=CARTESIAN_POINT('',(-3.5825E0,1.675E-1,2.77E0));
#3456=CARTESIAN_POINT('',(-3.9175E0,1.675E-1,2.77E0));
#3457=VERTEX_POINT('',#3455);
#3458=VERTEX_POINT('',#3456);
#3459=CARTESIAN_POINT('',(-3.4325E0,3.175E-1,2.22E0));
#3460=CARTESIAN_POINT('',(-4.0675E0,3.175E-1,2.22E0));
#3461=VERTEX_POINT('',#3459);
#3462=VERTEX_POINT('',#3460);
#3463=CARTESIAN_POINT('',(-3.5825E0,-1.675E-1,2.77E0));
#3464=VERTEX_POINT('',#3463);
#3465=CARTESIAN_POINT('',(-3.4325E0,-3.175E-1,2.22E0));
#3466=VERTEX_POINT('',#3465);
#3467=CARTESIAN_POINT('',(-4.0675E0,-3.175E-1,2.22E0));
#3468=VERTEX_POINT('',#3467);
#3469=CARTESIAN_POINT('',(-3.9175E0,-1.675E-1,2.77E0));
#3470=VERTEX_POINT('',#3469);
#3471=CARTESIAN_POINT('',(-3.4325E0,3.175E-1,-7.48E0));
#3472=CARTESIAN_POINT('',(-4.0675E0,3.175E-1,-7.48E0));
#3473=VERTEX_POINT('',#3471);
#3474=VERTEX_POINT('',#3472);
#3475=CARTESIAN_POINT('',(-3.5825E0,1.675E-1,-8.03E0));
#3476=CARTESIAN_POINT('',(-3.9175E0,1.675E-1,-8.03E0));
#3477=VERTEX_POINT('',#3475);
#3478=VERTEX_POINT('',#3476);
#3479=CARTESIAN_POINT('',(-3.5825E0,-1.675E-1,-8.03E0));
#3480=VERTEX_POINT('',#3479);
#3481=CARTESIAN_POINT('',(-3.4325E0,-3.175E-1,-7.48E0));
#3482=VERTEX_POINT('',#3481);
#3483=CARTESIAN_POINT('',(-4.0675E0,-3.175E-1,-7.48E0));
#3484=VERTEX_POINT('',#3483);
#3485=CARTESIAN_POINT('',(-3.9175E0,-1.675E-1,-8.03E0));
#3486=VERTEX_POINT('',#3485);
#3487=CARTESIAN_POINT('',(-6.0825E0,1.675E-1,2.77E0));
#3488=CARTESIAN_POINT('',(-6.4175E0,1.675E-1,2.77E0));
#3489=VERTEX_POINT('',#3487);
#3490=VERTEX_POINT('',#3488);
#3491=CARTESIAN_POINT('',(-5.9325E0,3.175E-1,2.22E0));
#3492=CARTESIAN_POINT('',(-6.5675E0,3.175E-1,2.22E0));
#3493=VERTEX_POINT('',#3491);
#3494=VERTEX_POINT('',#3492);
#3495=CARTESIAN_POINT('',(-6.0825E0,-1.675E-1,2.77E0));
#3496=VERTEX_POINT('',#3495);
#3497=CARTESIAN_POINT('',(-5.9325E0,-3.175E-1,2.22E0));
#3498=VERTEX_POINT('',#3497);
#3499=CARTESIAN_POINT('',(-6.5675E0,-3.175E-1,2.22E0));
#3500=VERTEX_POINT('',#3499);
#3501=CARTESIAN_POINT('',(-6.4175E0,-1.675E-1,2.77E0));
#3502=VERTEX_POINT('',#3501);
#3503=CARTESIAN_POINT('',(-5.9325E0,3.175E-1,-7.48E0));
#3504=CARTESIAN_POINT('',(-6.5675E0,3.175E-1,-7.48E0));
#3505=VERTEX_POINT('',#3503);
#3506=VERTEX_POINT('',#3504);
#3507=CARTESIAN_POINT('',(-6.0825E0,1.675E-1,-8.03E0));
#3508=CARTESIAN_POINT('',(-6.4175E0,1.675E-1,-8.03E0));
#3509=VERTEX_POINT('',#3507);
#3510=VERTEX_POINT('',#3508);
#3511=CARTESIAN_POINT('',(-6.0825E0,-1.675E-1,-8.03E0));
#3512=VERTEX_POINT('',#3511);
#3513=CARTESIAN_POINT('',(-5.9325E0,-3.175E-1,-7.48E0));
#3514=VERTEX_POINT('',#3513);
#3515=CARTESIAN_POINT('',(-6.5675E0,-3.175E-1,-7.48E0));
#3516=VERTEX_POINT('',#3515);
#3517=CARTESIAN_POINT('',(-6.4175E0,-1.675E-1,-8.03E0));
#3518=VERTEX_POINT('',#3517);
#3519=CARTESIAN_POINT('',(-9.86E0,1.095E0,-1.77E0));
#3520=CARTESIAN_POINT('',(-9.86E0,-1.095E0,-1.77E0));
#3521=VERTEX_POINT('',#3519);
#3522=VERTEX_POINT('',#3520);
#3523=CARTESIAN_POINT('',(-7.64E0,-1.095E0,-1.77E0));
#3524=VERTEX_POINT('',#3523);
#3525=CARTESIAN_POINT('',(-7.64E0,1.095E0,-1.77E0));
#3526=VERTEX_POINT('',#3525);
#3527=CARTESIAN_POINT('',(-9.86E0,1.095E0,4.23E0));
#3528=CARTESIAN_POINT('',(-9.86E0,-1.095E0,4.23E0));
#3529=VERTEX_POINT('',#3527);
#3530=VERTEX_POINT('',#3528);
#3531=CARTESIAN_POINT('',(-7.64E0,-1.095E0,4.23E0));
#3532=VERTEX_POINT('',#3531);
#3533=CARTESIAN_POINT('',(-7.64E0,1.095E0,4.23E0));
#3534=VERTEX_POINT('',#3533);
#3535=CARTESIAN_POINT('',(-9.0675E0,-3.175E-1,-4.23E0));
#3536=CARTESIAN_POINT('',(-9.0675E0,3.175E-1,-4.23E0));
#3537=VERTEX_POINT('',#3535);
#3538=VERTEX_POINT('',#3536);
#3539=CARTESIAN_POINT('',(-8.4325E0,-3.175E-1,-4.23E0));
#3540=CARTESIAN_POINT('',(-8.4325E0,3.175E-1,-4.23E0));
#3541=VERTEX_POINT('',#3539);
#3542=VERTEX_POINT('',#3540);
#3543=CARTESIAN_POINT('',(-9.0675E0,-3.175E-1,-1.77E0));
#3544=CARTESIAN_POINT('',(-9.0675E0,3.175E-1,-1.77E0));
#3545=VERTEX_POINT('',#3543);
#3546=VERTEX_POINT('',#3544);
#3547=CARTESIAN_POINT('',(-8.4325E0,-3.175E-1,-1.77E0));
#3548=CARTESIAN_POINT('',(-8.4325E0,3.175E-1,-1.77E0));
#3549=VERTEX_POINT('',#3547);
#3550=VERTEX_POINT('',#3548);
#3551=CARTESIAN_POINT('',(-8.5825E0,1.675E-1,2.77E0));
#3552=CARTESIAN_POINT('',(-8.9175E0,1.675E-1,2.77E0));
#3553=VERTEX_POINT('',#3551);
#3554=VERTEX_POINT('',#3552);
#3555=CARTESIAN_POINT('',(-8.4325E0,3.175E-1,2.22E0));
#3556=CARTESIAN_POINT('',(-9.0675E0,3.175E-1,2.22E0));
#3557=VERTEX_POINT('',#3555);
#3558=VERTEX_POINT('',#3556);
#3559=CARTESIAN_POINT('',(-8.5825E0,-1.675E-1,2.77E0));
#3560=VERTEX_POINT('',#3559);
#3561=CARTESIAN_POINT('',(-8.4325E0,-3.175E-1,2.22E0));
#3562=VERTEX_POINT('',#3561);
#3563=CARTESIAN_POINT('',(-9.0675E0,-3.175E-1,2.22E0));
#3564=VERTEX_POINT('',#3563);
#3565=CARTESIAN_POINT('',(-8.9175E0,-1.675E-1,2.77E0));
#3566=VERTEX_POINT('',#3565);
#3567=CARTESIAN_POINT('',(-8.4325E0,3.175E-1,-7.48E0));
#3568=CARTESIAN_POINT('',(-9.0675E0,3.175E-1,-7.48E0));
#3569=VERTEX_POINT('',#3567);
#3570=VERTEX_POINT('',#3568);
#3571=CARTESIAN_POINT('',(-8.5825E0,1.675E-1,-8.03E0));
#3572=CARTESIAN_POINT('',(-8.9175E0,1.675E-1,-8.03E0));
#3573=VERTEX_POINT('',#3571);
#3574=VERTEX_POINT('',#3572);
#3575=CARTESIAN_POINT('',(-8.5825E0,-1.675E-1,-8.03E0));
#3576=VERTEX_POINT('',#3575);
#3577=CARTESIAN_POINT('',(-8.4325E0,-3.175E-1,-7.48E0));
#3578=VERTEX_POINT('',#3577);
#3579=CARTESIAN_POINT('',(-9.0675E0,-3.175E-1,-7.48E0));
#3580=VERTEX_POINT('',#3579);
#3581=CARTESIAN_POINT('',(-8.9175E0,-1.675E-1,-8.03E0));
#3582=VERTEX_POINT('',#3581);
#3583=CARTESIAN_POINT('',(0.E0,-1.74E0,0.E0));
#3584=DIRECTION('',(0.E0,1.E0,0.E0));
#3585=DIRECTION('',(1.E0,0.E0,0.E0));
#3586=AXIS2_PLACEMENT_3D('',#3583,#3584,#3585);
#3587=PLANE('',#3586);
#3589=ORIENTED_EDGE('',*,*,#3588,.T.);
#3591=ORIENTED_EDGE('',*,*,#3590,.T.);
#3593=ORIENTED_EDGE('',*,*,#3592,.T.);
#3595=ORIENTED_EDGE('',*,*,#3594,.F.);
#3597=ORIENTED_EDGE('',*,*,#3596,.T.);
#3599=ORIENTED_EDGE('',*,*,#3598,.T.);
#3601=ORIENTED_EDGE('',*,*,#3600,.T.);
#3603=ORIENTED_EDGE('',*,*,#3602,.F.);
#3604=EDGE_LOOP('',(#3589,#3591,#3593,#3595,#3597,#3599,#3601,#3603));
#3605=FACE_OUTER_BOUND('',#3604,.F.);
#3606=ADVANCED_FACE('',(#3605),#3587,.F.);
#3607=CARTESIAN_POINT('',(1.047E1,-1.74E0,-4.23E0));
#3608=DIRECTION('',(0.E0,0.E0,-1.E0));
#3609=DIRECTION('',(-1.E0,0.E0,0.E0));
#3610=AXIS2_PLACEMENT_3D('',#3607,#3608,#3609);
#3611=PLANE('',#3610);
#3613=ORIENTED_EDGE('',*,*,#3612,.T.);
#3615=ORIENTED_EDGE('',*,*,#3614,.T.);
#3617=ORIENTED_EDGE('',*,*,#3616,.T.);
#3619=ORIENTED_EDGE('',*,*,#3618,.F.);
#3621=ORIENTED_EDGE('',*,*,#3620,.F.);
#3623=ORIENTED_EDGE('',*,*,#3622,.T.);
#3625=ORIENTED_EDGE('',*,*,#3624,.F.);
#3626=ORIENTED_EDGE('',*,*,#3588,.F.);
#3628=ORIENTED_EDGE('',*,*,#3627,.T.);
#3630=ORIENTED_EDGE('',*,*,#3629,.F.);
#3632=ORIENTED_EDGE('',*,*,#3631,.T.);
#3634=ORIENTED_EDGE('',*,*,#3633,.T.);
#3636=ORIENTED_EDGE('',*,*,#3635,.F.);
#3638=ORIENTED_EDGE('',*,*,#3637,.T.);
#3639=EDGE_LOOP('',(#3613,#3615,#3617,#3619,#3621,#3623,#3625,#3626,#3628,#3630,
#3632,#3634,#3636,#3638));
#3640=FACE_OUTER_BOUND('',#3639,.F.);
#3642=ORIENTED_EDGE('',*,*,#3641,.T.);
#3644=ORIENTED_EDGE('',*,*,#3643,.T.);
#3646=ORIENTED_EDGE('',*,*,#3645,.F.);
#3648=ORIENTED_EDGE('',*,*,#3647,.F.);
#3649=EDGE_LOOP('',(#3642,#3644,#3646,#3648));
#3650=FACE_BOUND('',#3649,.F.);
#3652=ORIENTED_EDGE('',*,*,#3651,.T.);
#3654=ORIENTED_EDGE('',*,*,#3653,.T.);
#3656=ORIENTED_EDGE('',*,*,#3655,.F.);
#3658=ORIENTED_EDGE('',*,*,#3657,.F.);
#3659=EDGE_LOOP('',(#3652,#3654,#3656,#3658));
#3660=FACE_BOUND('',#3659,.F.);
#3662=ORIENTED_EDGE('',*,*,#3661,.T.);
#3664=ORIENTED_EDGE('',*,*,#3663,.T.);
#3666=ORIENTED_EDGE('',*,*,#3665,.F.);
#3668=ORIENTED_EDGE('',*,*,#3667,.F.);
#3669=EDGE_LOOP('',(#3662,#3664,#3666,#3668));
#3670=FACE_BOUND('',#3669,.F.);
#3672=ORIENTED_EDGE('',*,*,#3671,.T.);
#3674=ORIENTED_EDGE('',*,*,#3673,.T.);
#3676=ORIENTED_EDGE('',*,*,#3675,.F.);
#3678=ORIENTED_EDGE('',*,*,#3677,.F.);
#3679=EDGE_LOOP('',(#3672,#3674,#3676,#3678));
#3680=FACE_BOUND('',#3679,.F.);
#3682=ORIENTED_EDGE('',*,*,#3681,.T.);
#3684=ORIENTED_EDGE('',*,*,#3683,.T.);
#3686=ORIENTED_EDGE('',*,*,#3685,.F.);
#3688=ORIENTED_EDGE('',*,*,#3687,.F.);
#3689=EDGE_LOOP('',(#3682,#3684,#3686,#3688));
#3690=FACE_BOUND('',#3689,.F.);
#3692=ORIENTED_EDGE('',*,*,#3691,.T.);
#3694=ORIENTED_EDGE('',*,*,#3693,.T.);
#3696=ORIENTED_EDGE('',*,*,#3695,.F.);
#3698=ORIENTED_EDGE('',*,*,#3697,.F.);
#3699=EDGE_LOOP('',(#3692,#3694,#3696,#3698));
#3700=FACE_BOUND('',#3699,.F.);
#3702=ORIENTED_EDGE('',*,*,#3701,.T.);
#3704=ORIENTED_EDGE('',*,*,#3703,.T.);
#3706=ORIENTED_EDGE('',*,*,#3705,.F.);
#3708=ORIENTED_EDGE('',*,*,#3707,.F.);
#3709=EDGE_LOOP('',(#3702,#3704,#3706,#3708));
#3710=FACE_BOUND('',#3709,.F.);
#3712=ORIENTED_EDGE('',*,*,#3711,.T.);
#3714=ORIENTED_EDGE('',*,*,#3713,.T.);
#3716=ORIENTED_EDGE('',*,*,#3715,.F.);
#3718=ORIENTED_EDGE('',*,*,#3717,.F.);
#3719=EDGE_LOOP('',(#3712,#3714,#3716,#3718));
#3720=FACE_BOUND('',#3719,.F.);
#3721=ADVANCED_FACE('',(#3640,#3650,#3660,#3670,#3680,#3690,#3700,#3710,#3720),
#3611,.T.);
#3722=CARTESIAN_POINT('',(8.4325E0,-1.74E0,0.E0));
#3723=DIRECTION('',(1.E0,0.E0,0.E0));
#3724=DIRECTION('',(0.E0,0.E0,-1.E0));
#3725=AXIS2_PLACEMENT_3D('',#3722,#3723,#3724);
#3726=PLANE('',#3725);
#3728=ORIENTED_EDGE('',*,*,#3727,.F.);
#3730=ORIENTED_EDGE('',*,*,#3729,.T.);
#3732=ORIENTED_EDGE('',*,*,#3731,.T.);
#3734=ORIENTED_EDGE('',*,*,#3733,.T.);
#3735=EDGE_LOOP('',(#3728,#3730,#3732,#3734));
#3736=FACE_OUTER_BOUND('',#3735,.F.);
#3737=ADVANCED_FACE('',(#3736),#3726,.F.);
#3738=CARTESIAN_POINT('',(8.4325E0,-1.74E0,0.E0));
#3739=DIRECTION('',(1.E0,0.E0,0.E0));
#3740=DIRECTION('',(0.E0,0.E0,-1.E0));
#3741=AXIS2_PLACEMENT_3D('',#3738,#3739,#3740);
#3742=PLANE('',#3741);
#3744=ORIENTED_EDGE('',*,*,#3743,.F.);
#3746=ORIENTED_EDGE('',*,*,#3745,.T.);
#3748=ORIENTED_EDGE('',*,*,#3747,.T.);
#3750=ORIENTED_EDGE('',*,*,#3749,.T.);
#3752=ORIENTED_EDGE('',*,*,#3751,.F.);
#3754=ORIENTED_EDGE('',*,*,#3753,.F.);
#3756=ORIENTED_EDGE('',*,*,#3755,.F.);
#3758=ORIENTED_EDGE('',*,*,#3757,.T.);
#3760=ORIENTED_EDGE('',*,*,#3759,.T.);
#3762=ORIENTED_EDGE('',*,*,#3761,.T.);
#3764=ORIENTED_EDGE('',*,*,#3763,.F.);
#3765=ORIENTED_EDGE('',*,*,#3711,.F.);
#3766=EDGE_LOOP('',(#3744,#3746,#3748,#3750,#3752,#3754,#3756,#3758,#3760,#3762,
#3764,#3765));
#3767=FACE_OUTER_BOUND('',#3766,.F.);
#3768=ADVANCED_FACE('',(#3767),#3742,.F.);
#3769=CARTESIAN_POINT('',(8.5075E0,-2.309263891220E-14,2.495E0));
#3770=DIRECTION('',(-9.647638212377E-1,0.E0,2.631174057921E-1));
#3771=DIRECTION('',(2.631174057921E-1,0.E0,9.647638212377E-1));
#3772=AXIS2_PLACEMENT_3D('',#3769,#3770,#3771);
#3773=PLANE('',#3772);
#3775=ORIENTED_EDGE('',*,*,#3774,.F.);
#3777=ORIENTED_EDGE('',*,*,#3776,.T.);
#3778=ORIENTED_EDGE('',*,*,#3727,.T.);
#3780=ORIENTED_EDGE('',*,*,#3779,.T.);
#3781=EDGE_LOOP('',(#3775,#3777,#3778,#3780));
#3782=FACE_OUTER_BOUND('',#3781,.F.);
#3783=ADVANCED_FACE('',(#3782),#3773,.T.);
#3784=CARTESIAN_POINT('',(8.4325E0,3.175E-1,2.77E0));
#3785=DIRECTION('',(0.E0,0.E0,1.E0));
#3786=DIRECTION('',(0.E0,-1.E0,0.E0));
#3787=AXIS2_PLACEMENT_3D('',#3784,#3785,#3786);
#3788=PLANE('',#3787);
#3790=ORIENTED_EDGE('',*,*,#3789,.F.);
#3792=ORIENTED_EDGE('',*,*,#3791,.T.);
#3794=ORIENTED_EDGE('',*,*,#3793,.T.);
#3795=ORIENTED_EDGE('',*,*,#3774,.T.);
#3796=EDGE_LOOP('',(#3790,#3792,#3794,#3795));
#3797=FACE_OUTER_BOUND('',#3796,.F.);
#3798=ADVANCED_FACE('',(#3797),#3788,.T.);
#3799=CARTESIAN_POINT('',(8.75E0,2.425E-1,2.495E0));
#3800=DIRECTION('',(0.E0,9.647638212377E-1,2.631174057921E-1));
#3801=DIRECTION('',(0.E0,2.631174057921E-1,-9.647638212377E-1));
#3802=AXIS2_PLACEMENT_3D('',#3799,#3800,#3801);
#3803=PLANE('',#3802);
#3804=ORIENTED_EDGE('',*,*,#3789,.T.);
#3805=ORIENTED_EDGE('',*,*,#3779,.F.);
#3807=ORIENTED_EDGE('',*,*,#3806,.F.);
#3809=ORIENTED_EDGE('',*,*,#3808,.F.);
#3810=EDGE_LOOP('',(#3804,#3805,#3807,#3809));
#3811=FACE_OUTER_BOUND('',#3810,.F.);
#3812=ADVANCED_FACE('',(#3811),#3803,.T.);
#3813=CARTESIAN_POINT('',(8.4325E0,3.175E-1,-8.03E0));
#3814=DIRECTION('',(0.E0,1.E0,0.E0));
#3815=DIRECTION('',(0.E0,0.E0,1.E0));
#3816=AXIS2_PLACEMENT_3D('',#3813,#3814,#3815);
#3817=PLANE('',#3816);
#3818=ORIENTED_EDGE('',*,*,#3806,.T.);
#3819=ORIENTED_EDGE('',*,*,#3733,.F.);
#3821=ORIENTED_EDGE('',*,*,#3820,.T.);
#3823=ORIENTED_EDGE('',*,*,#3822,.T.);
#3824=EDGE_LOOP('',(#3818,#3819,#3821,#3823));
#3825=FACE_OUTER_BOUND('',#3824,.F.);
#3826=ADVANCED_FACE('',(#3825),#3817,.T.);
#3827=CARTESIAN_POINT('',(8.4325E0,3.175E-1,-8.03E0));
#3828=DIRECTION('',(0.E0,1.E0,0.E0));
#3829=DIRECTION('',(0.E0,0.E0,1.E0));
#3830=AXIS2_PLACEMENT_3D('',#3827,#3828,#3829);
#3831=PLANE('',#3830);
#3832=ORIENTED_EDGE('',*,*,#3763,.T.);
#3834=ORIENTED_EDGE('',*,*,#3833,.T.);
#3836=ORIENTED_EDGE('',*,*,#3835,.T.);
#3837=ORIENTED_EDGE('',*,*,#3713,.F.);
#3838=EDGE_LOOP('',(#3832,#3834,#3836,#3837));
#3839=FACE_OUTER_BOUND('',#3838,.F.);
#3840=ADVANCED_FACE('',(#3839),#3831,.T.);
#3841=CARTESIAN_POINT('',(8.4325E0,3.175E-1,-8.03E0));
#3842=DIRECTION('',(0.E0,1.E0,0.E0));
#3843=DIRECTION('',(0.E0,0.E0,1.E0));
#3844=AXIS2_PLACEMENT_3D('',#3841,#3842,#3843);
#3845=PLANE('',#3844);
#3847=ORIENTED_EDGE('',*,*,#3846,.T.);
#3849=ORIENTED_EDGE('',*,*,#3848,.F.);
#3850=ORIENTED_EDGE('',*,*,#3755,.T.);
#3852=ORIENTED_EDGE('',*,*,#3851,.F.);
#3853=EDGE_LOOP('',(#3847,#3849,#3850,#3852));
#3854=FACE_OUTER_BOUND('',#3853,.F.);
#3855=ADVANCED_FACE('',(#3854),#3845,.T.);
#3856=CARTESIAN_POINT('',(0.E0,-1.74E0,-1.77E0));
#3857=DIRECTION('',(0.E0,0.E0,1.E0));
#3858=DIRECTION('',(1.E0,0.E0,0.E0));
#3859=AXIS2_PLACEMENT_3D('',#3856,#3857,#3858);
#3860=PLANE('',#3859);
#3862=ORIENTED_EDGE('',*,*,#3861,.F.);
#3864=ORIENTED_EDGE('',*,*,#3863,.F.);
#3866=ORIENTED_EDGE('',*,*,#3865,.F.);
#3868=ORIENTED_EDGE('',*,*,#3867,.F.);
#3869=EDGE_LOOP('',(#3862,#3864,#3866,#3868));
#3870=FACE_OUTER_BOUND('',#3869,.F.);
#3871=ORIENTED_EDGE('',*,*,#3731,.F.);
#3873=ORIENTED_EDGE('',*,*,#3872,.T.);
#3875=ORIENTED_EDGE('',*,*,#3874,.T.);
#3876=ORIENTED_EDGE('',*,*,#3820,.F.);
#3877=EDGE_LOOP('',(#3871,#3873,#3875,#3876));
#3878=FACE_BOUND('',#3877,.F.);
#3879=ADVANCED_FACE('',(#3870,#3878),#3860,.T.);
#3880=CARTESIAN_POINT('',(7.64E0,1.095E0,4.23E0));
#3881=DIRECTION('',(-1.E0,0.E0,0.E0));
#3882=DIRECTION('',(0.E0,-1.E0,0.E0));
#3883=AXIS2_PLACEMENT_3D('',#3880,#3881,#3882);
#3884=PLANE('',#3883);
#3886=ORIENTED_EDGE('',*,*,#3885,.T.);
#3888=ORIENTED_EDGE('',*,*,#3887,.T.);
#3890=ORIENTED_EDGE('',*,*,#3889,.T.);
#3892=ORIENTED_EDGE('',*,*,#3891,.F.);
#3894=ORIENTED_EDGE('',*,*,#3893,.T.);
#3895=ORIENTED_EDGE('',*,*,#3861,.T.);
#3897=ORIENTED_EDGE('',*,*,#3896,.F.);
#3898=EDGE_LOOP('',(#3886,#3888,#3890,#3892,#3894,#3895,#3897));
#3899=FACE_OUTER_BOUND('',#3898,.F.);
#3900=ADVANCED_FACE('',(#3899),#3884,.F.);
#3901=CARTESIAN_POINT('',(8.75E0,-1.095E0,-7.E-2));
#3902=DIRECTION('',(0.E0,0.E0,-1.E0));
#3903=DIRECTION('',(0.E0,1.E0,0.E0));
#3904=AXIS2_PLACEMENT_3D('',#3901,#3902,#3903);
#3905=PLANE('',#3904);
#3906=ORIENTED_EDGE('',*,*,#3885,.F.);
#3908=ORIENTED_EDGE('',*,*,#3907,.T.);
#3910=ORIENTED_EDGE('',*,*,#3909,.T.);
#3912=ORIENTED_EDGE('',*,*,#3911,.F.);
#3913=EDGE_LOOP('',(#3906,#3908,#3910,#3912));
#3914=FACE_OUTER_BOUND('',#3913,.F.);
#3915=ADVANCED_FACE('',(#3914),#3905,.F.);
#3916=CARTESIAN_POINT('',(7.64E0,-1.095E0,4.23E0));
#3917=DIRECTION('',(0.E0,-1.E0,0.E0));
#3918=DIRECTION('',(1.E0,0.E0,0.E0));
#3919=AXIS2_PLACEMENT_3D('',#3916,#3917,#3918);
#3920=PLANE('',#3919);
#3922=ORIENTED_EDGE('',*,*,#3921,.T.);
#3924=ORIENTED_EDGE('',*,*,#3923,.T.);
#3926=ORIENTED_EDGE('',*,*,#3925,.T.);
#3928=ORIENTED_EDGE('',*,*,#3927,.F.);
#3929=ORIENTED_EDGE('',*,*,#3907,.F.);
#3930=ORIENTED_EDGE('',*,*,#3896,.T.);
#3931=ORIENTED_EDGE('',*,*,#3867,.T.);
#3933=ORIENTED_EDGE('',*,*,#3932,.F.);
#3934=EDGE_LOOP('',(#3922,#3924,#3926,#3928,#3929,#3930,#3931,#3933));
#3935=FACE_OUTER_BOUND('',#3934,.F.);
#3936=ADVANCED_FACE('',(#3935),#3920,.F.);
#3937=CARTESIAN_POINT('',(-1.047E1,-1.74E0,4.23E0));
#3938=DIRECTION('',(0.E0,0.E0,1.E0));
#3939=DIRECTION('',(1.E0,0.E0,0.E0));
#3940=AXIS2_PLACEMENT_3D('',#3937,#3938,#3939);
#3941=PLANE('',#3940);
#3943=ORIENTED_EDGE('',*,*,#3942,.T.);
#3945=ORIENTED_EDGE('',*,*,#3944,.T.);
#3947=ORIENTED_EDGE('',*,*,#3946,.T.);
#3949=ORIENTED_EDGE('',*,*,#3948,.T.);
#3951=ORIENTED_EDGE('',*,*,#3950,.T.);
#3953=ORIENTED_EDGE('',*,*,#3952,.T.);
#3955=ORIENTED_EDGE('',*,*,#3954,.T.);
#3957=ORIENTED_EDGE('',*,*,#3956,.T.);
#3959=ORIENTED_EDGE('',*,*,#3958,.T.);
#3961=ORIENTED_EDGE('',*,*,#3960,.T.);
#3963=ORIENTED_EDGE('',*,*,#3962,.T.);
#3965=ORIENTED_EDGE('',*,*,#3964,.T.);
#3967=ORIENTED_EDGE('',*,*,#3966,.T.);
#3969=ORIENTED_EDGE('',*,*,#3968,.T.);
#3971=ORIENTED_EDGE('',*,*,#3970,.F.);
#3973=ORIENTED_EDGE('',*,*,#3972,.T.);
#3975=ORIENTED_EDGE('',*,*,#3974,.T.);
#3977=ORIENTED_EDGE('',*,*,#3976,.T.);
#3979=ORIENTED_EDGE('',*,*,#3978,.F.);
#3980=ORIENTED_EDGE('',*,*,#3596,.F.);
#3982=ORIENTED_EDGE('',*,*,#3981,.T.);
#3984=ORIENTED_EDGE('',*,*,#3983,.T.);
#3986=ORIENTED_EDGE('',*,*,#3985,.F.);
#3988=ORIENTED_EDGE('',*,*,#3987,.T.);
#3989=EDGE_LOOP('',(#3943,#3945,#3947,#3949,#3951,#3953,#3955,#3957,#3959,#3961,
#3963,#3965,#3967,#3969,#3971,#3973,#3975,#3977,#3979,#3980,#3982,#3984,#3986,
#3988));
#3990=FACE_OUTER_BOUND('',#3989,.F.);
#3992=ORIENTED_EDGE('',*,*,#3991,.T.);
#3994=ORIENTED_EDGE('',*,*,#3993,.T.);
#3996=ORIENTED_EDGE('',*,*,#3995,.T.);
#3998=ORIENTED_EDGE('',*,*,#3997,.T.);
#3999=EDGE_LOOP('',(#3992,#3994,#3996,#3998));
#4000=FACE_BOUND('',#3999,.F.);
#4002=ORIENTED_EDGE('',*,*,#4001,.T.);
#4004=ORIENTED_EDGE('',*,*,#4003,.T.);
#4006=ORIENTED_EDGE('',*,*,#4005,.T.);
#4008=ORIENTED_EDGE('',*,*,#4007,.T.);
#4009=EDGE_LOOP('',(#4002,#4004,#4006,#4008));
#4010=FACE_BOUND('',#4009,.F.);
#4012=ORIENTED_EDGE('',*,*,#4011,.T.);
#4014=ORIENTED_EDGE('',*,*,#4013,.T.);
#4016=ORIENTED_EDGE('',*,*,#4015,.T.);
#4018=ORIENTED_EDGE('',*,*,#4017,.T.);
#4019=EDGE_LOOP('',(#4012,#4014,#4016,#4018));
#4020=FACE_BOUND('',#4019,.F.);
#4021=ORIENTED_EDGE('',*,*,#3921,.F.);
#4023=ORIENTED_EDGE('',*,*,#4022,.T.);
#4025=ORIENTED_EDGE('',*,*,#4024,.T.);
#4026=ORIENTED_EDGE('',*,*,#3891,.T.);
#4028=ORIENTED_EDGE('',*,*,#4027,.F.);
#4030=ORIENTED_EDGE('',*,*,#4029,.T.);
#4032=ORIENTED_EDGE('',*,*,#4031,.T.);
#4034=ORIENTED_EDGE('',*,*,#4033,.T.);
#4035=EDGE_LOOP('',(#4021,#4023,#4025,#4026,#4028,#4030,#4032,#4034));
#4036=FACE_BOUND('',#4035,.F.);
#4038=ORIENTED_EDGE('',*,*,#4037,.T.);
#4040=ORIENTED_EDGE('',*,*,#4039,.T.);
#4042=ORIENTED_EDGE('',*,*,#4041,.T.);
#4044=ORIENTED_EDGE('',*,*,#4043,.T.);
#4045=EDGE_LOOP('',(#4038,#4040,#4042,#4044));
#4046=FACE_BOUND('',#4045,.F.);
#4047=ADVANCED_FACE('',(#3990,#4000,#4010,#4020,#4036,#4046),#3941,.T.);
#4048=CARTESIAN_POINT('',(2.64E0,1.095E0,4.23E0));
#4049=DIRECTION('',(-1.E0,0.E0,0.E0));
#4050=DIRECTION('',(0.E0,-1.E0,0.E0));
#4051=AXIS2_PLACEMENT_3D('',#4048,#4049,#4050);
#4052=PLANE('',#4051);
#4053=ORIENTED_EDGE('',*,*,#4037,.F.);
#4055=ORIENTED_EDGE('',*,*,#4054,.T.);
#4057=ORIENTED_EDGE('',*,*,#4056,.T.);
#4059=ORIENTED_EDGE('',*,*,#4058,.F.);
#4060=EDGE_LOOP('',(#4053,#4055,#4057,#4059));
#4061=FACE_OUTER_BOUND('',#4060,.F.);
#4062=ADVANCED_FACE('',(#4061),#4052,.F.);
#4063=CARTESIAN_POINT('',(4.86E0,1.095E0,4.23E0));
#4064=DIRECTION('',(0.E0,1.E0,0.E0));
#4065=DIRECTION('',(-1.E0,0.E0,0.E0));
#4066=AXIS2_PLACEMENT_3D('',#4063,#4064,#4065);
#4067=PLANE('',#4066);
#4068=ORIENTED_EDGE('',*,*,#4043,.F.);
#4070=ORIENTED_EDGE('',*,*,#4069,.T.);
#4072=ORIENTED_EDGE('',*,*,#4071,.T.);
#4073=ORIENTED_EDGE('',*,*,#4054,.F.);
#4074=EDGE_LOOP('',(#4068,#4070,#4072,#4073));
#4075=FACE_OUTER_BOUND('',#4074,.F.);
#4076=ADVANCED_FACE('',(#4075),#4067,.F.);
#4077=CARTESIAN_POINT('',(4.86E0,-1.095E0,4.23E0));
#4078=DIRECTION('',(1.E0,0.E0,0.E0));
#4079=DIRECTION('',(0.E0,1.E0,0.E0));
#4080=AXIS2_PLACEMENT_3D('',#4077,#4078,#4079);
#4081=PLANE('',#4080);
#4082=ORIENTED_EDGE('',*,*,#4041,.F.);
#4084=ORIENTED_EDGE('',*,*,#4083,.T.);
#4086=ORIENTED_EDGE('',*,*,#4085,.T.);
#4087=ORIENTED_EDGE('',*,*,#4069,.F.);
#4088=EDGE_LOOP('',(#4082,#4084,#4086,#4087));
#4089=FACE_OUTER_BOUND('',#4088,.F.);
#4090=ADVANCED_FACE('',(#4089),#4081,.F.);
#4091=CARTESIAN_POINT('',(2.64E0,-1.095E0,4.23E0));
#4092=DIRECTION('',(0.E0,-1.E0,0.E0));
#4093=DIRECTION('',(1.E0,0.E0,0.E0));
#4094=AXIS2_PLACEMENT_3D('',#4091,#4092,#4093);
#4095=PLANE('',#4094);
#4096=ORIENTED_EDGE('',*,*,#4039,.F.);
#4097=ORIENTED_EDGE('',*,*,#4058,.T.);
#4099=ORIENTED_EDGE('',*,*,#4098,.T.);
#4100=ORIENTED_EDGE('',*,*,#4083,.F.);
#4101=EDGE_LOOP('',(#4096,#4097,#4099,#4100));
#4102=FACE_OUTER_BOUND('',#4101,.F.);
#4103=ADVANCED_FACE('',(#4102),#4095,.F.);
#4104=CARTESIAN_POINT('',(0.E0,-1.74E0,-1.77E0));
#4105=DIRECTION('',(0.E0,0.E0,1.E0));
#4106=DIRECTION('',(1.E0,0.E0,0.E0));
#4107=AXIS2_PLACEMENT_3D('',#4104,#4105,#4106);
#4108=PLANE('',#4107);
#4109=ORIENTED_EDGE('',*,*,#4056,.F.);
#4110=ORIENTED_EDGE('',*,*,#4071,.F.);
#4111=ORIENTED_EDGE('',*,*,#4085,.F.);
#4112=ORIENTED_EDGE('',*,*,#4098,.F.);
#4113=EDGE_LOOP('',(#4109,#4110,#4111,#4112));
#4114=FACE_OUTER_BOUND('',#4113,.F.);
#4116=ORIENTED_EDGE('',*,*,#4115,.F.);
#4118=ORIENTED_EDGE('',*,*,#4117,.T.);
#4120=ORIENTED_EDGE('',*,*,#4119,.T.);
#4122=ORIENTED_EDGE('',*,*,#4121,.F.);
#4123=EDGE_LOOP('',(#4116,#4118,#4120,#4122));
#4124=FACE_BOUND('',#4123,.F.);
#4125=ADVANCED_FACE('',(#4114,#4124),#4108,.T.);
#4126=CARTESIAN_POINT('',(3.4325E0,-1.74E0,0.E0));
#4127=DIRECTION('',(1.E0,0.E0,0.E0));
#4128=DIRECTION('',(0.E0,0.E0,-1.E0));
#4129=AXIS2_PLACEMENT_3D('',#4126,#4127,#4128);
#4130=PLANE('',#4129);
#4132=ORIENTED_EDGE('',*,*,#4131,.F.);
#4134=ORIENTED_EDGE('',*,*,#4133,.T.);
#4135=ORIENTED_EDGE('',*,*,#4115,.T.);
#4137=ORIENTED_EDGE('',*,*,#4136,.T.);
#4138=EDGE_LOOP('',(#4132,#4134,#4135,#4137));
#4139=FACE_OUTER_BOUND('',#4138,.F.);
#4140=ADVANCED_FACE('',(#4139),#4130,.F.);
#4141=CARTESIAN_POINT('',(3.4325E0,-1.74E0,0.E0));
#4142=DIRECTION('',(1.E0,0.E0,0.E0));
#4143=DIRECTION('',(0.E0,0.E0,-1.E0));
#4144=AXIS2_PLACEMENT_3D('',#4141,#4142,#4143);
#4145=PLANE('',#4144);
#4147=ORIENTED_EDGE('',*,*,#4146,.F.);
#4149=ORIENTED_EDGE('',*,*,#4148,.T.);
#4150=ORIENTED_EDGE('',*,*,#3651,.F.);
#4152=ORIENTED_EDGE('',*,*,#4151,.T.);
#4153=EDGE_LOOP('',(#4147,#4149,#4150,#4152));
#4154=FACE_OUTER_BOUND('',#4153,.F.);
#4155=ADVANCED_FACE('',(#4154),#4145,.F.);
#4156=CARTESIAN_POINT('',(3.5075E0,0.E0,2.495E0));
#4157=DIRECTION('',(-9.647638212377E-1,0.E0,2.631174057921E-1));
#4158=DIRECTION('',(2.631174057921E-1,0.E0,9.647638212377E-1));
#4159=AXIS2_PLACEMENT_3D('',#4156,#4157,#4158);
#4160=PLANE('',#4159);
#4162=ORIENTED_EDGE('',*,*,#4161,.F.);
#4164=ORIENTED_EDGE('',*,*,#4163,.T.);
#4165=ORIENTED_EDGE('',*,*,#4131,.T.);
#4167=ORIENTED_EDGE('',*,*,#4166,.T.);
#4168=EDGE_LOOP('',(#4162,#4164,#4165,#4167));
#4169=FACE_OUTER_BOUND('',#4168,.F.);
#4170=ADVANCED_FACE('',(#4169),#4160,.T.);
#4171=CARTESIAN_POINT('',(3.4325E0,3.175E-1,2.77E0));
#4172=DIRECTION('',(0.E0,0.E0,1.E0));
#4173=DIRECTION('',(0.E0,-1.E0,0.E0));
#4174=AXIS2_PLACEMENT_3D('',#4171,#4172,#4173);
#4175=PLANE('',#4174);
#4177=ORIENTED_EDGE('',*,*,#4176,.F.);
#4179=ORIENTED_EDGE('',*,*,#4178,.T.);
#4181=ORIENTED_EDGE('',*,*,#4180,.T.);
#4182=ORIENTED_EDGE('',*,*,#4161,.T.);
#4183=EDGE_LOOP('',(#4177,#4179,#4181,#4182));
#4184=FACE_OUTER_BOUND('',#4183,.F.);
#4185=ADVANCED_FACE('',(#4184),#4175,.T.);
#4186=CARTESIAN_POINT('',(3.75E0,2.425E-1,2.495E0));
#4187=DIRECTION('',(0.E0,9.647638212377E-1,2.631174057921E-1));
#4188=DIRECTION('',(0.E0,2.631174057921E-1,-9.647638212377E-1));
#4189=AXIS2_PLACEMENT_3D('',#4186,#4187,#4188);
#4190=PLANE('',#4189);
#4191=ORIENTED_EDGE('',*,*,#4176,.T.);
#4192=ORIENTED_EDGE('',*,*,#4166,.F.);
#4194=ORIENTED_EDGE('',*,*,#4193,.F.);
#4196=ORIENTED_EDGE('',*,*,#4195,.F.);
#4197=EDGE_LOOP('',(#4191,#4192,#4194,#4196));
#4198=FACE_OUTER_BOUND('',#4197,.F.);
#4199=ADVANCED_FACE('',(#4198),#4190,.T.);
#4200=CARTESIAN_POINT('',(3.4325E0,3.175E-1,-8.03E0));
#4201=DIRECTION('',(0.E0,1.E0,0.E0));
#4202=DIRECTION('',(0.E0,0.E0,1.E0));
#4203=AXIS2_PLACEMENT_3D('',#4200,#4201,#4202);
#4204=PLANE('',#4203);
#4205=ORIENTED_EDGE('',*,*,#4193,.T.);
#4206=ORIENTED_EDGE('',*,*,#4136,.F.);
#4207=ORIENTED_EDGE('',*,*,#4121,.T.);
#4209=ORIENTED_EDGE('',*,*,#4208,.T.);
#4210=EDGE_LOOP('',(#4205,#4206,#4207,#4209));
#4211=FACE_OUTER_BOUND('',#4210,.F.);
#4212=ADVANCED_FACE('',(#4211),#4204,.T.);
#4213=CARTESIAN_POINT('',(3.4325E0,3.175E-1,-8.03E0));
#4214=DIRECTION('',(0.E0,1.E0,0.E0));
#4215=DIRECTION('',(0.E0,0.E0,1.E0));
#4216=AXIS2_PLACEMENT_3D('',#4213,#4214,#4215);
#4217=PLANE('',#4216);
#4219=ORIENTED_EDGE('',*,*,#4218,.F.);
#4221=ORIENTED_EDGE('',*,*,#4220,.T.);
#4222=ORIENTED_EDGE('',*,*,#3653,.F.);
#4223=ORIENTED_EDGE('',*,*,#4148,.F.);
#4224=EDGE_LOOP('',(#4219,#4221,#4222,#4223));
#4225=FACE_OUTER_BOUND('',#4224,.F.);
#4226=ADVANCED_FACE('',(#4225),#4217,.T.);
#4227=CARTESIAN_POINT('',(4.0675E0,-1.74E0,0.E0));
#4228=DIRECTION('',(1.E0,0.E0,0.E0));
#4229=DIRECTION('',(0.E0,0.E0,-1.E0));
#4230=AXIS2_PLACEMENT_3D('',#4227,#4228,#4229);
#4231=PLANE('',#4230);
#4233=ORIENTED_EDGE('',*,*,#4232,.F.);
#4234=ORIENTED_EDGE('',*,*,#4208,.F.);
#4235=ORIENTED_EDGE('',*,*,#4119,.F.);
#4237=ORIENTED_EDGE('',*,*,#4236,.F.);
#4238=EDGE_LOOP('',(#4233,#4234,#4235,#4237));
#4239=FACE_OUTER_BOUND('',#4238,.F.);
#4240=ADVANCED_FACE('',(#4239),#4231,.T.);
#4241=CARTESIAN_POINT('',(4.0675E0,-1.74E0,0.E0));
#4242=DIRECTION('',(1.E0,0.E0,0.E0));
#4243=DIRECTION('',(0.E0,0.E0,-1.E0));
#4244=AXIS2_PLACEMENT_3D('',#4241,#4242,#4243);
#4245=PLANE('',#4244);
#4247=ORIENTED_EDGE('',*,*,#4246,.F.);
#4249=ORIENTED_EDGE('',*,*,#4248,.F.);
#4250=ORIENTED_EDGE('',*,*,#3655,.T.);
#4251=ORIENTED_EDGE('',*,*,#4220,.F.);
#4252=EDGE_LOOP('',(#4247,#4249,#4250,#4251));
#4253=FACE_OUTER_BOUND('',#4252,.F.);
#4254=ADVANCED_FACE('',(#4253),#4245,.T.);
#4255=CARTESIAN_POINT('',(3.9925E0,0.E0,2.495E0));
#4256=DIRECTION('',(9.647638212377E-1,0.E0,2.631174057921E-1));
#4257=DIRECTION('',(-2.631174057921E-1,0.E0,9.647638212377E-1));
#4258=AXIS2_PLACEMENT_3D('',#4255,#4256,#4257);
#4259=PLANE('',#4258);
#4260=ORIENTED_EDGE('',*,*,#4178,.F.);
#4261=ORIENTED_EDGE('',*,*,#4195,.T.);
#4262=ORIENTED_EDGE('',*,*,#4232,.T.);
#4264=ORIENTED_EDGE('',*,*,#4263,.T.);
#4265=EDGE_LOOP('',(#4260,#4261,#4262,#4264));
#4266=FACE_OUTER_BOUND('',#4265,.F.);
#4267=ADVANCED_FACE('',(#4266),#4259,.T.);
#4268=CARTESIAN_POINT('',(3.75E0,-2.425E-1,2.495E0));
#4269=DIRECTION('',(0.E0,-9.647638212377E-1,2.631174057921E-1));
#4270=DIRECTION('',(0.E0,2.631174057921E-1,9.647638212377E-1));
#4271=AXIS2_PLACEMENT_3D('',#4268,#4269,#4270);
#4272=PLANE('',#4271);
#4274=ORIENTED_EDGE('',*,*,#4273,.T.);
#4275=ORIENTED_EDGE('',*,*,#4163,.F.);
#4276=ORIENTED_EDGE('',*,*,#4180,.F.);
#4277=ORIENTED_EDGE('',*,*,#4263,.F.);
#4278=EDGE_LOOP('',(#4274,#4275,#4276,#4277));
#4279=FACE_OUTER_BOUND('',#4278,.F.);
#4280=ADVANCED_FACE('',(#4279),#4272,.T.);
#4281=CARTESIAN_POINT('',(3.4325E0,-3.175E-1,2.77E0));
#4282=DIRECTION('',(0.E0,-1.E0,0.E0));
#4283=DIRECTION('',(0.E0,0.E0,-1.E0));
#4284=AXIS2_PLACEMENT_3D('',#4281,#4282,#4283);
#4285=PLANE('',#4284);
#4286=ORIENTED_EDGE('',*,*,#4273,.F.);
#4287=ORIENTED_EDGE('',*,*,#4236,.T.);
#4288=ORIENTED_EDGE('',*,*,#4117,.F.);
#4289=ORIENTED_EDGE('',*,*,#4133,.F.);
#4290=EDGE_LOOP('',(#4286,#4287,#4288,#4289));
#4291=FACE_OUTER_BOUND('',#4290,.F.);
#4292=ADVANCED_FACE('',(#4291),#4285,.T.);
#4293=CARTESIAN_POINT('',(3.4325E0,-3.175E-1,2.77E0));
#4294=DIRECTION('',(0.E0,-1.E0,0.E0));
#4295=DIRECTION('',(0.E0,0.E0,-1.E0));
#4296=AXIS2_PLACEMENT_3D('',#4293,#4294,#4295);
#4297=PLANE('',#4296);
#4299=ORIENTED_EDGE('',*,*,#4298,.T.);
#4300=ORIENTED_EDGE('',*,*,#4151,.F.);
#4301=ORIENTED_EDGE('',*,*,#3657,.T.);
#4302=ORIENTED_EDGE('',*,*,#4248,.T.);
#4303=EDGE_LOOP('',(#4299,#4300,#4301,#4302));
#4304=FACE_OUTER_BOUND('',#4303,.F.);
#4305=ADVANCED_FACE('',(#4304),#4297,.T.);
#4306=CARTESIAN_POINT('',(3.75E0,-2.425E-1,-7.755E0));
#4307=DIRECTION('',(0.E0,-9.647638212377E-1,-2.631174057921E-1));
#4308=DIRECTION('',(0.E0,-2.631174057921E-1,9.647638212377E-1));
#4309=AXIS2_PLACEMENT_3D('',#4306,#4307,#4308);
#4310=PLANE('',#4309);
#4311=ORIENTED_EDGE('',*,*,#4298,.F.);
#4313=ORIENTED_EDGE('',*,*,#4312,.F.);
#4315=ORIENTED_EDGE('',*,*,#4314,.T.);
#4317=ORIENTED_EDGE('',*,*,#4316,.T.);
#4318=EDGE_LOOP('',(#4311,#4313,#4315,#4317));
#4319=FACE_OUTER_BOUND('',#4318,.F.);
#4320=ADVANCED_FACE('',(#4319),#4310,.T.);
#4321=CARTESIAN_POINT('',(3.9925E0,-1.065814103640E-14,-7.755E0));
#4322=DIRECTION('',(9.647638212377E-1,0.E0,-2.631174057921E-1));
#4323=DIRECTION('',(-2.631174057921E-1,0.E0,-9.647638212377E-1));
#4324=AXIS2_PLACEMENT_3D('',#4321,#4322,#4323);
#4325=PLANE('',#4324);
#4327=ORIENTED_EDGE('',*,*,#4326,.F.);
#4328=ORIENTED_EDGE('',*,*,#4312,.T.);
#4329=ORIENTED_EDGE('',*,*,#4246,.T.);
#4331=ORIENTED_EDGE('',*,*,#4330,.T.);
#4332=EDGE_LOOP('',(#4327,#4328,#4329,#4331));
#4333=FACE_OUTER_BOUND('',#4332,.F.);
#4334=ADVANCED_FACE('',(#4333),#4325,.T.);
#4335=CARTESIAN_POINT('',(3.4325E0,-3.175E-1,-8.03E0));
#4336=DIRECTION('',(0.E0,0.E0,-1.E0));
#4337=DIRECTION('',(0.E0,1.E0,0.E0));
#4338=AXIS2_PLACEMENT_3D('',#4335,#4336,#4337);
#4339=PLANE('',#4338);
#4341=ORIENTED_EDGE('',*,*,#4340,.T.);
#4343=ORIENTED_EDGE('',*,*,#4342,.T.);
#4344=ORIENTED_EDGE('',*,*,#4314,.F.);
#4345=ORIENTED_EDGE('',*,*,#4326,.T.);
#4346=EDGE_LOOP('',(#4341,#4343,#4344,#4345));
#4347=FACE_OUTER_BOUND('',#4346,.F.);
#4348=ADVANCED_FACE('',(#4347),#4339,.T.);
#4349=CARTESIAN_POINT('',(3.75E0,2.425E-1,-7.755E0));
#4350=DIRECTION('',(0.E0,9.647638212377E-1,-2.631174057921E-1));
#4351=DIRECTION('',(0.E0,-2.631174057921E-1,-9.647638212377E-1));
#4352=AXIS2_PLACEMENT_3D('',#4349,#4350,#4351);
#4353=PLANE('',#4352);
#4354=ORIENTED_EDGE('',*,*,#4218,.T.);
#4356=ORIENTED_EDGE('',*,*,#4355,.F.);
#4357=ORIENTED_EDGE('',*,*,#4340,.F.);
#4358=ORIENTED_EDGE('',*,*,#4330,.F.);
#4359=EDGE_LOOP('',(#4354,#4356,#4357,#4358));
#4360=FACE_OUTER_BOUND('',#4359,.F.);
#4361=ADVANCED_FACE('',(#4360),#4353,.T.);
#4362=CARTESIAN_POINT('',(3.5075E0,0.E0,-7.755E0));
#4363=DIRECTION('',(-9.647638212377E-1,0.E0,-2.631174057921E-1));
#4364=DIRECTION('',(2.631174057921E-1,0.E0,-9.647638212377E-1));
#4365=AXIS2_PLACEMENT_3D('',#4362,#4363,#4364);
#4366=PLANE('',#4365);
#4367=ORIENTED_EDGE('',*,*,#4146,.T.);
#4368=ORIENTED_EDGE('',*,*,#4316,.F.);
#4369=ORIENTED_EDGE('',*,*,#4342,.F.);
#4370=ORIENTED_EDGE('',*,*,#4355,.T.);
#4371=EDGE_LOOP('',(#4367,#4368,#4369,#4370));
#4372=FACE_OUTER_BOUND('',#4371,.F.);
#4373=ADVANCED_FACE('',(#4372),#4366,.T.);
#4374=CARTESIAN_POINT('',(-4.86E0,1.095E0,4.23E0));
#4375=DIRECTION('',(-1.E0,0.E0,0.E0));
#4376=DIRECTION('',(0.E0,-1.E0,0.E0));
#4377=AXIS2_PLACEMENT_3D('',#4374,#4375,#4376);
#4378=PLANE('',#4377);
#4379=ORIENTED_EDGE('',*,*,#3991,.F.);
#4381=ORIENTED_EDGE('',*,*,#4380,.T.);
#4383=ORIENTED_EDGE('',*,*,#4382,.T.);
#4385=ORIENTED_EDGE('',*,*,#4384,.F.);
#4386=EDGE_LOOP('',(#4379,#4381,#4383,#4385));
#4387=FACE_OUTER_BOUND('',#4386,.F.);
#4388=ADVANCED_FACE('',(#4387),#4378,.F.);
#4389=CARTESIAN_POINT('',(-2.64E0,1.095E0,4.23E0));
#4390=DIRECTION('',(0.E0,1.E0,0.E0));
#4391=DIRECTION('',(-1.E0,0.E0,0.E0));
#4392=AXIS2_PLACEMENT_3D('',#4389,#4390,#4391);
#4393=PLANE('',#4392);
#4394=ORIENTED_EDGE('',*,*,#3997,.F.);
#4396=ORIENTED_EDGE('',*,*,#4395,.T.);
#4398=ORIENTED_EDGE('',*,*,#4397,.T.);
#4399=ORIENTED_EDGE('',*,*,#4380,.F.);
#4400=EDGE_LOOP('',(#4394,#4396,#4398,#4399));
#4401=FACE_OUTER_BOUND('',#4400,.F.);
#4402=ADVANCED_FACE('',(#4401),#4393,.F.);
#4403=CARTESIAN_POINT('',(-2.64E0,-1.095E0,4.23E0));
#4404=DIRECTION('',(1.E0,0.E0,0.E0));
#4405=DIRECTION('',(0.E0,1.E0,0.E0));
#4406=AXIS2_PLACEMENT_3D('',#4403,#4404,#4405);
#4407=PLANE('',#4406);
#4408=ORIENTED_EDGE('',*,*,#3995,.F.);
#4410=ORIENTED_EDGE('',*,*,#4409,.T.);
#4412=ORIENTED_EDGE('',*,*,#4411,.T.);
#4413=ORIENTED_EDGE('',*,*,#4395,.F.);
#4414=EDGE_LOOP('',(#4408,#4410,#4412,#4413));
#4415=FACE_OUTER_BOUND('',#4414,.F.);
#4416=ADVANCED_FACE('',(#4415),#4407,.F.);
#4417=CARTESIAN_POINT('',(-4.86E0,-1.095E0,4.23E0));
#4418=DIRECTION('',(0.E0,-1.E0,0.E0));
#4419=DIRECTION('',(1.E0,0.E0,0.E0));
#4420=AXIS2_PLACEMENT_3D('',#4417,#4418,#4419);
#4421=PLANE('',#4420);
#4422=ORIENTED_EDGE('',*,*,#3993,.F.);
#4423=ORIENTED_EDGE('',*,*,#4384,.T.);
#4425=ORIENTED_EDGE('',*,*,#4424,.T.);
#4426=ORIENTED_EDGE('',*,*,#4409,.F.);
#4427=EDGE_LOOP('',(#4422,#4423,#4425,#4426));
#4428=FACE_OUTER_BOUND('',#4427,.F.);
#4429=ADVANCED_FACE('',(#4428),#4421,.F.);
#4430=CARTESIAN_POINT('',(0.E0,-1.74E0,-1.77E0));
#4431=DIRECTION('',(0.E0,0.E0,1.E0));
#4432=DIRECTION('',(1.E0,0.E0,0.E0));
#4433=AXIS2_PLACEMENT_3D('',#4430,#4431,#4432);
#4434=PLANE('',#4433);
#4435=ORIENTED_EDGE('',*,*,#4382,.F.);
#4436=ORIENTED_EDGE('',*,*,#4397,.F.);
#4437=ORIENTED_EDGE('',*,*,#4411,.F.);
#4438=ORIENTED_EDGE('',*,*,#4424,.F.);
#4439=EDGE_LOOP('',(#4435,#4436,#4437,#4438));
#4440=FACE_OUTER_BOUND('',#4439,.F.);
#4442=ORIENTED_EDGE('',*,*,#4441,.F.);
#4444=ORIENTED_EDGE('',*,*,#4443,.T.);
#4446=ORIENTED_EDGE('',*,*,#4445,.T.);
#4448=ORIENTED_EDGE('',*,*,#4447,.F.);
#4449=EDGE_LOOP('',(#4442,#4444,#4446,#4448));
#4450=FACE_BOUND('',#4449,.F.);
#4451=ADVANCED_FACE('',(#4440,#4450),#4434,.T.);
#4452=CARTESIAN_POINT('',(-4.0675E0,-1.74E0,0.E0));
#4453=DIRECTION('',(1.E0,0.E0,0.E0));
#4454=DIRECTION('',(0.E0,0.E0,-1.E0));
#4455=AXIS2_PLACEMENT_3D('',#4452,#4453,#4454);
#4456=PLANE('',#4455);
#4458=ORIENTED_EDGE('',*,*,#4457,.F.);
#4460=ORIENTED_EDGE('',*,*,#4459,.T.);
#4461=ORIENTED_EDGE('',*,*,#4441,.T.);
#4463=ORIENTED_EDGE('',*,*,#4462,.T.);
#4464=EDGE_LOOP('',(#4458,#4460,#4461,#4463));
#4465=FACE_OUTER_BOUND('',#4464,.F.);
#4466=ADVANCED_FACE('',(#4465),#4456,.F.);
#4467=CARTESIAN_POINT('',(-4.0675E0,-1.74E0,0.E0));
#4468=DIRECTION('',(1.E0,0.E0,0.E0));
#4469=DIRECTION('',(0.E0,0.E0,-1.E0));
#4470=AXIS2_PLACEMENT_3D('',#4467,#4468,#4469);
#4471=PLANE('',#4470);
#4473=ORIENTED_EDGE('',*,*,#4472,.F.);
#4475=ORIENTED_EDGE('',*,*,#4474,.T.);
#4476=ORIENTED_EDGE('',*,*,#3681,.F.);
#4478=ORIENTED_EDGE('',*,*,#4477,.T.);
#4479=EDGE_LOOP('',(#4473,#4475,#4476,#4478));
#4480=FACE_OUTER_BOUND('',#4479,.F.);
#4481=ADVANCED_FACE('',(#4480),#4471,.F.);
#4482=CARTESIAN_POINT('',(-3.9925E0,-1.065814103640E-14,2.495E0));
#4483=DIRECTION('',(-9.647638212377E-1,0.E0,2.631174057921E-1));
#4484=DIRECTION('',(2.631174057921E-1,0.E0,9.647638212377E-1));
#4485=AXIS2_PLACEMENT_3D('',#4482,#4483,#4484);
#4486=PLANE('',#4485);
#4488=ORIENTED_EDGE('',*,*,#4487,.F.);
#4490=ORIENTED_EDGE('',*,*,#4489,.T.);
#4491=ORIENTED_EDGE('',*,*,#4457,.T.);
#4493=ORIENTED_EDGE('',*,*,#4492,.T.);
#4494=EDGE_LOOP('',(#4488,#4490,#4491,#4493));
#4495=FACE_OUTER_BOUND('',#4494,.F.);
#4496=ADVANCED_FACE('',(#4495),#4486,.T.);
#4497=CARTESIAN_POINT('',(-4.0675E0,3.175E-1,2.77E0));
#4498=DIRECTION('',(0.E0,0.E0,1.E0));
#4499=DIRECTION('',(0.E0,-1.E0,0.E0));
#4500=AXIS2_PLACEMENT_3D('',#4497,#4498,#4499);
#4501=PLANE('',#4500);
#4503=ORIENTED_EDGE('',*,*,#4502,.F.);
#4505=ORIENTED_EDGE('',*,*,#4504,.T.);
#4507=ORIENTED_EDGE('',*,*,#4506,.T.);
#4508=ORIENTED_EDGE('',*,*,#4487,.T.);
#4509=EDGE_LOOP('',(#4503,#4505,#4507,#4508));
#4510=FACE_OUTER_BOUND('',#4509,.F.);
#4511=ADVANCED_FACE('',(#4510),#4501,.T.);
#4512=CARTESIAN_POINT('',(-3.75E0,2.425E-1,2.495E0));
#4513=DIRECTION('',(0.E0,9.647638212377E-1,2.631174057921E-1));
#4514=DIRECTION('',(0.E0,2.631174057921E-1,-9.647638212377E-1));
#4515=AXIS2_PLACEMENT_3D('',#4512,#4513,#4514);
#4516=PLANE('',#4515);
#4517=ORIENTED_EDGE('',*,*,#4502,.T.);
#4518=ORIENTED_EDGE('',*,*,#4492,.F.);
#4520=ORIENTED_EDGE('',*,*,#4519,.F.);
#4522=ORIENTED_EDGE('',*,*,#4521,.F.);
#4523=EDGE_LOOP('',(#4517,#4518,#4520,#4522));
#4524=FACE_OUTER_BOUND('',#4523,.F.);
#4525=ADVANCED_FACE('',(#4524),#4516,.T.);
#4526=CARTESIAN_POINT('',(-4.0675E0,3.175E-1,-8.03E0));
#4527=DIRECTION('',(0.E0,1.E0,0.E0));
#4528=DIRECTION('',(0.E0,0.E0,1.E0));
#4529=AXIS2_PLACEMENT_3D('',#4526,#4527,#4528);
#4530=PLANE('',#4529);
#4531=ORIENTED_EDGE('',*,*,#4519,.T.);
#4532=ORIENTED_EDGE('',*,*,#4462,.F.);
#4533=ORIENTED_EDGE('',*,*,#4447,.T.);
#4535=ORIENTED_EDGE('',*,*,#4534,.T.);
#4536=EDGE_LOOP('',(#4531,#4532,#4533,#4535));
#4537=FACE_OUTER_BOUND('',#4536,.F.);
#4538=ADVANCED_FACE('',(#4537),#4530,.T.);
#4539=CARTESIAN_POINT('',(-4.0675E0,3.175E-1,-8.03E0));
#4540=DIRECTION('',(0.E0,1.E0,0.E0));
#4541=DIRECTION('',(0.E0,0.E0,1.E0));
#4542=AXIS2_PLACEMENT_3D('',#4539,#4540,#4541);
#4543=PLANE('',#4542);
#4545=ORIENTED_EDGE('',*,*,#4544,.F.);
#4547=ORIENTED_EDGE('',*,*,#4546,.T.);
#4548=ORIENTED_EDGE('',*,*,#3683,.F.);
#4549=ORIENTED_EDGE('',*,*,#4474,.F.);
#4550=EDGE_LOOP('',(#4545,#4547,#4548,#4549));
#4551=FACE_OUTER_BOUND('',#4550,.F.);
#4552=ADVANCED_FACE('',(#4551),#4543,.T.);
#4553=CARTESIAN_POINT('',(-3.4325E0,-1.74E0,0.E0));
#4554=DIRECTION('',(1.E0,0.E0,0.E0));
#4555=DIRECTION('',(0.E0,0.E0,-1.E0));
#4556=AXIS2_PLACEMENT_3D('',#4553,#4554,#4555);
#4557=PLANE('',#4556);
#4559=ORIENTED_EDGE('',*,*,#4558,.F.);
#4560=ORIENTED_EDGE('',*,*,#4534,.F.);
#4561=ORIENTED_EDGE('',*,*,#4445,.F.);
#4563=ORIENTED_EDGE('',*,*,#4562,.F.);
#4564=EDGE_LOOP('',(#4559,#4560,#4561,#4563));
#4565=FACE_OUTER_BOUND('',#4564,.F.);
#4566=ADVANCED_FACE('',(#4565),#4557,.T.);
#4567=CARTESIAN_POINT('',(-3.4325E0,-1.74E0,0.E0));
#4568=DIRECTION('',(1.E0,0.E0,0.E0));
#4569=DIRECTION('',(0.E0,0.E0,-1.E0));
#4570=AXIS2_PLACEMENT_3D('',#4567,#4568,#4569);
#4571=PLANE('',#4570);
#4573=ORIENTED_EDGE('',*,*,#4572,.F.);
#4575=ORIENTED_EDGE('',*,*,#4574,.F.);
#4576=ORIENTED_EDGE('',*,*,#3685,.T.);
#4577=ORIENTED_EDGE('',*,*,#4546,.F.);
#4578=EDGE_LOOP('',(#4573,#4575,#4576,#4577));
#4579=FACE_OUTER_BOUND('',#4578,.F.);
#4580=ADVANCED_FACE('',(#4579),#4571,.T.);
#4581=CARTESIAN_POINT('',(-3.5075E0,0.E0,2.495E0));
#4582=DIRECTION('',(9.647638212377E-1,0.E0,2.631174057921E-1));
#4583=DIRECTION('',(-2.631174057921E-1,0.E0,9.647638212377E-1));
#4584=AXIS2_PLACEMENT_3D('',#4581,#4582,#4583);
#4585=PLANE('',#4584);
#4586=ORIENTED_EDGE('',*,*,#4504,.F.);
#4587=ORIENTED_EDGE('',*,*,#4521,.T.);
#4588=ORIENTED_EDGE('',*,*,#4558,.T.);
#4590=ORIENTED_EDGE('',*,*,#4589,.T.);
#4591=EDGE_LOOP('',(#4586,#4587,#4588,#4590));
#4592=FACE_OUTER_BOUND('',#4591,.F.);
#4593=ADVANCED_FACE('',(#4592),#4585,.T.);
#4594=CARTESIAN_POINT('',(-3.75E0,-2.425E-1,2.495E0));
#4595=DIRECTION('',(0.E0,-9.647638212377E-1,2.631174057921E-1));
#4596=DIRECTION('',(0.E0,2.631174057921E-1,9.647638212377E-1));
#4597=AXIS2_PLACEMENT_3D('',#4594,#4595,#4596);
#4598=PLANE('',#4597);
#4600=ORIENTED_EDGE('',*,*,#4599,.T.);
#4601=ORIENTED_EDGE('',*,*,#4489,.F.);
#4602=ORIENTED_EDGE('',*,*,#4506,.F.);
#4603=ORIENTED_EDGE('',*,*,#4589,.F.);
#4604=EDGE_LOOP('',(#4600,#4601,#4602,#4603));
#4605=FACE_OUTER_BOUND('',#4604,.F.);
#4606=ADVANCED_FACE('',(#4605),#4598,.T.);
#4607=CARTESIAN_POINT('',(-4.0675E0,-3.175E-1,2.77E0));
#4608=DIRECTION('',(0.E0,-1.E0,0.E0));
#4609=DIRECTION('',(0.E0,0.E0,-1.E0));
#4610=AXIS2_PLACEMENT_3D('',#4607,#4608,#4609);
#4611=PLANE('',#4610);
#4612=ORIENTED_EDGE('',*,*,#4599,.F.);
#4613=ORIENTED_EDGE('',*,*,#4562,.T.);
#4614=ORIENTED_EDGE('',*,*,#4443,.F.);
#4615=ORIENTED_EDGE('',*,*,#4459,.F.);
#4616=EDGE_LOOP('',(#4612,#4613,#4614,#4615));
#4617=FACE_OUTER_BOUND('',#4616,.F.);
#4618=ADVANCED_FACE('',(#4617),#4611,.T.);
#4619=CARTESIAN_POINT('',(-4.0675E0,-3.175E-1,2.77E0));
#4620=DIRECTION('',(0.E0,-1.E0,0.E0));
#4621=DIRECTION('',(0.E0,0.E0,-1.E0));
#4622=AXIS2_PLACEMENT_3D('',#4619,#4620,#4621);
#4623=PLANE('',#4622);
#4625=ORIENTED_EDGE('',*,*,#4624,.T.);
#4626=ORIENTED_EDGE('',*,*,#4477,.F.);
#4627=ORIENTED_EDGE('',*,*,#3687,.T.);
#4628=ORIENTED_EDGE('',*,*,#4574,.T.);
#4629=EDGE_LOOP('',(#4625,#4626,#4627,#4628));
#4630=FACE_OUTER_BOUND('',#4629,.F.);
#4631=ADVANCED_FACE('',(#4630),#4623,.T.);
#4632=CARTESIAN_POINT('',(-3.75E0,-2.425E-1,-7.755E0));
#4633=DIRECTION('',(0.E0,-9.647638212377E-1,-2.631174057921E-1));
#4634=DIRECTION('',(0.E0,-2.631174057921E-1,9.647638212377E-1));
#4635=AXIS2_PLACEMENT_3D('',#4632,#4633,#4634);
#4636=PLANE('',#4635);
#4637=ORIENTED_EDGE('',*,*,#4624,.F.);
#4639=ORIENTED_EDGE('',*,*,#4638,.F.);
#4641=ORIENTED_EDGE('',*,*,#4640,.T.);
#4643=ORIENTED_EDGE('',*,*,#4642,.T.);
#4644=EDGE_LOOP('',(#4637,#4639,#4641,#4643));
#4645=FACE_OUTER_BOUND('',#4644,.F.);
#4646=ADVANCED_FACE('',(#4645),#4636,.T.);
#4647=CARTESIAN_POINT('',(-3.5075E0,0.E0,-7.755E0));
#4648=DIRECTION('',(9.647638212377E-1,0.E0,-2.631174057921E-1));
#4649=DIRECTION('',(-2.631174057921E-1,0.E0,-9.647638212377E-1));
#4650=AXIS2_PLACEMENT_3D('',#4647,#4648,#4649);
#4651=PLANE('',#4650);
#4653=ORIENTED_EDGE('',*,*,#4652,.F.);
#4654=ORIENTED_EDGE('',*,*,#4638,.T.);
#4655=ORIENTED_EDGE('',*,*,#4572,.T.);
#4657=ORIENTED_EDGE('',*,*,#4656,.T.);
#4658=EDGE_LOOP('',(#4653,#4654,#4655,#4657));
#4659=FACE_OUTER_BOUND('',#4658,.F.);
#4660=ADVANCED_FACE('',(#4659),#4651,.T.);
#4661=CARTESIAN_POINT('',(-4.0675E0,-3.175E-1,-8.03E0));
#4662=DIRECTION('',(0.E0,0.E0,-1.E0));
#4663=DIRECTION('',(0.E0,1.E0,0.E0));
#4664=AXIS2_PLACEMENT_3D('',#4661,#4662,#4663);
#4665=PLANE('',#4664);
#4667=ORIENTED_EDGE('',*,*,#4666,.T.);
#4669=ORIENTED_EDGE('',*,*,#4668,.T.);
#4670=ORIENTED_EDGE('',*,*,#4640,.F.);
#4671=ORIENTED_EDGE('',*,*,#4652,.T.);
#4672=EDGE_LOOP('',(#4667,#4669,#4670,#4671));
#4673=FACE_OUTER_BOUND('',#4672,.F.);
#4674=ADVANCED_FACE('',(#4673),#4665,.T.);
#4675=CARTESIAN_POINT('',(-3.75E0,2.425E-1,-7.755E0));
#4676=DIRECTION('',(0.E0,9.647638212377E-1,-2.631174057921E-1));
#4677=DIRECTION('',(0.E0,-2.631174057921E-1,-9.647638212377E-1));
#4678=AXIS2_PLACEMENT_3D('',#4675,#4676,#4677);
#4679=PLANE('',#4678);
#4680=ORIENTED_EDGE('',*,*,#4544,.T.);
#4682=ORIENTED_EDGE('',*,*,#4681,.F.);
#4683=ORIENTED_EDGE('',*,*,#4666,.F.);
#4684=ORIENTED_EDGE('',*,*,#4656,.F.);
#4685=EDGE_LOOP('',(#4680,#4682,#4683,#4684));
#4686=FACE_OUTER_BOUND('',#4685,.F.);
#4687=ADVANCED_FACE('',(#4686),#4679,.T.);
#4688=CARTESIAN_POINT('',(-3.9925E0,0.E0,-7.755E0));
#4689=DIRECTION('',(-9.647638212377E-1,0.E0,-2.631174057921E-1));
#4690=DIRECTION('',(2.631174057921E-1,0.E0,-9.647638212377E-1));
#4691=AXIS2_PLACEMENT_3D('',#4688,#4689,#4690);
#4692=PLANE('',#4691);
#4693=ORIENTED_EDGE('',*,*,#4472,.T.);
#4694=ORIENTED_EDGE('',*,*,#4642,.F.);
#4695=ORIENTED_EDGE('',*,*,#4668,.F.);
#4696=ORIENTED_EDGE('',*,*,#4681,.T.);
#4697=EDGE_LOOP('',(#4693,#4694,#4695,#4696));
#4698=FACE_OUTER_BOUND('',#4697,.F.);
#4699=ADVANCED_FACE('',(#4698),#4692,.T.);
#4700=CARTESIAN_POINT('',(-7.36E0,1.095E0,4.23E0));
#4701=DIRECTION('',(-1.E0,0.E0,0.E0));
#4702=DIRECTION('',(0.E0,-1.E0,0.E0));
#4703=AXIS2_PLACEMENT_3D('',#4700,#4701,#4702);
#4704=PLANE('',#4703);
#4705=ORIENTED_EDGE('',*,*,#4001,.F.);
#4707=ORIENTED_EDGE('',*,*,#4706,.T.);
#4709=ORIENTED_EDGE('',*,*,#4708,.T.);
#4711=ORIENTED_EDGE('',*,*,#4710,.F.);
#4712=EDGE_LOOP('',(#4705,#4707,#4709,#4711));
#4713=FACE_OUTER_BOUND('',#4712,.F.);
#4714=ADVANCED_FACE('',(#4713),#4704,.F.);
#4715=CARTESIAN_POINT('',(-5.14E0,1.095E0,4.23E0));
#4716=DIRECTION('',(0.E0,1.E0,0.E0));
#4717=DIRECTION('',(-1.E0,0.E0,0.E0));
#4718=AXIS2_PLACEMENT_3D('',#4715,#4716,#4717);
#4719=PLANE('',#4718);
#4720=ORIENTED_EDGE('',*,*,#4007,.F.);
#4722=ORIENTED_EDGE('',*,*,#4721,.T.);
#4724=ORIENTED_EDGE('',*,*,#4723,.T.);
#4725=ORIENTED_EDGE('',*,*,#4706,.F.);
#4726=EDGE_LOOP('',(#4720,#4722,#4724,#4725));
#4727=FACE_OUTER_BOUND('',#4726,.F.);
#4728=ADVANCED_FACE('',(#4727),#4719,.F.);
#4729=CARTESIAN_POINT('',(-5.14E0,-1.095E0,4.23E0));
#4730=DIRECTION('',(1.E0,0.E0,0.E0));
#4731=DIRECTION('',(0.E0,1.E0,0.E0));
#4732=AXIS2_PLACEMENT_3D('',#4729,#4730,#4731);
#4733=PLANE('',#4732);
#4734=ORIENTED_EDGE('',*,*,#4005,.F.);
#4736=ORIENTED_EDGE('',*,*,#4735,.T.);
#4738=ORIENTED_EDGE('',*,*,#4737,.T.);
#4739=ORIENTED_EDGE('',*,*,#4721,.F.);
#4740=EDGE_LOOP('',(#4734,#4736,#4738,#4739));
#4741=FACE_OUTER_BOUND('',#4740,.F.);
#4742=ADVANCED_FACE('',(#4741),#4733,.F.);
#4743=CARTESIAN_POINT('',(-7.36E0,-1.095E0,4.23E0));
#4744=DIRECTION('',(0.E0,-1.E0,0.E0));
#4745=DIRECTION('',(1.E0,0.E0,0.E0));
#4746=AXIS2_PLACEMENT_3D('',#4743,#4744,#4745);
#4747=PLANE('',#4746);
#4748=ORIENTED_EDGE('',*,*,#4003,.F.);
#4749=ORIENTED_EDGE('',*,*,#4710,.T.);
#4751=ORIENTED_EDGE('',*,*,#4750,.T.);
#4752=ORIENTED_EDGE('',*,*,#4735,.F.);
#4753=EDGE_LOOP('',(#4748,#4749,#4751,#4752));
#4754=FACE_OUTER_BOUND('',#4753,.F.);
#4755=ADVANCED_FACE('',(#4754),#4747,.F.);
#4756=CARTESIAN_POINT('',(0.E0,-1.74E0,-1.77E0));
#4757=DIRECTION('',(0.E0,0.E0,1.E0));
#4758=DIRECTION('',(1.E0,0.E0,0.E0));
#4759=AXIS2_PLACEMENT_3D('',#4756,#4757,#4758);
#4760=PLANE('',#4759);
#4761=ORIENTED_EDGE('',*,*,#4708,.F.);
#4762=ORIENTED_EDGE('',*,*,#4723,.F.);
#4763=ORIENTED_EDGE('',*,*,#4737,.F.);
#4764=ORIENTED_EDGE('',*,*,#4750,.F.);
#4765=EDGE_LOOP('',(#4761,#4762,#4763,#4764));
#4766=FACE_OUTER_BOUND('',#4765,.F.);
#4768=ORIENTED_EDGE('',*,*,#4767,.F.);
#4770=ORIENTED_EDGE('',*,*,#4769,.T.);
#4772=ORIENTED_EDGE('',*,*,#4771,.T.);
#4774=ORIENTED_EDGE('',*,*,#4773,.F.);
#4775=EDGE_LOOP('',(#4768,#4770,#4772,#4774));
#4776=FACE_BOUND('',#4775,.F.);
#4777=ADVANCED_FACE('',(#4766,#4776),#4760,.T.);
#4778=CARTESIAN_POINT('',(-6.5675E0,-1.74E0,0.E0));
#4779=DIRECTION('',(1.E0,0.E0,0.E0));
#4780=DIRECTION('',(0.E0,0.E0,-1.E0));
#4781=AXIS2_PLACEMENT_3D('',#4778,#4779,#4780);
#4782=PLANE('',#4781);
#4784=ORIENTED_EDGE('',*,*,#4783,.F.);
#4786=ORIENTED_EDGE('',*,*,#4785,.T.);
#4787=ORIENTED_EDGE('',*,*,#4767,.T.);
#4789=ORIENTED_EDGE('',*,*,#4788,.T.);
#4790=EDGE_LOOP('',(#4784,#4786,#4787,#4789));
#4791=FACE_OUTER_BOUND('',#4790,.F.);
#4792=ADVANCED_FACE('',(#4791),#4782,.F.);
#4793=CARTESIAN_POINT('',(-6.5675E0,-1.74E0,0.E0));
#4794=DIRECTION('',(1.E0,0.E0,0.E0));
#4795=DIRECTION('',(0.E0,0.E0,-1.E0));
#4796=AXIS2_PLACEMENT_3D('',#4793,#4794,#4795);
#4797=PLANE('',#4796);
#4799=ORIENTED_EDGE('',*,*,#4798,.F.);
#4801=ORIENTED_EDGE('',*,*,#4800,.F.);
#4803=ORIENTED_EDGE('',*,*,#4802,.F.);
#4805=ORIENTED_EDGE('',*,*,#4804,.T.);
#4807=ORIENTED_EDGE('',*,*,#4806,.T.);
#4809=ORIENTED_EDGE('',*,*,#4808,.T.);
#4811=ORIENTED_EDGE('',*,*,#4810,.F.);
#4812=ORIENTED_EDGE('',*,*,#3691,.F.);
#4814=ORIENTED_EDGE('',*,*,#4813,.F.);
#4816=ORIENTED_EDGE('',*,*,#4815,.T.);
#4818=ORIENTED_EDGE('',*,*,#4817,.T.);
#4820=ORIENTED_EDGE('',*,*,#4819,.T.);
#4821=EDGE_LOOP('',(#4799,#4801,#4803,#4805,#4807,#4809,#4811,#4812,#4814,#4816,
#4818,#4820));
#4822=FACE_OUTER_BOUND('',#4821,.F.);
#4823=ADVANCED_FACE('',(#4822),#4797,.F.);
#4824=CARTESIAN_POINT('',(-6.4925E0,0.E0,2.495E0));
#4825=DIRECTION('',(-9.647638212377E-1,0.E0,2.631174057921E-1));
#4826=DIRECTION('',(2.631174057921E-1,0.E0,9.647638212377E-1));
#4827=AXIS2_PLACEMENT_3D('',#4824,#4825,#4826);
#4828=PLANE('',#4827);
#4830=ORIENTED_EDGE('',*,*,#4829,.F.);
#4832=ORIENTED_EDGE('',*,*,#4831,.T.);
#4833=ORIENTED_EDGE('',*,*,#4783,.T.);
#4835=ORIENTED_EDGE('',*,*,#4834,.T.);
#4836=EDGE_LOOP('',(#4830,#4832,#4833,#4835));
#4837=FACE_OUTER_BOUND('',#4836,.F.);
#4838=ADVANCED_FACE('',(#4837),#4828,.T.);
#4839=CARTESIAN_POINT('',(-6.5675E0,3.175E-1,2.77E0));
#4840=DIRECTION('',(0.E0,0.E0,1.E0));
#4841=DIRECTION('',(0.E0,-1.E0,0.E0));
#4842=AXIS2_PLACEMENT_3D('',#4839,#4840,#4841);
#4843=PLANE('',#4842);
#4845=ORIENTED_EDGE('',*,*,#4844,.F.);
#4847=ORIENTED_EDGE('',*,*,#4846,.T.);
#4849=ORIENTED_EDGE('',*,*,#4848,.T.);
#4850=ORIENTED_EDGE('',*,*,#4829,.T.);
#4851=EDGE_LOOP('',(#4845,#4847,#4849,#4850));
#4852=FACE_OUTER_BOUND('',#4851,.F.);
#4853=ADVANCED_FACE('',(#4852),#4843,.T.);
#4854=CARTESIAN_POINT('',(-6.25E0,2.425E-1,2.495E0));
#4855=DIRECTION('',(0.E0,9.647638212377E-1,2.631174057921E-1));
#4856=DIRECTION('',(0.E0,2.631174057921E-1,-9.647638212377E-1));
#4857=AXIS2_PLACEMENT_3D('',#4854,#4855,#4856);
#4858=PLANE('',#4857);
#4859=ORIENTED_EDGE('',*,*,#4844,.T.);
#4860=ORIENTED_EDGE('',*,*,#4834,.F.);
#4862=ORIENTED_EDGE('',*,*,#4861,.F.);
#4864=ORIENTED_EDGE('',*,*,#4863,.F.);
#4865=EDGE_LOOP('',(#4859,#4860,#4862,#4864));
#4866=FACE_OUTER_BOUND('',#4865,.F.);
#4867=ADVANCED_FACE('',(#4866),#4858,.T.);
#4868=CARTESIAN_POINT('',(-5.9325E0,3.175E-1,-7.43E0));
#4869=DIRECTION('',(0.E0,-1.E0,0.E0));
#4870=DIRECTION('',(0.E0,0.E0,1.E0));
#4871=AXIS2_PLACEMENT_3D('',#4868,#4869,#4870);
#4872=PLANE('',#4871);
#4873=ORIENTED_EDGE('',*,*,#4861,.T.);
#4874=ORIENTED_EDGE('',*,*,#4788,.F.);
#4875=ORIENTED_EDGE('',*,*,#4773,.T.);
#4877=ORIENTED_EDGE('',*,*,#4876,.T.);
#4878=EDGE_LOOP('',(#4873,#4874,#4875,#4877));
#4879=FACE_OUTER_BOUND('',#4878,.F.);
#4880=ADVANCED_FACE('',(#4879),#4872,.F.);
#4881=CARTESIAN_POINT('',(-5.9325E0,3.175E-1,-7.43E0));
#4882=DIRECTION('',(0.E0,-1.E0,0.E0));
#4883=DIRECTION('',(0.E0,0.E0,1.E0));
#4884=AXIS2_PLACEMENT_3D('',#4881,#4882,#4883);
#4885=PLANE('',#4884);
#4887=ORIENTED_EDGE('',*,*,#4886,.T.);
#4888=ORIENTED_EDGE('',*,*,#3693,.F.);
#4889=ORIENTED_EDGE('',*,*,#4810,.T.);
#4891=ORIENTED_EDGE('',*,*,#4890,.F.);
#4892=EDGE_LOOP('',(#4887,#4888,#4889,#4891));
#4893=FACE_OUTER_BOUND('',#4892,.F.);
#4894=ADVANCED_FACE('',(#4893),#4885,.F.);
#4895=CARTESIAN_POINT('',(-5.9325E0,3.175E-1,-7.43E0));
#4896=DIRECTION('',(0.E0,-1.E0,0.E0));
#4897=DIRECTION('',(0.E0,0.E0,1.E0));
#4898=AXIS2_PLACEMENT_3D('',#4895,#4896,#4897);
#4899=PLANE('',#4898);
#4900=ORIENTED_EDGE('',*,*,#4802,.T.);
#4902=ORIENTED_EDGE('',*,*,#4901,.F.);
#4904=ORIENTED_EDGE('',*,*,#4903,.T.);
#4906=ORIENTED_EDGE('',*,*,#4905,.T.);
#4907=EDGE_LOOP('',(#4900,#4902,#4904,#4906));
#4908=FACE_OUTER_BOUND('',#4907,.F.);
#4909=ADVANCED_FACE('',(#4908),#4899,.F.);
#4910=CARTESIAN_POINT('',(-5.9325E0,-1.74E0,0.E0));
#4911=DIRECTION('',(1.E0,0.E0,0.E0));
#4912=DIRECTION('',(0.E0,0.E0,-1.E0));
#4913=AXIS2_PLACEMENT_3D('',#4910,#4911,#4912);
#4914=PLANE('',#4913);
#4916=ORIENTED_EDGE('',*,*,#4915,.F.);
#4917=ORIENTED_EDGE('',*,*,#4876,.F.);
#4918=ORIENTED_EDGE('',*,*,#4771,.F.);
#4920=ORIENTED_EDGE('',*,*,#4919,.F.);
#4921=EDGE_LOOP('',(#4916,#4917,#4918,#4920));
#4922=FACE_OUTER_BOUND('',#4921,.F.);
#4923=ADVANCED_FACE('',(#4922),#4914,.T.);
#4924=CARTESIAN_POINT('',(-5.9325E0,-1.74E0,0.E0));
#4925=DIRECTION('',(1.E0,0.E0,0.E0));
#4926=DIRECTION('',(0.E0,0.E0,-1.E0));
#4927=AXIS2_PLACEMENT_3D('',#4924,#4925,#4926);
#4928=PLANE('',#4927);
#4929=ORIENTED_EDGE('',*,*,#4903,.F.);
#4931=ORIENTED_EDGE('',*,*,#4930,.F.);
#4933=ORIENTED_EDGE('',*,*,#4932,.F.);
#4935=ORIENTED_EDGE('',*,*,#4934,.F.);
#4937=ORIENTED_EDGE('',*,*,#4936,.F.);
#4939=ORIENTED_EDGE('',*,*,#4938,.F.);
#4941=ORIENTED_EDGE('',*,*,#4940,.F.);
#4942=ORIENTED_EDGE('',*,*,#3695,.T.);
#4943=ORIENTED_EDGE('',*,*,#4886,.F.);
#4945=ORIENTED_EDGE('',*,*,#4944,.F.);
#4947=ORIENTED_EDGE('',*,*,#4946,.F.);
#4949=ORIENTED_EDGE('',*,*,#4948,.F.);
#4950=EDGE_LOOP('',(#4929,#4931,#4933,#4935,#4937,#4939,#4941,#4942,#4943,#4945,
#4947,#4949));
#4951=FACE_OUTER_BOUND('',#4950,.F.);
#4952=ADVANCED_FACE('',(#4951),#4928,.T.);
#4953=CARTESIAN_POINT('',(-6.0075E0,0.E0,2.495E0));
#4954=DIRECTION('',(9.647638212377E-1,0.E0,2.631174057921E-1));
#4955=DIRECTION('',(-2.631174057921E-1,0.E0,9.647638212377E-1));
#4956=AXIS2_PLACEMENT_3D('',#4953,#4954,#4955);
#4957=PLANE('',#4956);
#4958=ORIENTED_EDGE('',*,*,#4846,.F.);
#4959=ORIENTED_EDGE('',*,*,#4863,.T.);
#4960=ORIENTED_EDGE('',*,*,#4915,.T.);
#4962=ORIENTED_EDGE('',*,*,#4961,.T.);
#4963=EDGE_LOOP('',(#4958,#4959,#4960,#4962));
#4964=FACE_OUTER_BOUND('',#4963,.F.);
#4965=ADVANCED_FACE('',(#4964),#4957,.T.);
#4966=CARTESIAN_POINT('',(-6.25E0,-2.425E-1,2.495E0));
#4967=DIRECTION('',(0.E0,-9.647638212377E-1,2.631174057921E-1));
#4968=DIRECTION('',(0.E0,2.631174057921E-1,9.647638212377E-1));
#4969=AXIS2_PLACEMENT_3D('',#4966,#4967,#4968);
#4970=PLANE('',#4969);
#4972=ORIENTED_EDGE('',*,*,#4971,.T.);
#4973=ORIENTED_EDGE('',*,*,#4831,.F.);
#4974=ORIENTED_EDGE('',*,*,#4848,.F.);
#4975=ORIENTED_EDGE('',*,*,#4961,.F.);
#4976=EDGE_LOOP('',(#4972,#4973,#4974,#4975));
#4977=FACE_OUTER_BOUND('',#4976,.F.);
#4978=ADVANCED_FACE('',(#4977),#4970,.T.);
#4979=CARTESIAN_POINT('',(-5.9325E0,-3.175E-1,-4.23E0));
#4980=DIRECTION('',(0.E0,1.E0,0.E0));
#4981=DIRECTION('',(0.E0,0.E0,-1.E0));
#4982=AXIS2_PLACEMENT_3D('',#4979,#4980,#4981);
#4983=PLANE('',#4982);
#4984=ORIENTED_EDGE('',*,*,#4971,.F.);
#4985=ORIENTED_EDGE('',*,*,#4919,.T.);
#4986=ORIENTED_EDGE('',*,*,#4769,.F.);
#4987=ORIENTED_EDGE('',*,*,#4785,.F.);
#4988=EDGE_LOOP('',(#4984,#4985,#4986,#4987));
#4989=FACE_OUTER_BOUND('',#4988,.F.);
#4990=ADVANCED_FACE('',(#4989),#4983,.F.);
#4991=CARTESIAN_POINT('',(-5.9325E0,-3.175E-1,-4.23E0));
#4992=DIRECTION('',(0.E0,1.E0,0.E0));
#4993=DIRECTION('',(0.E0,0.E0,-1.E0));
#4994=AXIS2_PLACEMENT_3D('',#4991,#4992,#4993);
#4995=PLANE('',#4994);
#4996=ORIENTED_EDGE('',*,*,#4932,.T.);
#4998=ORIENTED_EDGE('',*,*,#4997,.T.);
#4999=ORIENTED_EDGE('',*,*,#4798,.T.);
#5001=ORIENTED_EDGE('',*,*,#5000,.F.);
#5002=EDGE_LOOP('',(#4996,#4998,#4999,#5001));
#5003=FACE_OUTER_BOUND('',#5002,.F.);
#5004=ADVANCED_FACE('',(#5003),#4995,.F.);
#5005=CARTESIAN_POINT('',(-5.9325E0,-3.175E-1,-4.23E0));
#5006=DIRECTION('',(0.E0,1.E0,0.E0));
#5007=DIRECTION('',(0.E0,0.E0,-1.E0));
#5008=AXIS2_PLACEMENT_3D('',#5005,#5006,#5007);
#5009=PLANE('',#5008);
#5010=ORIENTED_EDGE('',*,*,#4813,.T.);
#5011=ORIENTED_EDGE('',*,*,#3697,.T.);
#5012=ORIENTED_EDGE('',*,*,#4940,.T.);
#5014=ORIENTED_EDGE('',*,*,#5013,.T.);
#5015=EDGE_LOOP('',(#5010,#5011,#5012,#5014));
#5016=FACE_OUTER_BOUND('',#5015,.F.);
#5017=ADVANCED_FACE('',(#5016),#5009,.F.);
#5018=CARTESIAN_POINT('',(-6.25E0,-2.425E-1,-7.755E0));
#5019=DIRECTION('',(0.E0,-9.647638212377E-1,-2.631174057921E-1));
#5020=DIRECTION('',(0.E0,-2.631174057921E-1,9.647638212377E-1));
#5021=AXIS2_PLACEMENT_3D('',#5018,#5019,#5020);
#5022=PLANE('',#5021);
#5023=ORIENTED_EDGE('',*,*,#4997,.F.);
#5025=ORIENTED_EDGE('',*,*,#5024,.F.);
#5027=ORIENTED_EDGE('',*,*,#5026,.T.);
#5029=ORIENTED_EDGE('',*,*,#5028,.T.);
#5030=EDGE_LOOP('',(#5023,#5025,#5027,#5029));
#5031=FACE_OUTER_BOUND('',#5030,.F.);
#5032=ADVANCED_FACE('',(#5031),#5022,.T.);
#5033=CARTESIAN_POINT('',(-6.0075E0,0.E0,-7.755E0));
#5034=DIRECTION('',(9.647638212377E-1,0.E0,-2.631174057921E-1));
#5035=DIRECTION('',(-2.631174057921E-1,0.E0,-9.647638212377E-1));
#5036=AXIS2_PLACEMENT_3D('',#5033,#5034,#5035);
#5037=PLANE('',#5036);
#5039=ORIENTED_EDGE('',*,*,#5038,.F.);
#5040=ORIENTED_EDGE('',*,*,#5024,.T.);
#5041=ORIENTED_EDGE('',*,*,#4930,.T.);
#5043=ORIENTED_EDGE('',*,*,#5042,.T.);
#5044=EDGE_LOOP('',(#5039,#5040,#5041,#5043));
#5045=FACE_OUTER_BOUND('',#5044,.F.);
#5046=ADVANCED_FACE('',(#5045),#5037,.T.);
#5047=CARTESIAN_POINT('',(-6.5675E0,-3.175E-1,-8.03E0));
#5048=DIRECTION('',(0.E0,0.E0,-1.E0));
#5049=DIRECTION('',(0.E0,1.E0,0.E0));
#5050=AXIS2_PLACEMENT_3D('',#5047,#5048,#5049);
#5051=PLANE('',#5050);
#5053=ORIENTED_EDGE('',*,*,#5052,.T.);
#5055=ORIENTED_EDGE('',*,*,#5054,.T.);
#5056=ORIENTED_EDGE('',*,*,#5026,.F.);
#5057=ORIENTED_EDGE('',*,*,#5038,.T.);
#5058=EDGE_LOOP('',(#5053,#5055,#5056,#5057));
#5059=FACE_OUTER_BOUND('',#5058,.F.);
#5060=ADVANCED_FACE('',(#5059),#5051,.T.);
#5061=CARTESIAN_POINT('',(-6.25E0,2.425E-1,-7.755E0));
#5062=DIRECTION('',(0.E0,9.647638212377E-1,-2.631174057921E-1));
#5063=DIRECTION('',(0.E0,-2.631174057921E-1,-9.647638212377E-1));
#5064=AXIS2_PLACEMENT_3D('',#5061,#5062,#5063);
#5065=PLANE('',#5064);
#5066=ORIENTED_EDGE('',*,*,#4901,.T.);
#5068=ORIENTED_EDGE('',*,*,#5067,.F.);
#5069=ORIENTED_EDGE('',*,*,#5052,.F.);
#5070=ORIENTED_EDGE('',*,*,#5042,.F.);
#5071=EDGE_LOOP('',(#5066,#5068,#5069,#5070));
#5072=FACE_OUTER_BOUND('',#5071,.F.);
#5073=ADVANCED_FACE('',(#5072),#5065,.T.);
#5074=CARTESIAN_POINT('',(-6.4925E0,1.065814103640E-14,-7.755E0));
#5075=DIRECTION('',(-9.647638212377E-1,0.E0,-2.631174057921E-1));
#5076=DIRECTION('',(2.631174057921E-1,0.E0,-9.647638212377E-1));
#5077=AXIS2_PLACEMENT_3D('',#5074,#5075,#5076);
#5078=PLANE('',#5077);
#5079=ORIENTED_EDGE('',*,*,#4800,.T.);
#5080=ORIENTED_EDGE('',*,*,#5028,.F.);
#5081=ORIENTED_EDGE('',*,*,#5054,.F.);
#5082=ORIENTED_EDGE('',*,*,#5067,.T.);
#5083=EDGE_LOOP('',(#5079,#5080,#5081,#5082));
#5084=FACE_OUTER_BOUND('',#5083,.F.);
#5085=ADVANCED_FACE('',(#5084),#5078,.T.);
#5086=CARTESIAN_POINT('',(-5.9325E0,1.3225E0,-7.073590835920E0));
#5087=DIRECTION('',(1.E0,0.E0,0.E0));
#5088=DIRECTION('',(0.E0,0.E0,-1.E0));
#5089=AXIS2_PLACEMENT_3D('',#5086,#5087,#5088);
#5090=CYLINDRICAL_SURFACE('',#5089,1.64E0);
#5091=ORIENTED_EDGE('',*,*,#4934,.T.);
#5092=ORIENTED_EDGE('',*,*,#5000,.T.);
#5093=ORIENTED_EDGE('',*,*,#4819,.F.);
#5095=ORIENTED_EDGE('',*,*,#5094,.F.);
#5096=EDGE_LOOP('',(#5091,#5092,#5093,#5095));
#5097=FACE_OUTER_BOUND('',#5096,.F.);
#5098=ADVANCED_FACE('',(#5097),#5090,.T.);
#5099=CARTESIAN_POINT('',(-5.9325E0,-1.0625E0,-5.93E0));
#5100=DIRECTION('',(1.E0,0.E0,0.E0));
#5101=DIRECTION('',(0.E0,0.E0,-1.E0));
#5102=AXIS2_PLACEMENT_3D('',#5099,#5100,#5101);
#5103=CYLINDRICAL_SURFACE('',#5102,1.005E0);
#5104=ORIENTED_EDGE('',*,*,#4936,.T.);
#5105=ORIENTED_EDGE('',*,*,#5094,.T.);
#5106=ORIENTED_EDGE('',*,*,#4817,.F.);
#5108=ORIENTED_EDGE('',*,*,#5107,.F.);
#5109=EDGE_LOOP('',(#5104,#5105,#5106,#5108));
#5110=FACE_OUTER_BOUND('',#5109,.F.);
#5111=ADVANCED_FACE('',(#5110),#5103,.F.);
#5112=CARTESIAN_POINT('',(-5.9325E0,1.3225E0,-4.786409164080E0));
#5113=DIRECTION('',(1.E0,0.E0,0.E0));
#5114=DIRECTION('',(0.E0,0.E0,-1.E0));
#5115=AXIS2_PLACEMENT_3D('',#5112,#5113,#5114);
#5116=CYLINDRICAL_SURFACE('',#5115,1.64E0);
#5117=ORIENTED_EDGE('',*,*,#4938,.T.);
#5118=ORIENTED_EDGE('',*,*,#5107,.T.);
#5119=ORIENTED_EDGE('',*,*,#4815,.F.);
#5120=ORIENTED_EDGE('',*,*,#5013,.F.);
#5121=EDGE_LOOP('',(#5117,#5118,#5119,#5120));
#5122=FACE_OUTER_BOUND('',#5121,.F.);
#5123=ADVANCED_FACE('',(#5122),#5116,.T.);
#5124=CARTESIAN_POINT('',(-5.9325E0,1.3225E0,-4.786409164080E0));
#5125=DIRECTION('',(1.E0,0.E0,0.E0));
#5126=DIRECTION('',(0.E0,0.E0,-1.E0));
#5127=AXIS2_PLACEMENT_3D('',#5124,#5125,#5126);
#5128=CYLINDRICAL_SURFACE('',#5127,1.005E0);
#5129=ORIENTED_EDGE('',*,*,#4944,.T.);
#5130=ORIENTED_EDGE('',*,*,#4890,.T.);
#5131=ORIENTED_EDGE('',*,*,#4808,.F.);
#5133=ORIENTED_EDGE('',*,*,#5132,.F.);
#5134=EDGE_LOOP('',(#5129,#5130,#5131,#5133));
#5135=FACE_OUTER_BOUND('',#5134,.F.);
#5136=ADVANCED_FACE('',(#5135),#5128,.F.);
#5137=CARTESIAN_POINT('',(-5.9325E0,-1.0625E0,-5.93E0));
#5138=DIRECTION('',(1.E0,0.E0,0.E0));
#5139=DIRECTION('',(0.E0,0.E0,-1.E0));
#5140=AXIS2_PLACEMENT_3D('',#5137,#5138,#5139);
#5141=CYLINDRICAL_SURFACE('',#5140,1.64E0);
#5142=ORIENTED_EDGE('',*,*,#4946,.T.);
#5143=ORIENTED_EDGE('',*,*,#5132,.T.);
#5144=ORIENTED_EDGE('',*,*,#4806,.F.);
#5146=ORIENTED_EDGE('',*,*,#5145,.F.);
#5147=EDGE_LOOP('',(#5142,#5143,#5144,#5146));
#5148=FACE_OUTER_BOUND('',#5147,.F.);
#5149=ADVANCED_FACE('',(#5148),#5141,.T.);
#5150=CARTESIAN_POINT('',(-5.9325E0,1.3225E0,-7.073590835920E0));
#5151=DIRECTION('',(1.E0,0.E0,0.E0));
#5152=DIRECTION('',(0.E0,0.E0,-1.E0));
#5153=AXIS2_PLACEMENT_3D('',#5150,#5151,#5152);
#5154=CYLINDRICAL_SURFACE('',#5153,1.005E0);
#5155=ORIENTED_EDGE('',*,*,#4948,.T.);
#5156=ORIENTED_EDGE('',*,*,#5145,.T.);
#5157=ORIENTED_EDGE('',*,*,#4804,.F.);
#5158=ORIENTED_EDGE('',*,*,#4905,.F.);
#5159=EDGE_LOOP('',(#5155,#5156,#5157,#5158));
#5160=FACE_OUTER_BOUND('',#5159,.F.);
#5161=ADVANCED_FACE('',(#5160),#5154,.F.);
#5162=CARTESIAN_POINT('',(-9.86E0,1.095E0,4.23E0));
#5163=DIRECTION('',(-1.E0,0.E0,0.E0));
#5164=DIRECTION('',(0.E0,-1.E0,0.E0));
#5165=AXIS2_PLACEMENT_3D('',#5162,#5163,#5164);
#5166=PLANE('',#5165);
#5167=ORIENTED_EDGE('',*,*,#4011,.F.);
#5169=ORIENTED_EDGE('',*,*,#5168,.T.);
#5171=ORIENTED_EDGE('',*,*,#5170,.T.);
#5173=ORIENTED_EDGE('',*,*,#5172,.F.);
#5174=EDGE_LOOP('',(#5167,#5169,#5171,#5173));
#5175=FACE_OUTER_BOUND('',#5174,.F.);
#5176=ADVANCED_FACE('',(#5175),#5166,.F.);
#5177=CARTESIAN_POINT('',(-7.64E0,1.095E0,4.23E0));
#5178=DIRECTION('',(0.E0,1.E0,0.E0));
#5179=DIRECTION('',(-1.E0,0.E0,0.E0));
#5180=AXIS2_PLACEMENT_3D('',#5177,#5178,#5179);
#5181=PLANE('',#5180);
#5182=ORIENTED_EDGE('',*,*,#4017,.F.);
#5184=ORIENTED_EDGE('',*,*,#5183,.T.);
#5186=ORIENTED_EDGE('',*,*,#5185,.T.);
#5187=ORIENTED_EDGE('',*,*,#5168,.F.);
#5188=EDGE_LOOP('',(#5182,#5184,#5186,#5187));
#5189=FACE_OUTER_BOUND('',#5188,.F.);
#5190=ADVANCED_FACE('',(#5189),#5181,.F.);
#5191=CARTESIAN_POINT('',(-7.64E0,-1.095E0,4.23E0));
#5192=DIRECTION('',(1.E0,0.E0,0.E0));
#5193=DIRECTION('',(0.E0,1.E0,0.E0));
#5194=AXIS2_PLACEMENT_3D('',#5191,#5192,#5193);
#5195=PLANE('',#5194);
#5196=ORIENTED_EDGE('',*,*,#4015,.F.);
#5198=ORIENTED_EDGE('',*,*,#5197,.T.);
#5200=ORIENTED_EDGE('',*,*,#5199,.T.);
#5201=ORIENTED_EDGE('',*,*,#5183,.F.);
#5202=EDGE_LOOP('',(#5196,#5198,#5200,#5201));
#5203=FACE_OUTER_BOUND('',#5202,.F.);
#5204=ADVANCED_FACE('',(#5203),#5195,.F.);
#5205=CARTESIAN_POINT('',(-9.86E0,-1.095E0,4.23E0));
#5206=DIRECTION('',(0.E0,-1.E0,0.E0));
#5207=DIRECTION('',(1.E0,0.E0,0.E0));
#5208=AXIS2_PLACEMENT_3D('',#5205,#5206,#5207);
#5209=PLANE('',#5208);
#5210=ORIENTED_EDGE('',*,*,#4013,.F.);
#5211=ORIENTED_EDGE('',*,*,#5172,.T.);
#5213=ORIENTED_EDGE('',*,*,#5212,.T.);
#5214=ORIENTED_EDGE('',*,*,#5197,.F.);
#5215=EDGE_LOOP('',(#5210,#5211,#5213,#5214));
#5216=FACE_OUTER_BOUND('',#5215,.F.);
#5217=ADVANCED_FACE('',(#5216),#5209,.F.);
#5218=CARTESIAN_POINT('',(0.E0,-1.74E0,-1.77E0));
#5219=DIRECTION('',(0.E0,0.E0,1.E0));
#5220=DIRECTION('',(1.E0,0.E0,0.E0));
#5221=AXIS2_PLACEMENT_3D('',#5218,#5219,#5220);
#5222=PLANE('',#5221);
#5223=ORIENTED_EDGE('',*,*,#5170,.F.);
#5224=ORIENTED_EDGE('',*,*,#5185,.F.);
#5225=ORIENTED_EDGE('',*,*,#5199,.F.);
#5226=ORIENTED_EDGE('',*,*,#5212,.F.);
#5227=EDGE_LOOP('',(#5223,#5224,#5225,#5226));
#5228=FACE_OUTER_BOUND('',#5227,.F.);
#5230=ORIENTED_EDGE('',*,*,#5229,.F.);
#5232=ORIENTED_EDGE('',*,*,#5231,.T.);
#5234=ORIENTED_EDGE('',*,*,#5233,.T.);
#5236=ORIENTED_EDGE('',*,*,#5235,.F.);
#5237=EDGE_LOOP('',(#5230,#5232,#5234,#5236));
#5238=FACE_BOUND('',#5237,.F.);
#5239=ADVANCED_FACE('',(#5228,#5238),#5222,.T.);
#5240=CARTESIAN_POINT('',(-9.0675E0,-1.74E0,0.E0));
#5241=DIRECTION('',(1.E0,0.E0,0.E0));
#5242=DIRECTION('',(0.E0,0.E0,-1.E0));
#5243=AXIS2_PLACEMENT_3D('',#5240,#5241,#5242);
#5244=PLANE('',#5243);
#5246=ORIENTED_EDGE('',*,*,#5245,.F.);
#5248=ORIENTED_EDGE('',*,*,#5247,.T.);
#5249=ORIENTED_EDGE('',*,*,#5229,.T.);
#5251=ORIENTED_EDGE('',*,*,#5250,.T.);
#5252=EDGE_LOOP('',(#5246,#5248,#5249,#5251));
#5253=FACE_OUTER_BOUND('',#5252,.F.);
#5254=ADVANCED_FACE('',(#5253),#5244,.F.);
#5255=CARTESIAN_POINT('',(-9.0675E0,-1.74E0,0.E0));
#5256=DIRECTION('',(1.E0,0.E0,0.E0));
#5257=DIRECTION('',(0.E0,0.E0,-1.E0));
#5258=AXIS2_PLACEMENT_3D('',#5255,#5256,#5257);
#5259=PLANE('',#5258);
#5261=ORIENTED_EDGE('',*,*,#5260,.F.);
#5263=ORIENTED_EDGE('',*,*,#5262,.F.);
#5265=ORIENTED_EDGE('',*,*,#5264,.F.);
#5267=ORIENTED_EDGE('',*,*,#5266,.T.);
#5269=ORIENTED_EDGE('',*,*,#5268,.T.);
#5271=ORIENTED_EDGE('',*,*,#5270,.T.);
#5273=ORIENTED_EDGE('',*,*,#5272,.F.);
#5274=ORIENTED_EDGE('',*,*,#3701,.F.);
#5276=ORIENTED_EDGE('',*,*,#5275,.F.);
#5278=ORIENTED_EDGE('',*,*,#5277,.T.);
#5280=ORIENTED_EDGE('',*,*,#5279,.T.);
#5282=ORIENTED_EDGE('',*,*,#5281,.T.);
#5283=EDGE_LOOP('',(#5261,#5263,#5265,#5267,#5269,#5271,#5273,#5274,#5276,#5278,
#5280,#5282));
#5284=FACE_OUTER_BOUND('',#5283,.F.);
#5285=ADVANCED_FACE('',(#5284),#5259,.F.);
#5286=CARTESIAN_POINT('',(-8.9925E0,0.E0,2.495E0));
#5287=DIRECTION('',(-9.647638212377E-1,0.E0,2.631174057921E-1));
#5288=DIRECTION('',(2.631174057921E-1,0.E0,9.647638212377E-1));
#5289=AXIS2_PLACEMENT_3D('',#5286,#5287,#5288);
#5290=PLANE('',#5289);
#5292=ORIENTED_EDGE('',*,*,#5291,.F.);
#5294=ORIENTED_EDGE('',*,*,#5293,.T.);
#5295=ORIENTED_EDGE('',*,*,#5245,.T.);
#5297=ORIENTED_EDGE('',*,*,#5296,.T.);
#5298=EDGE_LOOP('',(#5292,#5294,#5295,#5297));
#5299=FACE_OUTER_BOUND('',#5298,.F.);
#5300=ADVANCED_FACE('',(#5299),#5290,.T.);
#5301=CARTESIAN_POINT('',(-9.0675E0,3.175E-1,2.77E0));
#5302=DIRECTION('',(0.E0,0.E0,1.E0));
#5303=DIRECTION('',(0.E0,-1.E0,0.E0));
#5304=AXIS2_PLACEMENT_3D('',#5301,#5302,#5303);
#5305=PLANE('',#5304);
#5307=ORIENTED_EDGE('',*,*,#5306,.F.);
#5309=ORIENTED_EDGE('',*,*,#5308,.T.);
#5311=ORIENTED_EDGE('',*,*,#5310,.T.);
#5312=ORIENTED_EDGE('',*,*,#5291,.T.);
#5313=EDGE_LOOP('',(#5307,#5309,#5311,#5312));
#5314=FACE_OUTER_BOUND('',#5313,.F.);
#5315=ADVANCED_FACE('',(#5314),#5305,.T.);
#5316=CARTESIAN_POINT('',(-8.75E0,2.425E-1,2.495E0));
#5317=DIRECTION('',(0.E0,9.647638212377E-1,2.631174057921E-1));
#5318=DIRECTION('',(0.E0,2.631174057921E-1,-9.647638212377E-1));
#5319=AXIS2_PLACEMENT_3D('',#5316,#5317,#5318);
#5320=PLANE('',#5319);
#5321=ORIENTED_EDGE('',*,*,#5306,.T.);
#5322=ORIENTED_EDGE('',*,*,#5296,.F.);
#5324=ORIENTED_EDGE('',*,*,#5323,.F.);
#5326=ORIENTED_EDGE('',*,*,#5325,.F.);
#5327=EDGE_LOOP('',(#5321,#5322,#5324,#5326));
#5328=FACE_OUTER_BOUND('',#5327,.F.);
#5329=ADVANCED_FACE('',(#5328),#5320,.T.);
#5330=CARTESIAN_POINT('',(-8.4325E0,3.175E-1,-7.43E0));
#5331=DIRECTION('',(0.E0,-1.E0,0.E0));
#5332=DIRECTION('',(0.E0,0.E0,1.E0));
#5333=AXIS2_PLACEMENT_3D('',#5330,#5331,#5332);
#5334=PLANE('',#5333);
#5335=ORIENTED_EDGE('',*,*,#5323,.T.);
#5336=ORIENTED_EDGE('',*,*,#5250,.F.);
#5337=ORIENTED_EDGE('',*,*,#5235,.T.);
#5339=ORIENTED_EDGE('',*,*,#5338,.T.);
#5340=EDGE_LOOP('',(#5335,#5336,#5337,#5339));
#5341=FACE_OUTER_BOUND('',#5340,.F.);
#5342=ADVANCED_FACE('',(#5341),#5334,.F.);
#5343=CARTESIAN_POINT('',(-8.4325E0,3.175E-1,-7.43E0));
#5344=DIRECTION('',(0.E0,-1.E0,0.E0));
#5345=DIRECTION('',(0.E0,0.E0,1.E0));
#5346=AXIS2_PLACEMENT_3D('',#5343,#5344,#5345);
#5347=PLANE('',#5346);
#5349=ORIENTED_EDGE('',*,*,#5348,.T.);
#5350=ORIENTED_EDGE('',*,*,#3703,.F.);
#5351=ORIENTED_EDGE('',*,*,#5272,.T.);
#5353=ORIENTED_EDGE('',*,*,#5352,.F.);
#5354=EDGE_LOOP('',(#5349,#5350,#5351,#5353));
#5355=FACE_OUTER_BOUND('',#5354,.F.);
#5356=ADVANCED_FACE('',(#5355),#5347,.F.);
#5357=CARTESIAN_POINT('',(-8.4325E0,3.175E-1,-7.43E0));
#5358=DIRECTION('',(0.E0,-1.E0,0.E0));
#5359=DIRECTION('',(0.E0,0.E0,1.E0));
#5360=AXIS2_PLACEMENT_3D('',#5357,#5358,#5359);
#5361=PLANE('',#5360);
#5362=ORIENTED_EDGE('',*,*,#5264,.T.);
#5364=ORIENTED_EDGE('',*,*,#5363,.F.);
#5366=ORIENTED_EDGE('',*,*,#5365,.T.);
#5368=ORIENTED_EDGE('',*,*,#5367,.T.);
#5369=EDGE_LOOP('',(#5362,#5364,#5366,#5368));
#5370=FACE_OUTER_BOUND('',#5369,.F.);
#5371=ADVANCED_FACE('',(#5370),#5361,.F.);
#5372=CARTESIAN_POINT('',(-8.4325E0,-1.74E0,0.E0));
#5373=DIRECTION('',(1.E0,0.E0,0.E0));
#5374=DIRECTION('',(0.E0,0.E0,-1.E0));
#5375=AXIS2_PLACEMENT_3D('',#5372,#5373,#5374);
#5376=PLANE('',#5375);
#5378=ORIENTED_EDGE('',*,*,#5377,.F.);
#5379=ORIENTED_EDGE('',*,*,#5338,.F.);
#5380=ORIENTED_EDGE('',*,*,#5233,.F.);
#5382=ORIENTED_EDGE('',*,*,#5381,.F.);
#5383=EDGE_LOOP('',(#5378,#5379,#5380,#5382));
#5384=FACE_OUTER_BOUND('',#5383,.F.);
#5385=ADVANCED_FACE('',(#5384),#5376,.T.);
#5386=CARTESIAN_POINT('',(-8.4325E0,-1.74E0,0.E0));
#5387=DIRECTION('',(1.E0,0.E0,0.E0));
#5388=DIRECTION('',(0.E0,0.E0,-1.E0));
#5389=AXIS2_PLACEMENT_3D('',#5386,#5387,#5388);
#5390=PLANE('',#5389);
#5391=ORIENTED_EDGE('',*,*,#5365,.F.);
#5393=ORIENTED_EDGE('',*,*,#5392,.F.);
#5395=ORIENTED_EDGE('',*,*,#5394,.F.);
#5397=ORIENTED_EDGE('',*,*,#5396,.F.);
#5399=ORIENTED_EDGE('',*,*,#5398,.F.);
#5401=ORIENTED_EDGE('',*,*,#5400,.F.);
#5403=ORIENTED_EDGE('',*,*,#5402,.F.);
#5404=ORIENTED_EDGE('',*,*,#3705,.T.);
#5405=ORIENTED_EDGE('',*,*,#5348,.F.);
#5407=ORIENTED_EDGE('',*,*,#5406,.F.);
#5409=ORIENTED_EDGE('',*,*,#5408,.F.);
#5411=ORIENTED_EDGE('',*,*,#5410,.F.);
#5412=EDGE_LOOP('',(#5391,#5393,#5395,#5397,#5399,#5401,#5403,#5404,#5405,#5407,
#5409,#5411));
#5413=FACE_OUTER_BOUND('',#5412,.F.);
#5414=ADVANCED_FACE('',(#5413),#5390,.T.);
#5415=CARTESIAN_POINT('',(-8.5075E0,0.E0,2.495E0));
#5416=DIRECTION('',(9.647638212377E-1,0.E0,2.631174057921E-1));
#5417=DIRECTION('',(-2.631174057921E-1,0.E0,9.647638212377E-1));
#5418=AXIS2_PLACEMENT_3D('',#5415,#5416,#5417);
#5419=PLANE('',#5418);
#5420=ORIENTED_EDGE('',*,*,#5308,.F.);
#5421=ORIENTED_EDGE('',*,*,#5325,.T.);
#5422=ORIENTED_EDGE('',*,*,#5377,.T.);
#5424=ORIENTED_EDGE('',*,*,#5423,.T.);
#5425=EDGE_LOOP('',(#5420,#5421,#5422,#5424));
#5426=FACE_OUTER_BOUND('',#5425,.F.);
#5427=ADVANCED_FACE('',(#5426),#5419,.T.);
#5428=CARTESIAN_POINT('',(-8.75E0,-2.425E-1,2.495E0));
#5429=DIRECTION('',(0.E0,-9.647638212377E-1,2.631174057921E-1));
#5430=DIRECTION('',(0.E0,2.631174057921E-1,9.647638212377E-1));
#5431=AXIS2_PLACEMENT_3D('',#5428,#5429,#5430);
#5432=PLANE('',#5431);
#5434=ORIENTED_EDGE('',*,*,#5433,.T.);
#5435=ORIENTED_EDGE('',*,*,#5293,.F.);
#5436=ORIENTED_EDGE('',*,*,#5310,.F.);
#5437=ORIENTED_EDGE('',*,*,#5423,.F.);
#5438=EDGE_LOOP('',(#5434,#5435,#5436,#5437));
#5439=FACE_OUTER_BOUND('',#5438,.F.);
#5440=ADVANCED_FACE('',(#5439),#5432,.T.);
#5441=CARTESIAN_POINT('',(-8.4325E0,-3.175E-1,-4.43E0));
#5442=DIRECTION('',(0.E0,1.E0,0.E0));
#5443=DIRECTION('',(0.E0,0.E0,-1.E0));
#5444=AXIS2_PLACEMENT_3D('',#5441,#5442,#5443);
#5445=PLANE('',#5444);
#5446=ORIENTED_EDGE('',*,*,#5433,.F.);
#5447=ORIENTED_EDGE('',*,*,#5381,.T.);
#5448=ORIENTED_EDGE('',*,*,#5231,.F.);
#5449=ORIENTED_EDGE('',*,*,#5247,.F.);
#5450=EDGE_LOOP('',(#5446,#5447,#5448,#5449));
#5451=FACE_OUTER_BOUND('',#5450,.F.);
#5452=ADVANCED_FACE('',(#5451),#5445,.F.);
#5453=CARTESIAN_POINT('',(-8.4325E0,-3.175E-1,-4.43E0));
#5454=DIRECTION('',(0.E0,1.E0,0.E0));
#5455=DIRECTION('',(0.E0,0.E0,-1.E0));
#5456=AXIS2_PLACEMENT_3D('',#5453,#5454,#5455);
#5457=PLANE('',#5456);
#5458=ORIENTED_EDGE('',*,*,#5394,.T.);
#5460=ORIENTED_EDGE('',*,*,#5459,.T.);
#5461=ORIENTED_EDGE('',*,*,#5260,.T.);
#5463=ORIENTED_EDGE('',*,*,#5462,.F.);
#5464=EDGE_LOOP('',(#5458,#5460,#5461,#5463));
#5465=FACE_OUTER_BOUND('',#5464,.F.);
#5466=ADVANCED_FACE('',(#5465),#5457,.F.);
#5467=CARTESIAN_POINT('',(-8.4325E0,-3.175E-1,-4.43E0));
#5468=DIRECTION('',(0.E0,1.E0,0.E0));
#5469=DIRECTION('',(0.E0,0.E0,-1.E0));
#5470=AXIS2_PLACEMENT_3D('',#5467,#5468,#5469);
#5471=PLANE('',#5470);
#5472=ORIENTED_EDGE('',*,*,#5275,.T.);
#5473=ORIENTED_EDGE('',*,*,#3707,.T.);
#5474=ORIENTED_EDGE('',*,*,#5402,.T.);
#5476=ORIENTED_EDGE('',*,*,#5475,.T.);
#5477=EDGE_LOOP('',(#5472,#5473,#5474,#5476));
#5478=FACE_OUTER_BOUND('',#5477,.F.);
#5479=ADVANCED_FACE('',(#5478),#5471,.F.);
#5480=CARTESIAN_POINT('',(-8.75E0,-2.425E-1,-7.755E0));
#5481=DIRECTION('',(0.E0,-9.647638212377E-1,-2.631174057921E-1));
#5482=DIRECTION('',(0.E0,-2.631174057921E-1,9.647638212377E-1));
#5483=AXIS2_PLACEMENT_3D('',#5480,#5481,#5482);
#5484=PLANE('',#5483);
#5485=ORIENTED_EDGE('',*,*,#5459,.F.);
#5487=ORIENTED_EDGE('',*,*,#5486,.F.);
#5489=ORIENTED_EDGE('',*,*,#5488,.T.);
#5491=ORIENTED_EDGE('',*,*,#5490,.T.);
#5492=EDGE_LOOP('',(#5485,#5487,#5489,#5491));
#5493=FACE_OUTER_BOUND('',#5492,.F.);
#5494=ADVANCED_FACE('',(#5493),#5484,.T.);
#5495=CARTESIAN_POINT('',(-8.5075E0,0.E0,-7.755E0));
#5496=DIRECTION('',(9.647638212377E-1,0.E0,-2.631174057921E-1));
#5497=DIRECTION('',(-2.631174057921E-1,0.E0,-9.647638212377E-1));
#5498=AXIS2_PLACEMENT_3D('',#5495,#5496,#5497);
#5499=PLANE('',#5498);
#5501=ORIENTED_EDGE('',*,*,#5500,.F.);
#5502=ORIENTED_EDGE('',*,*,#5486,.T.);
#5503=ORIENTED_EDGE('',*,*,#5392,.T.);
#5505=ORIENTED_EDGE('',*,*,#5504,.T.);
#5506=EDGE_LOOP('',(#5501,#5502,#5503,#5505));
#5507=FACE_OUTER_BOUND('',#5506,.F.);
#5508=ADVANCED_FACE('',(#5507),#5499,.T.);
#5509=CARTESIAN_POINT('',(-9.0675E0,-3.175E-1,-8.03E0));
#5510=DIRECTION('',(0.E0,0.E0,-1.E0));
#5511=DIRECTION('',(0.E0,1.E0,0.E0));
#5512=AXIS2_PLACEMENT_3D('',#5509,#5510,#5511);
#5513=PLANE('',#5512);
#5515=ORIENTED_EDGE('',*,*,#5514,.T.);
#5517=ORIENTED_EDGE('',*,*,#5516,.T.);
#5518=ORIENTED_EDGE('',*,*,#5488,.F.);
#5519=ORIENTED_EDGE('',*,*,#5500,.T.);
#5520=EDGE_LOOP('',(#5515,#5517,#5518,#5519));
#5521=FACE_OUTER_BOUND('',#5520,.F.);
#5522=ADVANCED_FACE('',(#5521),#5513,.T.);
#5523=CARTESIAN_POINT('',(-8.75E0,2.425E-1,-7.755E0));
#5524=DIRECTION('',(0.E0,9.647638212377E-1,-2.631174057921E-1));
#5525=DIRECTION('',(0.E0,-2.631174057921E-1,-9.647638212377E-1));
#5526=AXIS2_PLACEMENT_3D('',#5523,#5524,#5525);
#5527=PLANE('',#5526);
#5528=ORIENTED_EDGE('',*,*,#5363,.T.);
#5530=ORIENTED_EDGE('',*,*,#5529,.F.);
#5531=ORIENTED_EDGE('',*,*,#5514,.F.);
#5532=ORIENTED_EDGE('',*,*,#5504,.F.);
#5533=EDGE_LOOP('',(#5528,#5530,#5531,#5532));
#5534=FACE_OUTER_BOUND('',#5533,.F.);
#5535=ADVANCED_FACE('',(#5534),#5527,.T.);
#5536=CARTESIAN_POINT('',(-8.9925E0,0.E0,-7.755E0));
#5537=DIRECTION('',(-9.647638212377E-1,0.E0,-2.631174057921E-1));
#5538=DIRECTION('',(2.631174057921E-1,0.E0,-9.647638212377E-1));
#5539=AXIS2_PLACEMENT_3D('',#5536,#5537,#5538);
#5540=PLANE('',#5539);
#5541=ORIENTED_EDGE('',*,*,#5262,.T.);
#5542=ORIENTED_EDGE('',*,*,#5490,.F.);
#5543=ORIENTED_EDGE('',*,*,#5516,.F.);
#5544=ORIENTED_EDGE('',*,*,#5529,.T.);
#5545=EDGE_LOOP('',(#5541,#5542,#5543,#5544));
#5546=FACE_OUTER_BOUND('',#5545,.F.);
#5547=ADVANCED_FACE('',(#5546),#5540,.T.);
#5548=CARTESIAN_POINT('',(-8.4325E0,-1.3225E0,-7.073590835920E0));
#5549=DIRECTION('',(1.E0,0.E0,0.E0));
#5550=DIRECTION('',(0.E0,0.E0,-1.E0));
#5551=AXIS2_PLACEMENT_3D('',#5548,#5549,#5550);
#5552=CYLINDRICAL_SURFACE('',#5551,1.005E0);
#5553=ORIENTED_EDGE('',*,*,#5396,.T.);
#5554=ORIENTED_EDGE('',*,*,#5462,.T.);
#5555=ORIENTED_EDGE('',*,*,#5281,.F.);
#5557=ORIENTED_EDGE('',*,*,#5556,.F.);
#5558=EDGE_LOOP('',(#5553,#5554,#5555,#5557));
#5559=FACE_OUTER_BOUND('',#5558,.F.);
#5560=ADVANCED_FACE('',(#5559),#5552,.F.);
#5561=CARTESIAN_POINT('',(-8.4325E0,1.0625E0,-5.93E0));
#5562=DIRECTION('',(1.E0,0.E0,0.E0));
#5563=DIRECTION('',(0.E0,0.E0,-1.E0));
#5564=AXIS2_PLACEMENT_3D('',#5561,#5562,#5563);
#5565=CYLINDRICAL_SURFACE('',#5564,1.64E0);
#5566=ORIENTED_EDGE('',*,*,#5398,.T.);
#5567=ORIENTED_EDGE('',*,*,#5556,.T.);
#5568=ORIENTED_EDGE('',*,*,#5279,.F.);
#5570=ORIENTED_EDGE('',*,*,#5569,.F.);
#5571=EDGE_LOOP('',(#5566,#5567,#5568,#5570));
#5572=FACE_OUTER_BOUND('',#5571,.F.);
#5573=ADVANCED_FACE('',(#5572),#5565,.T.);
#5574=CARTESIAN_POINT('',(-8.4325E0,-1.3225E0,-4.786409164080E0));
#5575=DIRECTION('',(1.E0,0.E0,0.E0));
#5576=DIRECTION('',(0.E0,0.E0,-1.E0));
#5577=AXIS2_PLACEMENT_3D('',#5574,#5575,#5576);
#5578=CYLINDRICAL_SURFACE('',#5577,1.005E0);
#5579=ORIENTED_EDGE('',*,*,#5400,.T.);
#5580=ORIENTED_EDGE('',*,*,#5569,.T.);
#5581=ORIENTED_EDGE('',*,*,#5277,.F.);
#5582=ORIENTED_EDGE('',*,*,#5475,.F.);
#5583=EDGE_LOOP('',(#5579,#5580,#5581,#5582));
#5584=FACE_OUTER_BOUND('',#5583,.F.);
#5585=ADVANCED_FACE('',(#5584),#5578,.F.);
#5586=CARTESIAN_POINT('',(-8.4325E0,-1.3225E0,-4.786409164080E0));
#5587=DIRECTION('',(1.E0,0.E0,0.E0));
#5588=DIRECTION('',(0.E0,0.E0,-1.E0));
#5589=AXIS2_PLACEMENT_3D('',#5586,#5587,#5588);
#5590=CYLINDRICAL_SURFACE('',#5589,1.64E0);
#5591=ORIENTED_EDGE('',*,*,#5406,.T.);
#5592=ORIENTED_EDGE('',*,*,#5352,.T.);
#5593=ORIENTED_EDGE('',*,*,#5270,.F.);
#5595=ORIENTED_EDGE('',*,*,#5594,.F.);
#5596=EDGE_LOOP('',(#5591,#5592,#5593,#5595));
#5597=FACE_OUTER_BOUND('',#5596,.F.);
#5598=ADVANCED_FACE('',(#5597),#5590,.T.);
#5599=CARTESIAN_POINT('',(-8.4325E0,1.0625E0,-5.93E0));
#5600=DIRECTION('',(1.E0,0.E0,0.E0));
#5601=DIRECTION('',(0.E0,0.E0,-1.E0));
#5602=AXIS2_PLACEMENT_3D('',#5599,#5600,#5601);
#5603=CYLINDRICAL_SURFACE('',#5602,1.005E0);
#5604=ORIENTED_EDGE('',*,*,#5408,.T.);
#5605=ORIENTED_EDGE('',*,*,#5594,.T.);
#5606=ORIENTED_EDGE('',*,*,#5268,.F.);
#5608=ORIENTED_EDGE('',*,*,#5607,.F.);
#5609=EDGE_LOOP('',(#5604,#5605,#5606,#5608));
#5610=FACE_OUTER_BOUND('',#5609,.F.);
#5611=ADVANCED_FACE('',(#5610),#5603,.F.);
#5612=CARTESIAN_POINT('',(-8.4325E0,-1.3225E0,-7.073590835920E0));
#5613=DIRECTION('',(1.E0,0.E0,0.E0));
#5614=DIRECTION('',(0.E0,0.E0,-1.E0));
#5615=AXIS2_PLACEMENT_3D('',#5612,#5613,#5614);
#5616=CYLINDRICAL_SURFACE('',#5615,1.64E0);
#5617=ORIENTED_EDGE('',*,*,#5410,.T.);
#5618=ORIENTED_EDGE('',*,*,#5607,.T.);
#5619=ORIENTED_EDGE('',*,*,#5266,.F.);
#5620=ORIENTED_EDGE('',*,*,#5367,.F.);
#5621=EDGE_LOOP('',(#5617,#5618,#5619,#5620));
#5622=FACE_OUTER_BOUND('',#5621,.F.);
#5623=ADVANCED_FACE('',(#5622),#5616,.T.);
#5624=CARTESIAN_POINT('',(9.86E0,-1.095E0,4.23E0));
#5625=DIRECTION('',(1.E0,0.E0,0.E0));
#5626=DIRECTION('',(0.E0,1.E0,0.E0));
#5627=AXIS2_PLACEMENT_3D('',#5624,#5625,#5626);
#5628=PLANE('',#5627);
#5629=ORIENTED_EDGE('',*,*,#4022,.F.);
#5630=ORIENTED_EDGE('',*,*,#3932,.T.);
#5631=ORIENTED_EDGE('',*,*,#3865,.T.);
#5633=ORIENTED_EDGE('',*,*,#5632,.F.);
#5634=EDGE_LOOP('',(#5629,#5630,#5631,#5633));
#5635=FACE_OUTER_BOUND('',#5634,.F.);
#5636=ADVANCED_FACE('',(#5635),#5628,.F.);
#5637=CARTESIAN_POINT('',(9.86E0,1.095E0,4.23E0));
#5638=DIRECTION('',(0.E0,1.E0,0.E0));
#5639=DIRECTION('',(-1.E0,0.E0,0.E0));
#5640=AXIS2_PLACEMENT_3D('',#5637,#5638,#5639);
#5641=PLANE('',#5640);
#5642=ORIENTED_EDGE('',*,*,#4024,.F.);
#5643=ORIENTED_EDGE('',*,*,#5632,.T.);
#5644=ORIENTED_EDGE('',*,*,#3863,.T.);
#5645=ORIENTED_EDGE('',*,*,#3893,.F.);
#5646=EDGE_LOOP('',(#5642,#5643,#5644,#5645));
#5647=FACE_OUTER_BOUND('',#5646,.F.);
#5648=ADVANCED_FACE('',(#5647),#5641,.F.);
#5649=CARTESIAN_POINT('',(8.75E0,-3.85E-1,3.63E0));
#5650=DIRECTION('',(0.E0,7.071067811865E-1,-7.071067811865E-1));
#5651=DIRECTION('',(0.E0,7.071067811865E-1,7.071067811865E-1));
#5652=AXIS2_PLACEMENT_3D('',#5649,#5650,#5651);
#5653=PLANE('',#5652);
#5654=ORIENTED_EDGE('',*,*,#4027,.T.);
#5655=ORIENTED_EDGE('',*,*,#3889,.F.);
#5657=ORIENTED_EDGE('',*,*,#5656,.T.);
#5659=ORIENTED_EDGE('',*,*,#5658,.T.);
#5660=EDGE_LOOP('',(#5654,#5655,#5657,#5659));
#5661=FACE_OUTER_BOUND('',#5660,.F.);
#5662=ADVANCED_FACE('',(#5661),#5653,.F.);
#5663=CARTESIAN_POINT('',(8.75E0,-3.85E-1,-7.E-2));
#5664=DIRECTION('',(0.E0,1.E0,0.E0));
#5665=DIRECTION('',(0.E0,0.E0,1.E0));
#5666=AXIS2_PLACEMENT_3D('',#5663,#5664,#5665);
#5667=PLANE('',#5666);
#5668=ORIENTED_EDGE('',*,*,#3887,.F.);
#5669=ORIENTED_EDGE('',*,*,#3911,.T.);
#5671=ORIENTED_EDGE('',*,*,#5670,.T.);
#5672=ORIENTED_EDGE('',*,*,#5656,.F.);
#5673=EDGE_LOOP('',(#5668,#5669,#5671,#5672));
#5674=FACE_OUTER_BOUND('',#5673,.F.);
#5675=ADVANCED_FACE('',(#5674),#5667,.F.);
#5676=CARTESIAN_POINT('',(7.36E0,-1.095E0,4.23E0));
#5677=DIRECTION('',(1.E0,0.E0,0.E0));
#5678=DIRECTION('',(0.E0,1.E0,0.E0));
#5679=AXIS2_PLACEMENT_3D('',#5676,#5677,#5678);
#5680=PLANE('',#5679);
#5681=ORIENTED_EDGE('',*,*,#3909,.F.);
#5682=ORIENTED_EDGE('',*,*,#3927,.T.);
#5684=ORIENTED_EDGE('',*,*,#5683,.T.);
#5686=ORIENTED_EDGE('',*,*,#5685,.F.);
#5687=ORIENTED_EDGE('',*,*,#4029,.F.);
#5688=ORIENTED_EDGE('',*,*,#5658,.F.);
#5689=ORIENTED_EDGE('',*,*,#5670,.F.);
#5690=EDGE_LOOP('',(#5681,#5682,#5684,#5686,#5687,#5688,#5689));
#5691=FACE_OUTER_BOUND('',#5690,.F.);
#5692=ADVANCED_FACE('',(#5691),#5680,.F.);
#5693=CARTESIAN_POINT('',(0.E0,-1.74E0,-1.77E0));
#5694=DIRECTION('',(0.E0,0.E0,1.E0));
#5695=DIRECTION('',(1.E0,0.E0,0.E0));
#5696=AXIS2_PLACEMENT_3D('',#5693,#5694,#5695);
#5697=PLANE('',#5696);
#5699=ORIENTED_EDGE('',*,*,#5698,.F.);
#5701=ORIENTED_EDGE('',*,*,#5700,.F.);
#5702=ORIENTED_EDGE('',*,*,#5683,.F.);
#5703=ORIENTED_EDGE('',*,*,#3925,.F.);
#5704=EDGE_LOOP('',(#5699,#5701,#5702,#5703));
#5705=FACE_OUTER_BOUND('',#5704,.F.);
#5707=ORIENTED_EDGE('',*,*,#5706,.F.);
#5709=ORIENTED_EDGE('',*,*,#5708,.T.);
#5711=ORIENTED_EDGE('',*,*,#5710,.T.);
#5713=ORIENTED_EDGE('',*,*,#5712,.F.);
#5714=EDGE_LOOP('',(#5707,#5709,#5711,#5713));
#5715=FACE_BOUND('',#5714,.F.);
#5716=ADVANCED_FACE('',(#5705,#5715),#5697,.T.);
#5717=CARTESIAN_POINT('',(5.14E0,1.095E0,4.23E0));
#5718=DIRECTION('',(-1.E0,0.E0,0.E0));
#5719=DIRECTION('',(0.E0,-1.E0,0.E0));
#5720=AXIS2_PLACEMENT_3D('',#5717,#5718,#5719);
#5721=PLANE('',#5720);
#5722=ORIENTED_EDGE('',*,*,#4033,.F.);
#5724=ORIENTED_EDGE('',*,*,#5723,.T.);
#5725=ORIENTED_EDGE('',*,*,#5698,.T.);
#5726=ORIENTED_EDGE('',*,*,#3923,.F.);
#5727=EDGE_LOOP('',(#5722,#5724,#5725,#5726));
#5728=FACE_OUTER_BOUND('',#5727,.F.);
#5729=ADVANCED_FACE('',(#5728),#5721,.F.);
#5730=CARTESIAN_POINT('',(7.36E0,1.095E0,4.23E0));
#5731=DIRECTION('',(0.E0,1.E0,0.E0));
#5732=DIRECTION('',(-1.E0,0.E0,0.E0));
#5733=AXIS2_PLACEMENT_3D('',#5730,#5731,#5732);
#5734=PLANE('',#5733);
#5735=ORIENTED_EDGE('',*,*,#4031,.F.);
#5736=ORIENTED_EDGE('',*,*,#5685,.T.);
#5737=ORIENTED_EDGE('',*,*,#5700,.T.);
#5738=ORIENTED_EDGE('',*,*,#5723,.F.);
#5739=EDGE_LOOP('',(#5735,#5736,#5737,#5738));
#5740=FACE_OUTER_BOUND('',#5739,.F.);
#5741=ADVANCED_FACE('',(#5740),#5734,.F.);
#5742=CARTESIAN_POINT('',(5.9325E0,-1.74E0,0.E0));
#5743=DIRECTION('',(1.E0,0.E0,0.E0));
#5744=DIRECTION('',(0.E0,0.E0,-1.E0));
#5745=AXIS2_PLACEMENT_3D('',#5742,#5743,#5744);
#5746=PLANE('',#5745);
#5748=ORIENTED_EDGE('',*,*,#5747,.F.);
#5750=ORIENTED_EDGE('',*,*,#5749,.T.);
#5751=ORIENTED_EDGE('',*,*,#5706,.T.);
#5753=ORIENTED_EDGE('',*,*,#5752,.T.);
#5754=EDGE_LOOP('',(#5748,#5750,#5751,#5753));
#5755=FACE_OUTER_BOUND('',#5754,.F.);
#5756=ADVANCED_FACE('',(#5755),#5746,.F.);
#5757=CARTESIAN_POINT('',(5.9325E0,-1.74E0,0.E0));
#5758=DIRECTION('',(1.E0,0.E0,0.E0));
#5759=DIRECTION('',(0.E0,0.E0,-1.E0));
#5760=AXIS2_PLACEMENT_3D('',#5757,#5758,#5759);
#5761=PLANE('',#5760);
#5763=ORIENTED_EDGE('',*,*,#5762,.F.);
#5765=ORIENTED_EDGE('',*,*,#5764,.F.);
#5767=ORIENTED_EDGE('',*,*,#5766,.F.);
#5769=ORIENTED_EDGE('',*,*,#5768,.T.);
#5771=ORIENTED_EDGE('',*,*,#5770,.T.);
#5773=ORIENTED_EDGE('',*,*,#5772,.T.);
#5775=ORIENTED_EDGE('',*,*,#5774,.F.);
#5776=ORIENTED_EDGE('',*,*,#3641,.F.);
#5778=ORIENTED_EDGE('',*,*,#5777,.F.);
#5780=ORIENTED_EDGE('',*,*,#5779,.T.);
#5782=ORIENTED_EDGE('',*,*,#5781,.T.);
#5784=ORIENTED_EDGE('',*,*,#5783,.T.);
#5785=EDGE_LOOP('',(#5763,#5765,#5767,#5769,#5771,#5773,#5775,#5776,#5778,#5780,
#5782,#5784));
#5786=FACE_OUTER_BOUND('',#5785,.F.);
#5787=ADVANCED_FACE('',(#5786),#5761,.F.);
#5788=CARTESIAN_POINT('',(6.0075E0,0.E0,2.495E0));
#5789=DIRECTION('',(-9.647638212377E-1,0.E0,2.631174057921E-1));
#5790=DIRECTION('',(2.631174057921E-1,0.E0,9.647638212377E-1));
#5791=AXIS2_PLACEMENT_3D('',#5788,#5789,#5790);
#5792=PLANE('',#5791);
#5794=ORIENTED_EDGE('',*,*,#5793,.F.);
#5796=ORIENTED_EDGE('',*,*,#5795,.T.);
#5797=ORIENTED_EDGE('',*,*,#5747,.T.);
#5799=ORIENTED_EDGE('',*,*,#5798,.T.);
#5800=EDGE_LOOP('',(#5794,#5796,#5797,#5799));
#5801=FACE_OUTER_BOUND('',#5800,.F.);
#5802=ADVANCED_FACE('',(#5801),#5792,.T.);
#5803=CARTESIAN_POINT('',(5.9325E0,3.175E-1,2.77E0));
#5804=DIRECTION('',(0.E0,0.E0,1.E0));
#5805=DIRECTION('',(0.E0,-1.E0,0.E0));
#5806=AXIS2_PLACEMENT_3D('',#5803,#5804,#5805);
#5807=PLANE('',#5806);
#5809=ORIENTED_EDGE('',*,*,#5808,.F.);
#5811=ORIENTED_EDGE('',*,*,#5810,.T.);
#5813=ORIENTED_EDGE('',*,*,#5812,.T.);
#5814=ORIENTED_EDGE('',*,*,#5793,.T.);
#5815=EDGE_LOOP('',(#5809,#5811,#5813,#5814));
#5816=FACE_OUTER_BOUND('',#5815,.F.);
#5817=ADVANCED_FACE('',(#5816),#5807,.T.);
#5818=CARTESIAN_POINT('',(6.25E0,2.425E-1,2.495E0));
#5819=DIRECTION('',(0.E0,9.647638212377E-1,2.631174057921E-1));
#5820=DIRECTION('',(0.E0,2.631174057921E-1,-9.647638212377E-1));
#5821=AXIS2_PLACEMENT_3D('',#5818,#5819,#5820);
#5822=PLANE('',#5821);
#5823=ORIENTED_EDGE('',*,*,#5808,.T.);
#5824=ORIENTED_EDGE('',*,*,#5798,.F.);
#5826=ORIENTED_EDGE('',*,*,#5825,.F.);
#5828=ORIENTED_EDGE('',*,*,#5827,.F.);
#5829=EDGE_LOOP('',(#5823,#5824,#5826,#5828));
#5830=FACE_OUTER_BOUND('',#5829,.F.);
#5831=ADVANCED_FACE('',(#5830),#5822,.T.);
#5832=CARTESIAN_POINT('',(5.9325E0,3.175E-1,-7.43E0));
#5833=DIRECTION('',(0.E0,1.E0,0.E0));
#5834=DIRECTION('',(0.E0,0.E0,1.E0));
#5835=AXIS2_PLACEMENT_3D('',#5832,#5833,#5834);
#5836=PLANE('',#5835);
#5837=ORIENTED_EDGE('',*,*,#5825,.T.);
#5838=ORIENTED_EDGE('',*,*,#5752,.F.);
#5839=ORIENTED_EDGE('',*,*,#5712,.T.);
#5841=ORIENTED_EDGE('',*,*,#5840,.T.);
#5842=EDGE_LOOP('',(#5837,#5838,#5839,#5841));
#5843=FACE_OUTER_BOUND('',#5842,.F.);
#5844=ADVANCED_FACE('',(#5843),#5836,.T.);
#5845=CARTESIAN_POINT('',(5.9325E0,3.175E-1,-7.43E0));
#5846=DIRECTION('',(0.E0,1.E0,0.E0));
#5847=DIRECTION('',(0.E0,0.E0,1.E0));
#5848=AXIS2_PLACEMENT_3D('',#5845,#5846,#5847);
#5849=PLANE('',#5848);
#5851=ORIENTED_EDGE('',*,*,#5850,.T.);
#5852=ORIENTED_EDGE('',*,*,#3643,.F.);
#5853=ORIENTED_EDGE('',*,*,#5774,.T.);
#5855=ORIENTED_EDGE('',*,*,#5854,.T.);
#5856=EDGE_LOOP('',(#5851,#5852,#5853,#5855));
#5857=FACE_OUTER_BOUND('',#5856,.F.);
#5858=ADVANCED_FACE('',(#5857),#5849,.T.);
#5859=CARTESIAN_POINT('',(5.9325E0,3.175E-1,-7.43E0));
#5860=DIRECTION('',(0.E0,1.E0,0.E0));
#5861=DIRECTION('',(0.E0,0.E0,1.E0));
#5862=AXIS2_PLACEMENT_3D('',#5859,#5860,#5861);
#5863=PLANE('',#5862);
#5864=ORIENTED_EDGE('',*,*,#5766,.T.);
#5866=ORIENTED_EDGE('',*,*,#5865,.F.);
#5868=ORIENTED_EDGE('',*,*,#5867,.T.);
#5870=ORIENTED_EDGE('',*,*,#5869,.F.);
#5871=EDGE_LOOP('',(#5864,#5866,#5868,#5870));
#5872=FACE_OUTER_BOUND('',#5871,.F.);
#5873=ADVANCED_FACE('',(#5872),#5863,.T.);
#5874=CARTESIAN_POINT('',(6.5675E0,-1.74E0,0.E0));
#5875=DIRECTION('',(1.E0,0.E0,0.E0));
#5876=DIRECTION('',(0.E0,0.E0,-1.E0));
#5877=AXIS2_PLACEMENT_3D('',#5874,#5875,#5876);
#5878=PLANE('',#5877);
#5880=ORIENTED_EDGE('',*,*,#5879,.F.);
#5881=ORIENTED_EDGE('',*,*,#5840,.F.);
#5882=ORIENTED_EDGE('',*,*,#5710,.F.);
#5884=ORIENTED_EDGE('',*,*,#5883,.F.);
#5885=EDGE_LOOP('',(#5880,#5881,#5882,#5884));
#5886=FACE_OUTER_BOUND('',#5885,.F.);
#5887=ADVANCED_FACE('',(#5886),#5878,.T.);
#5888=CARTESIAN_POINT('',(6.5675E0,-1.74E0,0.E0));
#5889=DIRECTION('',(1.E0,0.E0,0.E0));
#5890=DIRECTION('',(0.E0,0.E0,-1.E0));
#5891=AXIS2_PLACEMENT_3D('',#5888,#5889,#5890);
#5892=PLANE('',#5891);
#5893=ORIENTED_EDGE('',*,*,#5867,.F.);
#5895=ORIENTED_EDGE('',*,*,#5894,.F.);
#5897=ORIENTED_EDGE('',*,*,#5896,.F.);
#5899=ORIENTED_EDGE('',*,*,#5898,.F.);
#5901=ORIENTED_EDGE('',*,*,#5900,.F.);
#5903=ORIENTED_EDGE('',*,*,#5902,.F.);
#5905=ORIENTED_EDGE('',*,*,#5904,.F.);
#5906=ORIENTED_EDGE('',*,*,#3645,.T.);
#5907=ORIENTED_EDGE('',*,*,#5850,.F.);
#5909=ORIENTED_EDGE('',*,*,#5908,.F.);
#5911=ORIENTED_EDGE('',*,*,#5910,.F.);
#5913=ORIENTED_EDGE('',*,*,#5912,.F.);
#5914=EDGE_LOOP('',(#5893,#5895,#5897,#5899,#5901,#5903,#5905,#5906,#5907,#5909,
#5911,#5913));
#5915=FACE_OUTER_BOUND('',#5914,.F.);
#5916=ADVANCED_FACE('',(#5915),#5892,.T.);
#5917=CARTESIAN_POINT('',(6.4925E0,0.E0,2.495E0));
#5918=DIRECTION('',(9.647638212377E-1,0.E0,2.631174057921E-1));
#5919=DIRECTION('',(-2.631174057921E-1,0.E0,9.647638212377E-1));
#5920=AXIS2_PLACEMENT_3D('',#5917,#5918,#5919);
#5921=PLANE('',#5920);
#5922=ORIENTED_EDGE('',*,*,#5810,.F.);
#5923=ORIENTED_EDGE('',*,*,#5827,.T.);
#5924=ORIENTED_EDGE('',*,*,#5879,.T.);
#5926=ORIENTED_EDGE('',*,*,#5925,.T.);
#5927=EDGE_LOOP('',(#5922,#5923,#5924,#5926));
#5928=FACE_OUTER_BOUND('',#5927,.F.);
#5929=ADVANCED_FACE('',(#5928),#5921,.T.);
#5930=CARTESIAN_POINT('',(6.25E0,-2.425E-1,2.495E0));
#5931=DIRECTION('',(0.E0,-9.647638212377E-1,2.631174057921E-1));
#5932=DIRECTION('',(0.E0,2.631174057921E-1,9.647638212377E-1));
#5933=AXIS2_PLACEMENT_3D('',#5930,#5931,#5932);
#5934=PLANE('',#5933);
#5936=ORIENTED_EDGE('',*,*,#5935,.T.);
#5937=ORIENTED_EDGE('',*,*,#5795,.F.);
#5938=ORIENTED_EDGE('',*,*,#5812,.F.);
#5939=ORIENTED_EDGE('',*,*,#5925,.F.);
#5940=EDGE_LOOP('',(#5936,#5937,#5938,#5939));
#5941=FACE_OUTER_BOUND('',#5940,.F.);
#5942=ADVANCED_FACE('',(#5941),#5934,.T.);
#5943=CARTESIAN_POINT('',(5.9325E0,-3.175E-1,-4.23E0));
#5944=DIRECTION('',(0.E0,-1.E0,0.E0));
#5945=DIRECTION('',(0.E0,0.E0,-1.E0));
#5946=AXIS2_PLACEMENT_3D('',#5943,#5944,#5945);
#5947=PLANE('',#5946);
#5948=ORIENTED_EDGE('',*,*,#5935,.F.);
#5949=ORIENTED_EDGE('',*,*,#5883,.T.);
#5950=ORIENTED_EDGE('',*,*,#5708,.F.);
#5951=ORIENTED_EDGE('',*,*,#5749,.F.);
#5952=EDGE_LOOP('',(#5948,#5949,#5950,#5951));
#5953=FACE_OUTER_BOUND('',#5952,.F.);
#5954=ADVANCED_FACE('',(#5953),#5947,.T.);
#5955=CARTESIAN_POINT('',(5.9325E0,-3.175E-1,-4.23E0));
#5956=DIRECTION('',(0.E0,-1.E0,0.E0));
#5957=DIRECTION('',(0.E0,0.E0,-1.E0));
#5958=AXIS2_PLACEMENT_3D('',#5955,#5956,#5957);
#5959=PLANE('',#5958);
#5960=ORIENTED_EDGE('',*,*,#5896,.T.);
#5962=ORIENTED_EDGE('',*,*,#5961,.T.);
#5963=ORIENTED_EDGE('',*,*,#5762,.T.);
#5965=ORIENTED_EDGE('',*,*,#5964,.T.);
#5966=EDGE_LOOP('',(#5960,#5962,#5963,#5965));
#5967=FACE_OUTER_BOUND('',#5966,.F.);
#5968=ADVANCED_FACE('',(#5967),#5959,.T.);
#5969=CARTESIAN_POINT('',(5.9325E0,-3.175E-1,-4.23E0));
#5970=DIRECTION('',(0.E0,-1.E0,0.E0));
#5971=DIRECTION('',(0.E0,0.E0,-1.E0));
#5972=AXIS2_PLACEMENT_3D('',#5969,#5970,#5971);
#5973=PLANE('',#5972);
#5974=ORIENTED_EDGE('',*,*,#5777,.T.);
#5975=ORIENTED_EDGE('',*,*,#3647,.T.);
#5976=ORIENTED_EDGE('',*,*,#5904,.T.);
#5978=ORIENTED_EDGE('',*,*,#5977,.F.);
#5979=EDGE_LOOP('',(#5974,#5975,#5976,#5978));
#5980=FACE_OUTER_BOUND('',#5979,.F.);
#5981=ADVANCED_FACE('',(#5980),#5973,.T.);
#5982=CARTESIAN_POINT('',(6.25E0,-2.425E-1,-7.755E0));
#5983=DIRECTION('',(0.E0,-9.647638212377E-1,-2.631174057921E-1));
#5984=DIRECTION('',(0.E0,-2.631174057921E-1,9.647638212377E-1));
#5985=AXIS2_PLACEMENT_3D('',#5982,#5983,#5984);
#5986=PLANE('',#5985);
#5987=ORIENTED_EDGE('',*,*,#5961,.F.);
#5989=ORIENTED_EDGE('',*,*,#5988,.F.);
#5991=ORIENTED_EDGE('',*,*,#5990,.T.);
#5993=ORIENTED_EDGE('',*,*,#5992,.T.);
#5994=EDGE_LOOP('',(#5987,#5989,#5991,#5993));
#5995=FACE_OUTER_BOUND('',#5994,.F.);
#5996=ADVANCED_FACE('',(#5995),#5986,.T.);
#5997=CARTESIAN_POINT('',(6.4925E0,0.E0,-7.755E0));
#5998=DIRECTION('',(9.647638212377E-1,0.E0,-2.631174057921E-1));
#5999=DIRECTION('',(-2.631174057921E-1,0.E0,-9.647638212377E-1));
#6000=AXIS2_PLACEMENT_3D('',#5997,#5998,#5999);
#6001=PLANE('',#6000);
#6003=ORIENTED_EDGE('',*,*,#6002,.F.);
#6004=ORIENTED_EDGE('',*,*,#5988,.T.);
#6005=ORIENTED_EDGE('',*,*,#5894,.T.);
#6007=ORIENTED_EDGE('',*,*,#6006,.T.);
#6008=EDGE_LOOP('',(#6003,#6004,#6005,#6007));
#6009=FACE_OUTER_BOUND('',#6008,.F.);
#6010=ADVANCED_FACE('',(#6009),#6001,.T.);
#6011=CARTESIAN_POINT('',(5.9325E0,-3.175E-1,-8.03E0));
#6012=DIRECTION('',(0.E0,0.E0,-1.E0));
#6013=DIRECTION('',(0.E0,1.E0,0.E0));
#6014=AXIS2_PLACEMENT_3D('',#6011,#6012,#6013);
#6015=PLANE('',#6014);
#6017=ORIENTED_EDGE('',*,*,#6016,.T.);
#6019=ORIENTED_EDGE('',*,*,#6018,.T.);
#6020=ORIENTED_EDGE('',*,*,#5990,.F.);
#6021=ORIENTED_EDGE('',*,*,#6002,.T.);
#6022=EDGE_LOOP('',(#6017,#6019,#6020,#6021));
#6023=FACE_OUTER_BOUND('',#6022,.F.);
#6024=ADVANCED_FACE('',(#6023),#6015,.T.);
#6025=CARTESIAN_POINT('',(6.25E0,2.425E-1,-7.755E0));
#6026=DIRECTION('',(0.E0,9.647638212377E-1,-2.631174057921E-1));
#6027=DIRECTION('',(0.E0,-2.631174057921E-1,-9.647638212377E-1));
#6028=AXIS2_PLACEMENT_3D('',#6025,#6026,#6027);
#6029=PLANE('',#6028);
#6030=ORIENTED_EDGE('',*,*,#5865,.T.);
#6032=ORIENTED_EDGE('',*,*,#6031,.F.);
#6033=ORIENTED_EDGE('',*,*,#6016,.F.);
#6034=ORIENTED_EDGE('',*,*,#6006,.F.);
#6035=EDGE_LOOP('',(#6030,#6032,#6033,#6034));
#6036=FACE_OUTER_BOUND('',#6035,.F.);
#6037=ADVANCED_FACE('',(#6036),#6029,.T.);
#6038=CARTESIAN_POINT('',(6.0075E0,0.E0,-7.755E0));
#6039=DIRECTION('',(-9.647638212377E-1,0.E0,-2.631174057921E-1));
#6040=DIRECTION('',(2.631174057921E-1,0.E0,-9.647638212377E-1));
#6041=AXIS2_PLACEMENT_3D('',#6038,#6039,#6040);
#6042=PLANE('',#6041);
#6043=ORIENTED_EDGE('',*,*,#5764,.T.);
#6044=ORIENTED_EDGE('',*,*,#5992,.F.);
#6045=ORIENTED_EDGE('',*,*,#6018,.F.);
#6046=ORIENTED_EDGE('',*,*,#6031,.T.);
#6047=EDGE_LOOP('',(#6043,#6044,#6045,#6046));
#6048=FACE_OUTER_BOUND('',#6047,.F.);
#6049=ADVANCED_FACE('',(#6048),#6042,.T.);
#6050=CARTESIAN_POINT('',(5.9325E0,1.3225E0,-7.073590835920E0));
#6051=DIRECTION('',(1.E0,0.E0,0.E0));
#6052=DIRECTION('',(0.E0,0.E0,-1.E0));
#6053=AXIS2_PLACEMENT_3D('',#6050,#6051,#6052);
#6054=CYLINDRICAL_SURFACE('',#6053,1.64E0);
#6055=ORIENTED_EDGE('',*,*,#5783,.F.);
#6057=ORIENTED_EDGE('',*,*,#6056,.T.);
#6058=ORIENTED_EDGE('',*,*,#5898,.T.);
#6059=ORIENTED_EDGE('',*,*,#5964,.F.);
#6060=EDGE_LOOP('',(#6055,#6057,#6058,#6059));
#6061=FACE_OUTER_BOUND('',#6060,.F.);
#6062=ADVANCED_FACE('',(#6061),#6054,.T.);
#6063=CARTESIAN_POINT('',(5.9325E0,-1.0625E0,-5.93E0));
#6064=DIRECTION('',(1.E0,0.E0,0.E0));
#6065=DIRECTION('',(0.E0,0.E0,-1.E0));
#6066=AXIS2_PLACEMENT_3D('',#6063,#6064,#6065);
#6067=CYLINDRICAL_SURFACE('',#6066,1.005E0);
#6068=ORIENTED_EDGE('',*,*,#5781,.F.);
#6070=ORIENTED_EDGE('',*,*,#6069,.T.);
#6071=ORIENTED_EDGE('',*,*,#5900,.T.);
#6072=ORIENTED_EDGE('',*,*,#6056,.F.);
#6073=EDGE_LOOP('',(#6068,#6070,#6071,#6072));
#6074=FACE_OUTER_BOUND('',#6073,.F.);
#6075=ADVANCED_FACE('',(#6074),#6067,.F.);
#6076=CARTESIAN_POINT('',(5.9325E0,1.3225E0,-4.786409164080E0));
#6077=DIRECTION('',(1.E0,0.E0,0.E0));
#6078=DIRECTION('',(0.E0,0.E0,-1.E0));
#6079=AXIS2_PLACEMENT_3D('',#6076,#6077,#6078);
#6080=CYLINDRICAL_SURFACE('',#6079,1.64E0);
#6081=ORIENTED_EDGE('',*,*,#5779,.F.);
#6082=ORIENTED_EDGE('',*,*,#5977,.T.);
#6083=ORIENTED_EDGE('',*,*,#5902,.T.);
#6084=ORIENTED_EDGE('',*,*,#6069,.F.);
#6085=EDGE_LOOP('',(#6081,#6082,#6083,#6084));
#6086=FACE_OUTER_BOUND('',#6085,.F.);
#6087=ADVANCED_FACE('',(#6086),#6080,.T.);
#6088=CARTESIAN_POINT('',(5.9325E0,1.3225E0,-4.786409164080E0));
#6089=DIRECTION('',(1.E0,0.E0,0.E0));
#6090=DIRECTION('',(0.E0,0.E0,-1.E0));
#6091=AXIS2_PLACEMENT_3D('',#6088,#6089,#6090);
#6092=CYLINDRICAL_SURFACE('',#6091,1.005E0);
#6093=ORIENTED_EDGE('',*,*,#5772,.F.);
#6095=ORIENTED_EDGE('',*,*,#6094,.T.);
#6096=ORIENTED_EDGE('',*,*,#5908,.T.);
#6097=ORIENTED_EDGE('',*,*,#5854,.F.);
#6098=EDGE_LOOP('',(#6093,#6095,#6096,#6097));
#6099=FACE_OUTER_BOUND('',#6098,.F.);
#6100=ADVANCED_FACE('',(#6099),#6092,.F.);
#6101=CARTESIAN_POINT('',(5.9325E0,-1.0625E0,-5.93E0));
#6102=DIRECTION('',(1.E0,0.E0,0.E0));
#6103=DIRECTION('',(0.E0,0.E0,-1.E0));
#6104=AXIS2_PLACEMENT_3D('',#6101,#6102,#6103);
#6105=CYLINDRICAL_SURFACE('',#6104,1.64E0);
#6106=ORIENTED_EDGE('',*,*,#5770,.F.);
#6108=ORIENTED_EDGE('',*,*,#6107,.T.);
#6109=ORIENTED_EDGE('',*,*,#5910,.T.);
#6110=ORIENTED_EDGE('',*,*,#6094,.F.);
#6111=EDGE_LOOP('',(#6106,#6108,#6109,#6110));
#6112=FACE_OUTER_BOUND('',#6111,.F.);
#6113=ADVANCED_FACE('',(#6112),#6105,.T.);
#6114=CARTESIAN_POINT('',(5.9325E0,1.3225E0,-7.073590835920E0));
#6115=DIRECTION('',(1.E0,0.E0,0.E0));
#6116=DIRECTION('',(0.E0,0.E0,-1.E0));
#6117=AXIS2_PLACEMENT_3D('',#6114,#6115,#6116);
#6118=CYLINDRICAL_SURFACE('',#6117,1.005E0);
#6119=ORIENTED_EDGE('',*,*,#5768,.F.);
#6120=ORIENTED_EDGE('',*,*,#5869,.T.);
#6121=ORIENTED_EDGE('',*,*,#5912,.T.);
#6122=ORIENTED_EDGE('',*,*,#6107,.F.);
#6123=EDGE_LOOP('',(#6119,#6120,#6121,#6122));
#6124=FACE_OUTER_BOUND('',#6123,.F.);
#6125=ADVANCED_FACE('',(#6124),#6118,.F.);
#6126=CARTESIAN_POINT('',(-2.2E0,3.75E0,5.68E0));
#6127=DIRECTION('',(-1.E0,0.E0,0.E0));
#6128=DIRECTION('',(0.E0,-1.E0,0.E0));
#6129=AXIS2_PLACEMENT_3D('',#6126,#6127,#6128);
#6130=PLANE('',#6129);
#6131=ORIENTED_EDGE('',*,*,#3942,.F.);
#6133=ORIENTED_EDGE('',*,*,#6132,.T.);
#6135=ORIENTED_EDGE('',*,*,#6134,.T.);
#6137=ORIENTED_EDGE('',*,*,#6136,.T.);
#6139=ORIENTED_EDGE('',*,*,#6138,.F.);
#6140=EDGE_LOOP('',(#6131,#6133,#6135,#6137,#6139));
#6141=FACE_OUTER_BOUND('',#6140,.F.);
#6142=ADVANCED_FACE('',(#6141),#6130,.F.);
#6143=CARTESIAN_POINT('',(-2.6E0,4.02E0,5.68E0));
#6144=DIRECTION('',(0.E0,-7.046727002400E-1,7.095325119658E-1));
#6145=DIRECTION('',(0.E0,-7.095325119658E-1,-7.046727002400E-1));
#6146=AXIS2_PLACEMENT_3D('',#6143,#6144,#6145);
#6147=PLANE('',#6146);
#6148=ORIENTED_EDGE('',*,*,#6132,.F.);
#6149=ORIENTED_EDGE('',*,*,#3987,.F.);
#6151=ORIENTED_EDGE('',*,*,#6150,.F.);
#6153=ORIENTED_EDGE('',*,*,#6152,.T.);
#6155=ORIENTED_EDGE('',*,*,#6154,.T.);
#6156=ORIENTED_EDGE('',*,*,#3972,.F.);
#6158=ORIENTED_EDGE('',*,*,#6157,.T.);
#6160=ORIENTED_EDGE('',*,*,#6159,.T.);
#6161=EDGE_LOOP('',(#6148,#6149,#6151,#6153,#6155,#6156,#6158,#6160));
#6162=FACE_OUTER_BOUND('',#6161,.F.);
#6163=ADVANCED_FACE('',(#6162),#6147,.T.);
#6164=CARTESIAN_POINT('',(-2.6E0,0.E0,0.E0));
#6165=DIRECTION('',(1.E0,0.E0,0.E0));
#6166=DIRECTION('',(0.E0,0.E0,-1.E0));
#6167=AXIS2_PLACEMENT_3D('',#6164,#6165,#6166);
#6168=PLANE('',#6167);
#6170=ORIENTED_EDGE('',*,*,#6169,.F.);
#6172=ORIENTED_EDGE('',*,*,#6171,.F.);
#6174=ORIENTED_EDGE('',*,*,#6173,.T.);
#6175=ORIENTED_EDGE('',*,*,#6150,.T.);
#6176=ORIENTED_EDGE('',*,*,#3985,.T.);
#6178=ORIENTED_EDGE('',*,*,#6177,.T.);
#6179=EDGE_LOOP('',(#6170,#6172,#6174,#6175,#6176,#6178));
#6180=FACE_OUTER_BOUND('',#6179,.F.);
#6181=ADVANCED_FACE('',(#6180),#6168,.F.);
#6182=CARTESIAN_POINT('',(-2.35E0,4.406396688306E0,-5.2E-1));
#6183=DIRECTION('',(0.E0,-1.E0,0.E0));
#6184=DIRECTION('',(-1.E0,0.E0,0.E0));
#6185=AXIS2_PLACEMENT_3D('',#6182,#6183,#6184);
#6186=CYLINDRICAL_SURFACE('',#6185,2.5E-1);
#6188=ORIENTED_EDGE('',*,*,#6187,.F.);
#6190=ORIENTED_EDGE('',*,*,#6189,.F.);
#6191=ORIENTED_EDGE('',*,*,#6169,.T.);
#6193=ORIENTED_EDGE('',*,*,#6192,.T.);
#6194=EDGE_LOOP('',(#6188,#6190,#6191,#6193));
#6195=FACE_OUTER_BOUND('',#6194,.F.);
#6196=ADVANCED_FACE('',(#6195),#6186,.T.);
#6197=CARTESIAN_POINT('',(-2.6E0,1.74E0,-7.7E-1));
#6198=DIRECTION('',(0.E0,0.E0,-1.E0));
#6199=DIRECTION('',(0.E0,1.E0,0.E0));
#6200=AXIS2_PLACEMENT_3D('',#6197,#6198,#6199);
#6201=PLANE('',#6200);
#6203=ORIENTED_EDGE('',*,*,#6202,.T.);
#6205=ORIENTED_EDGE('',*,*,#6204,.F.);
#6207=ORIENTED_EDGE('',*,*,#6206,.T.);
#6209=ORIENTED_EDGE('',*,*,#6208,.F.);
#6211=ORIENTED_EDGE('',*,*,#6210,.F.);
#6213=ORIENTED_EDGE('',*,*,#6212,.F.);
#6214=ORIENTED_EDGE('',*,*,#6187,.T.);
#6216=ORIENTED_EDGE('',*,*,#6215,.T.);
#6217=EDGE_LOOP('',(#6203,#6205,#6207,#6209,#6211,#6213,#6214,#6216));
#6218=FACE_OUTER_BOUND('',#6217,.F.);
#6219=ADVANCED_FACE('',(#6218),#6201,.T.);
#6220=CARTESIAN_POINT('',(2.35E0,-1.0004824E1,-5.2E-1));
#6221=DIRECTION('',(0.E0,1.E0,0.E0));
#6222=DIRECTION('',(1.E0,0.E0,0.E0));
#6223=AXIS2_PLACEMENT_3D('',#6220,#6221,#6222);
#6224=CYLINDRICAL_SURFACE('',#6223,2.5E-1);
#6226=ORIENTED_EDGE('',*,*,#6225,.T.);
#6228=ORIENTED_EDGE('',*,*,#6227,.T.);
#6229=ORIENTED_EDGE('',*,*,#6202,.F.);
#6231=ORIENTED_EDGE('',*,*,#6230,.T.);
#6232=EDGE_LOOP('',(#6226,#6228,#6229,#6231));
#6233=FACE_OUTER_BOUND('',#6232,.F.);
#6234=ADVANCED_FACE('',(#6233),#6224,.T.);
#6235=CARTESIAN_POINT('',(2.6E0,0.E0,0.E0));
#6236=DIRECTION('',(1.E0,0.E0,0.E0));
#6237=DIRECTION('',(0.E0,0.E0,-1.E0));
#6238=AXIS2_PLACEMENT_3D('',#6235,#6236,#6237);
#6239=PLANE('',#6238);
#6241=ORIENTED_EDGE('',*,*,#6240,.F.);
#6242=ORIENTED_EDGE('',*,*,#6225,.F.);
#6244=ORIENTED_EDGE('',*,*,#6243,.F.);
#6245=ORIENTED_EDGE('',*,*,#3974,.F.);
#6246=ORIENTED_EDGE('',*,*,#6154,.F.);
#6248=ORIENTED_EDGE('',*,*,#6247,.F.);
#6249=EDGE_LOOP('',(#6241,#6242,#6244,#6245,#6246,#6248));
#6250=FACE_OUTER_BOUND('',#6249,.F.);
#6251=ADVANCED_FACE('',(#6250),#6239,.T.);
#6252=CARTESIAN_POINT('',(2.35E0,4.35E0,-5.597004430010E-1));
#6253=DIRECTION('',(0.E0,0.E0,1.E0));
#6254=DIRECTION('',(1.E0,0.E0,0.E0));
#6255=AXIS2_PLACEMENT_3D('',#6252,#6253,#6254);
#6256=CYLINDRICAL_SURFACE('',#6255,2.5E-1);
#6258=ORIENTED_EDGE('',*,*,#6257,.T.);
#6260=ORIENTED_EDGE('',*,*,#6259,.F.);
#6262=ORIENTED_EDGE('',*,*,#6261,.F.);
#6263=ORIENTED_EDGE('',*,*,#6240,.T.);
#6264=EDGE_LOOP('',(#6258,#6260,#6262,#6263));
#6265=FACE_OUTER_BOUND('',#6264,.F.);
#6266=ADVANCED_FACE('',(#6265),#6256,.T.);
#6267=CARTESIAN_POINT('',(-2.6E0,4.6E0,5.68E0));
#6268=DIRECTION('',(0.E0,0.E0,1.E0));
#6269=DIRECTION('',(0.E0,-1.E0,0.E0));
#6270=AXIS2_PLACEMENT_3D('',#6267,#6268,#6269);
#6271=PLANE('',#6270);
#6272=ORIENTED_EDGE('',*,*,#6257,.F.);
#6273=ORIENTED_EDGE('',*,*,#6247,.T.);
#6274=ORIENTED_EDGE('',*,*,#6152,.F.);
#6275=ORIENTED_EDGE('',*,*,#6173,.F.);
#6277=ORIENTED_EDGE('',*,*,#6276,.F.);
#6279=ORIENTED_EDGE('',*,*,#6278,.T.);
#6280=EDGE_LOOP('',(#6272,#6273,#6274,#6275,#6277,#6279));
#6281=FACE_OUTER_BOUND('',#6280,.F.);
#6282=ADVANCED_FACE('',(#6281),#6271,.T.);
#6283=CARTESIAN_POINT('',(-2.35E0,4.35E0,2.3552356E1));
#6284=DIRECTION('',(0.E0,0.E0,-1.E0));
#6285=DIRECTION('',(-1.E0,0.E0,0.E0));
#6286=AXIS2_PLACEMENT_3D('',#6283,#6284,#6285);
#6287=CYLINDRICAL_SURFACE('',#6286,2.5E-1);
#6288=ORIENTED_EDGE('',*,*,#6276,.T.);
#6289=ORIENTED_EDGE('',*,*,#6171,.T.);
#6291=ORIENTED_EDGE('',*,*,#6290,.T.);
#6293=ORIENTED_EDGE('',*,*,#6292,.F.);
#6294=EDGE_LOOP('',(#6288,#6289,#6291,#6293));
#6295=FACE_OUTER_BOUND('',#6294,.F.);
#6296=ADVANCED_FACE('',(#6295),#6287,.T.);
#6297=CARTESIAN_POINT('',(-2.35E0,4.35E0,-5.2E-1));
#6298=DIRECTION('',(0.E0,7.071067887729E-1,7.071067736002E-1));
#6299=DIRECTION('',(0.E0,7.071067736002E-1,-7.071067887729E-1));
#6300=AXIS2_PLACEMENT_3D('',#6297,#6298,#6299);
#6301=SPHERICAL_SURFACE('',#6300,2.5E-1);
#6303=ORIENTED_EDGE('',*,*,#6302,.F.);
#6304=ORIENTED_EDGE('',*,*,#6290,.F.);
#6305=ORIENTED_EDGE('',*,*,#6189,.T.);
#6306=EDGE_LOOP('',(#6303,#6304,#6305));
#6307=FACE_OUTER_BOUND('',#6306,.F.);
#6308=ADVANCED_FACE('',(#6307),#6301,.T.);
#6309=CARTESIAN_POINT('',(-2.6E0,4.35E0,-5.2E-1));
#6310=DIRECTION('',(1.E0,0.E0,0.E0));
#6311=DIRECTION('',(0.E0,0.E0,-1.E0));
#6312=AXIS2_PLACEMENT_3D('',#6309,#6310,#6311);
#6313=CYLINDRICAL_SURFACE('',#6312,2.5E-1);
#6315=ORIENTED_EDGE('',*,*,#6314,.T.);
#6317=ORIENTED_EDGE('',*,*,#6316,.F.);
#6319=ORIENTED_EDGE('',*,*,#6318,.F.);
#6320=ORIENTED_EDGE('',*,*,#6204,.T.);
#6321=EDGE_LOOP('',(#6315,#6317,#6319,#6320));
#6322=FACE_OUTER_BOUND('',#6321,.F.);
#6323=ADVANCED_FACE('',(#6322),#6313,.T.);
#6324=CARTESIAN_POINT('',(-2.6E0,4.35E0,-5.2E-1));
#6325=DIRECTION('',(1.E0,0.E0,0.E0));
#6326=DIRECTION('',(0.E0,0.E0,-1.E0));
#6327=AXIS2_PLACEMENT_3D('',#6324,#6325,#6326);
#6328=CYLINDRICAL_SURFACE('',#6327,2.5E-1);
#6329=ORIENTED_EDGE('',*,*,#6302,.T.);
#6330=ORIENTED_EDGE('',*,*,#6212,.T.);
#6332=ORIENTED_EDGE('',*,*,#6331,.T.);
#6334=ORIENTED_EDGE('',*,*,#6333,.F.);
#6335=EDGE_LOOP('',(#6329,#6330,#6332,#6334));
#6336=FACE_OUTER_BOUND('',#6335,.F.);
#6337=ADVANCED_FACE('',(#6336),#6328,.T.);
#6338=CARTESIAN_POINT('',(2.35E0,4.35E0,-5.2E-1));
#6339=DIRECTION('',(0.E0,-7.071067887729E-1,-7.071067736002E-1));
#6340=DIRECTION('',(0.E0,7.071067736002E-1,-7.071067887729E-1));
#6341=AXIS2_PLACEMENT_3D('',#6338,#6339,#6340);
#6342=SPHERICAL_SURFACE('',#6341,2.5E-1);
#6343=ORIENTED_EDGE('',*,*,#6314,.F.);
#6344=ORIENTED_EDGE('',*,*,#6227,.F.);
#6345=ORIENTED_EDGE('',*,*,#6261,.T.);
#6346=EDGE_LOOP('',(#6343,#6344,#6345));
#6347=FACE_OUTER_BOUND('',#6346,.F.);
#6348=ADVANCED_FACE('',(#6347),#6342,.T.);
#6349=CARTESIAN_POINT('',(-2.6E0,4.6E0,-5.2E-1));
#6350=DIRECTION('',(0.E0,1.E0,0.E0));
#6351=DIRECTION('',(0.E0,0.E0,1.E0));
#6352=AXIS2_PLACEMENT_3D('',#6349,#6350,#6351);
#6353=PLANE('',#6352);
#6354=ORIENTED_EDGE('',*,*,#6259,.T.);
#6355=ORIENTED_EDGE('',*,*,#6278,.F.);
#6356=ORIENTED_EDGE('',*,*,#6292,.T.);
#6357=ORIENTED_EDGE('',*,*,#6333,.T.);
#6359=ORIENTED_EDGE('',*,*,#6358,.T.);
#6361=ORIENTED_EDGE('',*,*,#6360,.T.);
#6363=ORIENTED_EDGE('',*,*,#6362,.T.);
#6365=ORIENTED_EDGE('',*,*,#6364,.T.);
#6367=ORIENTED_EDGE('',*,*,#6366,.F.);
#6368=ORIENTED_EDGE('',*,*,#6316,.T.);
#6369=EDGE_LOOP('',(#6354,#6355,#6356,#6357,#6359,#6361,#6363,#6365,#6367,
#6368));
#6370=FACE_OUTER_BOUND('',#6369,.F.);
#6371=ADVANCED_FACE('',(#6370),#6353,.T.);
#6372=CARTESIAN_POINT('',(-1.15E0,4.6E0,-7.7E-1));
#6373=DIRECTION('',(-1.E0,0.E0,0.E0));
#6374=DIRECTION('',(0.E0,0.E0,1.E0));
#6375=AXIS2_PLACEMENT_3D('',#6372,#6373,#6374);
#6376=PLANE('',#6375);
#6377=ORIENTED_EDGE('',*,*,#6210,.T.);
#6379=ORIENTED_EDGE('',*,*,#6378,.T.);
#6381=ORIENTED_EDGE('',*,*,#6380,.T.);
#6383=ORIENTED_EDGE('',*,*,#6382,.F.);
#6384=ORIENTED_EDGE('',*,*,#6358,.F.);
#6385=ORIENTED_EDGE('',*,*,#6331,.F.);
#6386=EDGE_LOOP('',(#6377,#6379,#6381,#6383,#6384,#6385));
#6387=FACE_OUTER_BOUND('',#6386,.F.);
#6388=ADVANCED_FACE('',(#6387),#6376,.F.);
#6389=CARTESIAN_POINT('',(-2.6E0,3.75E0,0.E0));
#6390=DIRECTION('',(0.E0,1.E0,0.E0));
#6391=DIRECTION('',(1.E0,0.E0,0.E0));
#6392=AXIS2_PLACEMENT_3D('',#6389,#6390,#6391);
#6393=PLANE('',#6392);
#6394=ORIENTED_EDGE('',*,*,#6208,.T.);
#6396=ORIENTED_EDGE('',*,*,#6395,.F.);
#6398=ORIENTED_EDGE('',*,*,#6397,.F.);
#6399=ORIENTED_EDGE('',*,*,#6378,.F.);
#6400=EDGE_LOOP('',(#6394,#6396,#6398,#6399));
#6401=FACE_OUTER_BOUND('',#6400,.F.);
#6402=ADVANCED_FACE('',(#6401),#6393,.T.);
#6403=CARTESIAN_POINT('',(1.15E0,4.6E0,4.1E0));
#6404=DIRECTION('',(1.E0,0.E0,0.E0));
#6405=DIRECTION('',(0.E0,0.E0,-1.E0));
#6406=AXIS2_PLACEMENT_3D('',#6403,#6404,#6405);
#6407=PLANE('',#6406);
#6408=ORIENTED_EDGE('',*,*,#6206,.F.);
#6409=ORIENTED_EDGE('',*,*,#6318,.T.);
#6410=ORIENTED_EDGE('',*,*,#6366,.T.);
#6412=ORIENTED_EDGE('',*,*,#6411,.T.);
#6414=ORIENTED_EDGE('',*,*,#6413,.F.);
#6415=ORIENTED_EDGE('',*,*,#6395,.T.);
#6416=EDGE_LOOP('',(#6408,#6409,#6410,#6412,#6414,#6415));
#6417=FACE_OUTER_BOUND('',#6416,.F.);
#6418=ADVANCED_FACE('',(#6417),#6407,.F.);
#6419=CARTESIAN_POINT('',(9.E-1,4.6E0,4.1E0));
#6420=DIRECTION('',(0.E0,1.E0,0.E0));
#6421=DIRECTION('',(1.E0,0.E0,0.E0));
#6422=AXIS2_PLACEMENT_3D('',#6419,#6420,#6421);
#6423=CYLINDRICAL_SURFACE('',#6422,2.5E-1);
#6424=ORIENTED_EDGE('',*,*,#6364,.F.);
#6426=ORIENTED_EDGE('',*,*,#6425,.T.);
#6428=ORIENTED_EDGE('',*,*,#6427,.T.);
#6429=ORIENTED_EDGE('',*,*,#6411,.F.);
#6430=EDGE_LOOP('',(#6424,#6426,#6428,#6429));
#6431=FACE_OUTER_BOUND('',#6430,.F.);
#6432=ADVANCED_FACE('',(#6431),#6423,.F.);
#6433=CARTESIAN_POINT('',(-9.E-1,4.6E0,4.35E0));
#6434=DIRECTION('',(0.E0,0.E0,1.E0));
#6435=DIRECTION('',(1.E0,0.E0,0.E0));
#6436=AXIS2_PLACEMENT_3D('',#6433,#6434,#6435);
#6437=PLANE('',#6436);
#6438=ORIENTED_EDGE('',*,*,#6362,.F.);
#6440=ORIENTED_EDGE('',*,*,#6439,.T.);
#6442=ORIENTED_EDGE('',*,*,#6441,.T.);
#6443=ORIENTED_EDGE('',*,*,#6425,.F.);
#6444=EDGE_LOOP('',(#6438,#6440,#6442,#6443));
#6445=FACE_OUTER_BOUND('',#6444,.F.);
#6446=ADVANCED_FACE('',(#6445),#6437,.F.);
#6447=CARTESIAN_POINT('',(-9.E-1,4.6E0,4.1E0));
#6448=DIRECTION('',(0.E0,1.E0,0.E0));
#6449=DIRECTION('',(1.E0,0.E0,0.E0));
#6450=AXIS2_PLACEMENT_3D('',#6447,#6448,#6449);
#6451=CYLINDRICAL_SURFACE('',#6450,2.5E-1);
#6452=ORIENTED_EDGE('',*,*,#6360,.F.);
#6453=ORIENTED_EDGE('',*,*,#6382,.T.);
#6455=ORIENTED_EDGE('',*,*,#6454,.T.);
#6456=ORIENTED_EDGE('',*,*,#6439,.F.);
#6457=EDGE_LOOP('',(#6452,#6453,#6455,#6456));
#6458=FACE_OUTER_BOUND('',#6457,.F.);
#6459=ADVANCED_FACE('',(#6458),#6451,.F.);
#6460=CARTESIAN_POINT('',(2.2E0,3.75E0,5.68E0));
#6461=DIRECTION('',(0.E0,1.E0,0.E0));
#6462=DIRECTION('',(-1.E0,0.E0,0.E0));
#6463=AXIS2_PLACEMENT_3D('',#6460,#6461,#6462);
#6464=PLANE('',#6463);
#6465=ORIENTED_EDGE('',*,*,#6380,.F.);
#6467=ORIENTED_EDGE('',*,*,#6466,.T.);
#6468=ORIENTED_EDGE('',*,*,#6134,.F.);
#6469=ORIENTED_EDGE('',*,*,#6159,.F.);
#6471=ORIENTED_EDGE('',*,*,#6470,.T.);
#6473=ORIENTED_EDGE('',*,*,#6472,.T.);
#6474=ORIENTED_EDGE('',*,*,#6413,.T.);
#6475=ORIENTED_EDGE('',*,*,#6427,.F.);
#6476=ORIENTED_EDGE('',*,*,#6441,.F.);
#6477=ORIENTED_EDGE('',*,*,#6454,.F.);
#6478=EDGE_LOOP('',(#6465,#6467,#6468,#6469,#6471,#6473,#6474,#6475,#6476,
#6477));
#6479=FACE_OUTER_BOUND('',#6478,.F.);
#6480=ADVANCED_FACE('',(#6479),#6464,.F.);
#6481=CARTESIAN_POINT('',(-2.6E0,0.E0,-3.2E-1));
#6482=DIRECTION('',(0.E0,0.E0,1.E0));
#6483=DIRECTION('',(1.E0,0.E0,0.E0));
#6484=AXIS2_PLACEMENT_3D('',#6481,#6482,#6483);
#6485=PLANE('',#6484);
#6486=ORIENTED_EDGE('',*,*,#6397,.T.);
#6487=ORIENTED_EDGE('',*,*,#6472,.F.);
#6489=ORIENTED_EDGE('',*,*,#6488,.F.);
#6491=ORIENTED_EDGE('',*,*,#6490,.F.);
#6493=ORIENTED_EDGE('',*,*,#6492,.F.);
#6495=ORIENTED_EDGE('',*,*,#6494,.F.);
#6497=ORIENTED_EDGE('',*,*,#6496,.F.);
#6499=ORIENTED_EDGE('',*,*,#6498,.T.);
#6500=ORIENTED_EDGE('',*,*,#6136,.F.);
#6501=ORIENTED_EDGE('',*,*,#6466,.F.);
#6502=EDGE_LOOP('',(#6486,#6487,#6489,#6491,#6493,#6495,#6497,#6499,#6500,
#6501));
#6503=FACE_OUTER_BOUND('',#6502,.F.);
#6504=ADVANCED_FACE('',(#6503),#6485,.T.);
#6505=CARTESIAN_POINT('',(2.2E0,1.095E0,5.68E0));
#6506=DIRECTION('',(1.E0,0.E0,0.E0));
#6507=DIRECTION('',(0.E0,1.E0,0.E0));
#6508=AXIS2_PLACEMENT_3D('',#6505,#6506,#6507);
#6509=PLANE('',#6508);
#6510=ORIENTED_EDGE('',*,*,#3970,.T.);
#6512=ORIENTED_EDGE('',*,*,#6511,.T.);
#6513=ORIENTED_EDGE('',*,*,#6488,.T.);
#6514=ORIENTED_EDGE('',*,*,#6470,.F.);
#6515=ORIENTED_EDGE('',*,*,#6157,.F.);
#6516=EDGE_LOOP('',(#6510,#6512,#6513,#6514,#6515));
#6517=FACE_OUTER_BOUND('',#6516,.F.);
#6518=ADVANCED_FACE('',(#6517),#6509,.F.);
#6519=CARTESIAN_POINT('',(2.36E0,1.095E0,4.23E0));
#6520=DIRECTION('',(0.E0,1.E0,0.E0));
#6521=DIRECTION('',(-1.E0,0.E0,0.E0));
#6522=AXIS2_PLACEMENT_3D('',#6519,#6520,#6521);
#6523=PLANE('',#6522);
#6524=ORIENTED_EDGE('',*,*,#6490,.T.);
#6525=ORIENTED_EDGE('',*,*,#6511,.F.);
#6526=ORIENTED_EDGE('',*,*,#3968,.F.);
#6528=ORIENTED_EDGE('',*,*,#6527,.T.);
#6530=ORIENTED_EDGE('',*,*,#6529,.T.);
#6532=ORIENTED_EDGE('',*,*,#6531,.F.);
#6533=ORIENTED_EDGE('',*,*,#3960,.F.);
#6535=ORIENTED_EDGE('',*,*,#6534,.T.);
#6536=EDGE_LOOP('',(#6524,#6525,#6526,#6528,#6530,#6532,#6533,#6535));
#6537=FACE_OUTER_BOUND('',#6536,.F.);
#6538=ADVANCED_FACE('',(#6537),#6523,.F.);
#6539=CARTESIAN_POINT('',(2.36E0,-1.095E0,4.23E0));
#6540=DIRECTION('',(1.E0,0.E0,0.E0));
#6541=DIRECTION('',(0.E0,1.E0,0.E0));
#6542=AXIS2_PLACEMENT_3D('',#6539,#6540,#6541);
#6543=PLANE('',#6542);
#6544=ORIENTED_EDGE('',*,*,#3966,.F.);
#6546=ORIENTED_EDGE('',*,*,#6545,.T.);
#6548=ORIENTED_EDGE('',*,*,#6547,.T.);
#6549=ORIENTED_EDGE('',*,*,#6527,.F.);
#6550=EDGE_LOOP('',(#6544,#6546,#6548,#6549));
#6551=FACE_OUTER_BOUND('',#6550,.F.);
#6552=ADVANCED_FACE('',(#6551),#6543,.F.);
#6553=CARTESIAN_POINT('',(1.4E-1,-1.095E0,4.23E0));
#6554=DIRECTION('',(0.E0,-1.E0,0.E0));
#6555=DIRECTION('',(1.E0,0.E0,0.E0));
#6556=AXIS2_PLACEMENT_3D('',#6553,#6554,#6555);
#6557=PLANE('',#6556);
#6558=ORIENTED_EDGE('',*,*,#3964,.F.);
#6560=ORIENTED_EDGE('',*,*,#6559,.T.);
#6562=ORIENTED_EDGE('',*,*,#6561,.T.);
#6563=ORIENTED_EDGE('',*,*,#6545,.F.);
#6564=EDGE_LOOP('',(#6558,#6560,#6562,#6563));
#6565=FACE_OUTER_BOUND('',#6564,.F.);
#6566=ADVANCED_FACE('',(#6565),#6557,.F.);
#6567=CARTESIAN_POINT('',(1.4E-1,1.095E0,4.23E0));
#6568=DIRECTION('',(-1.E0,0.E0,0.E0));
#6569=DIRECTION('',(0.E0,-1.E0,0.E0));
#6570=AXIS2_PLACEMENT_3D('',#6567,#6568,#6569);
#6571=PLANE('',#6570);
#6572=ORIENTED_EDGE('',*,*,#3962,.F.);
#6573=ORIENTED_EDGE('',*,*,#6531,.T.);
#6575=ORIENTED_EDGE('',*,*,#6574,.T.);
#6576=ORIENTED_EDGE('',*,*,#6559,.F.);
#6577=EDGE_LOOP('',(#6572,#6573,#6575,#6576));
#6578=FACE_OUTER_BOUND('',#6577,.F.);
#6579=ADVANCED_FACE('',(#6578),#6571,.F.);
#6580=CARTESIAN_POINT('',(0.E0,-1.74E0,-1.77E0));
#6581=DIRECTION('',(0.E0,0.E0,1.E0));
#6582=DIRECTION('',(1.E0,0.E0,0.E0));
#6583=AXIS2_PLACEMENT_3D('',#6580,#6581,#6582);
#6584=PLANE('',#6583);
#6585=ORIENTED_EDGE('',*,*,#6574,.F.);
#6586=ORIENTED_EDGE('',*,*,#6529,.F.);
#6587=ORIENTED_EDGE('',*,*,#6547,.F.);
#6588=ORIENTED_EDGE('',*,*,#6561,.F.);
#6589=EDGE_LOOP('',(#6585,#6586,#6587,#6588));
#6590=FACE_OUTER_BOUND('',#6589,.F.);
#6592=ORIENTED_EDGE('',*,*,#6591,.F.);
#6594=ORIENTED_EDGE('',*,*,#6593,.T.);
#6596=ORIENTED_EDGE('',*,*,#6595,.T.);
#6598=ORIENTED_EDGE('',*,*,#6597,.F.);
#6599=EDGE_LOOP('',(#6592,#6594,#6596,#6598));
#6600=FACE_BOUND('',#6599,.F.);
#6601=ADVANCED_FACE('',(#6590,#6600),#6584,.T.);
#6602=CARTESIAN_POINT('',(9.325E-1,-1.74E0,0.E0));
#6603=DIRECTION('',(1.E0,0.E0,0.E0));
#6604=DIRECTION('',(0.E0,0.E0,-1.E0));
#6605=AXIS2_PLACEMENT_3D('',#6602,#6603,#6604);
#6606=PLANE('',#6605);
#6608=ORIENTED_EDGE('',*,*,#6607,.F.);
#6610=ORIENTED_EDGE('',*,*,#6609,.T.);
#6611=ORIENTED_EDGE('',*,*,#6591,.T.);
#6613=ORIENTED_EDGE('',*,*,#6612,.T.);
#6614=EDGE_LOOP('',(#6608,#6610,#6611,#6613));
#6615=FACE_OUTER_BOUND('',#6614,.F.);
#6616=ADVANCED_FACE('',(#6615),#6606,.F.);
#6617=CARTESIAN_POINT('',(9.325E-1,-1.74E0,0.E0));
#6618=DIRECTION('',(1.E0,0.E0,0.E0));
#6619=DIRECTION('',(0.E0,0.E0,-1.E0));
#6620=AXIS2_PLACEMENT_3D('',#6617,#6618,#6619);
#6621=PLANE('',#6620);
#6623=ORIENTED_EDGE('',*,*,#6622,.F.);
#6625=ORIENTED_EDGE('',*,*,#6624,.T.);
#6626=ORIENTED_EDGE('',*,*,#3661,.F.);
#6628=ORIENTED_EDGE('',*,*,#6627,.T.);
#6629=EDGE_LOOP('',(#6623,#6625,#6626,#6628));
#6630=FACE_OUTER_BOUND('',#6629,.F.);
#6631=ADVANCED_FACE('',(#6630),#6621,.F.);
#6632=CARTESIAN_POINT('',(1.0075E0,0.E0,2.495E0));
#6633=DIRECTION('',(-9.647638212377E-1,0.E0,2.631174057921E-1));
#6634=DIRECTION('',(2.631174057921E-1,0.E0,9.647638212377E-1));
#6635=AXIS2_PLACEMENT_3D('',#6632,#6633,#6634);
#6636=PLANE('',#6635);
#6638=ORIENTED_EDGE('',*,*,#6637,.F.);
#6640=ORIENTED_EDGE('',*,*,#6639,.T.);
#6641=ORIENTED_EDGE('',*,*,#6607,.T.);
#6643=ORIENTED_EDGE('',*,*,#6642,.T.);
#6644=EDGE_LOOP('',(#6638,#6640,#6641,#6643));
#6645=FACE_OUTER_BOUND('',#6644,.F.);
#6646=ADVANCED_FACE('',(#6645),#6636,.T.);
#6647=CARTESIAN_POINT('',(9.325E-1,3.175E-1,2.77E0));
#6648=DIRECTION('',(0.E0,0.E0,1.E0));
#6649=DIRECTION('',(0.E0,-1.E0,0.E0));
#6650=AXIS2_PLACEMENT_3D('',#6647,#6648,#6649);
#6651=PLANE('',#6650);
#6653=ORIENTED_EDGE('',*,*,#6652,.F.);
#6655=ORIENTED_EDGE('',*,*,#6654,.T.);
#6657=ORIENTED_EDGE('',*,*,#6656,.T.);
#6658=ORIENTED_EDGE('',*,*,#6637,.T.);
#6659=EDGE_LOOP('',(#6653,#6655,#6657,#6658));
#6660=FACE_OUTER_BOUND('',#6659,.F.);
#6661=ADVANCED_FACE('',(#6660),#6651,.T.);
#6662=CARTESIAN_POINT('',(1.25E0,2.425E-1,2.495E0));
#6663=DIRECTION('',(0.E0,9.647638212377E-1,2.631174057921E-1));
#6664=DIRECTION('',(0.E0,2.631174057921E-1,-9.647638212377E-1));
#6665=AXIS2_PLACEMENT_3D('',#6662,#6663,#6664);
#6666=PLANE('',#6665);
#6667=ORIENTED_EDGE('',*,*,#6652,.T.);
#6668=ORIENTED_EDGE('',*,*,#6642,.F.);
#6670=ORIENTED_EDGE('',*,*,#6669,.F.);
#6672=ORIENTED_EDGE('',*,*,#6671,.F.);
#6673=EDGE_LOOP('',(#6667,#6668,#6670,#6672));
#6674=FACE_OUTER_BOUND('',#6673,.F.);
#6675=ADVANCED_FACE('',(#6674),#6666,.T.);
#6676=CARTESIAN_POINT('',(9.325E-1,3.175E-1,-8.03E0));
#6677=DIRECTION('',(0.E0,1.E0,0.E0));
#6678=DIRECTION('',(0.E0,0.E0,1.E0));
#6679=AXIS2_PLACEMENT_3D('',#6676,#6677,#6678);
#6680=PLANE('',#6679);
#6681=ORIENTED_EDGE('',*,*,#6669,.T.);
#6682=ORIENTED_EDGE('',*,*,#6612,.F.);
#6683=ORIENTED_EDGE('',*,*,#6597,.T.);
#6685=ORIENTED_EDGE('',*,*,#6684,.T.);
#6686=EDGE_LOOP('',(#6681,#6682,#6683,#6685));
#6687=FACE_OUTER_BOUND('',#6686,.F.);
#6688=ADVANCED_FACE('',(#6687),#6680,.T.);
#6689=CARTESIAN_POINT('',(9.325E-1,3.175E-1,-8.03E0));
#6690=DIRECTION('',(0.E0,1.E0,0.E0));
#6691=DIRECTION('',(0.E0,0.E0,1.E0));
#6692=AXIS2_PLACEMENT_3D('',#6689,#6690,#6691);
#6693=PLANE('',#6692);
#6695=ORIENTED_EDGE('',*,*,#6694,.F.);
#6697=ORIENTED_EDGE('',*,*,#6696,.T.);
#6698=ORIENTED_EDGE('',*,*,#3663,.F.);
#6699=ORIENTED_EDGE('',*,*,#6624,.F.);
#6700=EDGE_LOOP('',(#6695,#6697,#6698,#6699));
#6701=FACE_OUTER_BOUND('',#6700,.F.);
#6702=ADVANCED_FACE('',(#6701),#6693,.T.);
#6703=CARTESIAN_POINT('',(1.5675E0,-1.74E0,0.E0));
#6704=DIRECTION('',(1.E0,0.E0,0.E0));
#6705=DIRECTION('',(0.E0,0.E0,-1.E0));
#6706=AXIS2_PLACEMENT_3D('',#6703,#6704,#6705);
#6707=PLANE('',#6706);
#6709=ORIENTED_EDGE('',*,*,#6708,.F.);
#6710=ORIENTED_EDGE('',*,*,#6684,.F.);
#6711=ORIENTED_EDGE('',*,*,#6595,.F.);
#6713=ORIENTED_EDGE('',*,*,#6712,.F.);
#6714=EDGE_LOOP('',(#6709,#6710,#6711,#6713));
#6715=FACE_OUTER_BOUND('',#6714,.F.);
#6716=ADVANCED_FACE('',(#6715),#6707,.T.);
#6717=CARTESIAN_POINT('',(1.5675E0,-1.74E0,0.E0));
#6718=DIRECTION('',(1.E0,0.E0,0.E0));
#6719=DIRECTION('',(0.E0,0.E0,-1.E0));
#6720=AXIS2_PLACEMENT_3D('',#6717,#6718,#6719);
#6721=PLANE('',#6720);
#6723=ORIENTED_EDGE('',*,*,#6722,.F.);
#6725=ORIENTED_EDGE('',*,*,#6724,.F.);
#6726=ORIENTED_EDGE('',*,*,#3665,.T.);
#6727=ORIENTED_EDGE('',*,*,#6696,.F.);
#6728=EDGE_LOOP('',(#6723,#6725,#6726,#6727));
#6729=FACE_OUTER_BOUND('',#6728,.F.);
#6730=ADVANCED_FACE('',(#6729),#6721,.T.);
#6731=CARTESIAN_POINT('',(1.4925E0,0.E0,2.495E0));
#6732=DIRECTION('',(9.647638212377E-1,0.E0,2.631174057921E-1));
#6733=DIRECTION('',(-2.631174057921E-1,0.E0,9.647638212377E-1));
#6734=AXIS2_PLACEMENT_3D('',#6731,#6732,#6733);
#6735=PLANE('',#6734);
#6736=ORIENTED_EDGE('',*,*,#6654,.F.);
#6737=ORIENTED_EDGE('',*,*,#6671,.T.);
#6738=ORIENTED_EDGE('',*,*,#6708,.T.);
#6740=ORIENTED_EDGE('',*,*,#6739,.T.);
#6741=EDGE_LOOP('',(#6736,#6737,#6738,#6740));
#6742=FACE_OUTER_BOUND('',#6741,.F.);
#6743=ADVANCED_FACE('',(#6742),#6735,.T.);
#6744=CARTESIAN_POINT('',(1.25E0,-2.425E-1,2.495E0));
#6745=DIRECTION('',(0.E0,-9.647638212377E-1,2.631174057921E-1));
#6746=DIRECTION('',(0.E0,2.631174057921E-1,9.647638212377E-1));
#6747=AXIS2_PLACEMENT_3D('',#6744,#6745,#6746);
#6748=PLANE('',#6747);
#6750=ORIENTED_EDGE('',*,*,#6749,.T.);
#6751=ORIENTED_EDGE('',*,*,#6639,.F.);
#6752=ORIENTED_EDGE('',*,*,#6656,.F.);
#6753=ORIENTED_EDGE('',*,*,#6739,.F.);
#6754=EDGE_LOOP('',(#6750,#6751,#6752,#6753));
#6755=FACE_OUTER_BOUND('',#6754,.F.);
#6756=ADVANCED_FACE('',(#6755),#6748,.T.);
#6757=CARTESIAN_POINT('',(9.325E-1,-3.175E-1,2.77E0));
#6758=DIRECTION('',(0.E0,-1.E0,0.E0));
#6759=DIRECTION('',(0.E0,0.E0,-1.E0));
#6760=AXIS2_PLACEMENT_3D('',#6757,#6758,#6759);
#6761=PLANE('',#6760);
#6762=ORIENTED_EDGE('',*,*,#6749,.F.);
#6763=ORIENTED_EDGE('',*,*,#6712,.T.);
#6764=ORIENTED_EDGE('',*,*,#6593,.F.);
#6765=ORIENTED_EDGE('',*,*,#6609,.F.);
#6766=EDGE_LOOP('',(#6762,#6763,#6764,#6765));
#6767=FACE_OUTER_BOUND('',#6766,.F.);
#6768=ADVANCED_FACE('',(#6767),#6761,.T.);
#6769=CARTESIAN_POINT('',(9.325E-1,-3.175E-1,2.77E0));
#6770=DIRECTION('',(0.E0,-1.E0,0.E0));
#6771=DIRECTION('',(0.E0,0.E0,-1.E0));
#6772=AXIS2_PLACEMENT_3D('',#6769,#6770,#6771);
#6773=PLANE('',#6772);
#6775=ORIENTED_EDGE('',*,*,#6774,.T.);
#6776=ORIENTED_EDGE('',*,*,#6627,.F.);
#6777=ORIENTED_EDGE('',*,*,#3667,.T.);
#6778=ORIENTED_EDGE('',*,*,#6724,.T.);
#6779=EDGE_LOOP('',(#6775,#6776,#6777,#6778));
#6780=FACE_OUTER_BOUND('',#6779,.F.);
#6781=ADVANCED_FACE('',(#6780),#6773,.T.);
#6782=CARTESIAN_POINT('',(1.25E0,-2.425E-1,-7.755E0));
#6783=DIRECTION('',(0.E0,-9.647638212377E-1,-2.631174057921E-1));
#6784=DIRECTION('',(0.E0,-2.631174057921E-1,9.647638212377E-1));
#6785=AXIS2_PLACEMENT_3D('',#6782,#6783,#6784);
#6786=PLANE('',#6785);
#6787=ORIENTED_EDGE('',*,*,#6774,.F.);
#6789=ORIENTED_EDGE('',*,*,#6788,.F.);
#6791=ORIENTED_EDGE('',*,*,#6790,.T.);
#6793=ORIENTED_EDGE('',*,*,#6792,.T.);
#6794=EDGE_LOOP('',(#6787,#6789,#6791,#6793));
#6795=FACE_OUTER_BOUND('',#6794,.F.);
#6796=ADVANCED_FACE('',(#6795),#6786,.T.);
#6797=CARTESIAN_POINT('',(1.4925E0,0.E0,-7.755E0));
#6798=DIRECTION('',(9.647638212377E-1,0.E0,-2.631174057921E-1));
#6799=DIRECTION('',(-2.631174057921E-1,0.E0,-9.647638212377E-1));
#6800=AXIS2_PLACEMENT_3D('',#6797,#6798,#6799);
#6801=PLANE('',#6800);
#6803=ORIENTED_EDGE('',*,*,#6802,.F.);
#6804=ORIENTED_EDGE('',*,*,#6788,.T.);
#6805=ORIENTED_EDGE('',*,*,#6722,.T.);
#6807=ORIENTED_EDGE('',*,*,#6806,.T.);
#6808=EDGE_LOOP('',(#6803,#6804,#6805,#6807));
#6809=FACE_OUTER_BOUND('',#6808,.F.);
#6810=ADVANCED_FACE('',(#6809),#6801,.T.);
#6811=CARTESIAN_POINT('',(9.325E-1,-3.175E-1,-8.03E0));
#6812=DIRECTION('',(0.E0,0.E0,-1.E0));
#6813=DIRECTION('',(0.E0,1.E0,0.E0));
#6814=AXIS2_PLACEMENT_3D('',#6811,#6812,#6813);
#6815=PLANE('',#6814);
#6817=ORIENTED_EDGE('',*,*,#6816,.T.);
#6819=ORIENTED_EDGE('',*,*,#6818,.T.);
#6820=ORIENTED_EDGE('',*,*,#6790,.F.);
#6821=ORIENTED_EDGE('',*,*,#6802,.T.);
#6822=EDGE_LOOP('',(#6817,#6819,#6820,#6821));
#6823=FACE_OUTER_BOUND('',#6822,.F.);
#6824=ADVANCED_FACE('',(#6823),#6815,.T.);
#6825=CARTESIAN_POINT('',(1.25E0,2.425E-1,-7.755E0));
#6826=DIRECTION('',(0.E0,9.647638212377E-1,-2.631174057921E-1));
#6827=DIRECTION('',(0.E0,-2.631174057921E-1,-9.647638212377E-1));
#6828=AXIS2_PLACEMENT_3D('',#6825,#6826,#6827);
#6829=PLANE('',#6828);
#6830=ORIENTED_EDGE('',*,*,#6694,.T.);
#6832=ORIENTED_EDGE('',*,*,#6831,.F.);
#6833=ORIENTED_EDGE('',*,*,#6816,.F.);
#6834=ORIENTED_EDGE('',*,*,#6806,.F.);
#6835=EDGE_LOOP('',(#6830,#6832,#6833,#6834));
#6836=FACE_OUTER_BOUND('',#6835,.F.);
#6837=ADVANCED_FACE('',(#6836),#6829,.T.);
#6838=CARTESIAN_POINT('',(1.0075E0,0.E0,-7.755E0));
#6839=DIRECTION('',(-9.647638212377E-1,0.E0,-2.631174057921E-1));
#6840=DIRECTION('',(2.631174057921E-1,0.E0,-9.647638212377E-1));
#6841=AXIS2_PLACEMENT_3D('',#6838,#6839,#6840);
#6842=PLANE('',#6841);
#6843=ORIENTED_EDGE('',*,*,#6622,.T.);
#6844=ORIENTED_EDGE('',*,*,#6792,.F.);
#6845=ORIENTED_EDGE('',*,*,#6818,.F.);
#6846=ORIENTED_EDGE('',*,*,#6831,.T.);
#6847=EDGE_LOOP('',(#6843,#6844,#6845,#6846));
#6848=FACE_OUTER_BOUND('',#6847,.F.);
#6849=ADVANCED_FACE('',(#6848),#6842,.T.);
#6850=CARTESIAN_POINT('',(1.33E0,1.37E0,5.68E0));
#6851=DIRECTION('',(-1.E0,0.E0,0.E0));
#6852=DIRECTION('',(0.E0,-1.E0,0.E0));
#6853=AXIS2_PLACEMENT_3D('',#6850,#6851,#6852);
#6854=PLANE('',#6853);
#6855=ORIENTED_EDGE('',*,*,#3958,.F.);
#6857=ORIENTED_EDGE('',*,*,#6856,.T.);
#6858=ORIENTED_EDGE('',*,*,#6492,.T.);
#6859=ORIENTED_EDGE('',*,*,#6534,.F.);
#6860=EDGE_LOOP('',(#6855,#6857,#6858,#6859));
#6861=FACE_OUTER_BOUND('',#6860,.F.);
#6862=ADVANCED_FACE('',(#6861),#6854,.F.);
#6863=CARTESIAN_POINT('',(-1.33E0,1.37E0,5.68E0));
#6864=DIRECTION('',(0.E0,-1.E0,0.E0));
#6865=DIRECTION('',(1.E0,0.E0,0.E0));
#6866=AXIS2_PLACEMENT_3D('',#6863,#6864,#6865);
#6867=PLANE('',#6866);
#6868=ORIENTED_EDGE('',*,*,#3956,.F.);
#6870=ORIENTED_EDGE('',*,*,#6869,.T.);
#6871=ORIENTED_EDGE('',*,*,#6494,.T.);
#6872=ORIENTED_EDGE('',*,*,#6856,.F.);
#6873=EDGE_LOOP('',(#6868,#6870,#6871,#6872));
#6874=FACE_OUTER_BOUND('',#6873,.F.);
#6875=ADVANCED_FACE('',(#6874),#6867,.F.);
#6876=CARTESIAN_POINT('',(-1.33E0,1.095E0,5.68E0));
#6877=DIRECTION('',(1.E0,0.E0,0.E0));
#6878=DIRECTION('',(0.E0,1.E0,0.E0));
#6879=AXIS2_PLACEMENT_3D('',#6876,#6877,#6878);
#6880=PLANE('',#6879);
#6881=ORIENTED_EDGE('',*,*,#3954,.F.);
#6883=ORIENTED_EDGE('',*,*,#6882,.T.);
#6884=ORIENTED_EDGE('',*,*,#6496,.T.);
#6885=ORIENTED_EDGE('',*,*,#6869,.F.);
#6886=EDGE_LOOP('',(#6881,#6883,#6884,#6885));
#6887=FACE_OUTER_BOUND('',#6886,.F.);
#6888=ADVANCED_FACE('',(#6887),#6880,.F.);
#6889=CARTESIAN_POINT('',(-1.4E-1,1.095E0,4.23E0));
#6890=DIRECTION('',(0.E0,1.E0,0.E0));
#6891=DIRECTION('',(-1.E0,0.E0,0.E0));
#6892=AXIS2_PLACEMENT_3D('',#6889,#6890,#6891);
#6893=PLANE('',#6892);
#6894=ORIENTED_EDGE('',*,*,#6498,.F.);
#6895=ORIENTED_EDGE('',*,*,#6882,.F.);
#6896=ORIENTED_EDGE('',*,*,#3952,.F.);
#6898=ORIENTED_EDGE('',*,*,#6897,.T.);
#6900=ORIENTED_EDGE('',*,*,#6899,.T.);
#6902=ORIENTED_EDGE('',*,*,#6901,.F.);
#6903=ORIENTED_EDGE('',*,*,#3944,.F.);
#6904=ORIENTED_EDGE('',*,*,#6138,.T.);
#6905=EDGE_LOOP('',(#6894,#6895,#6896,#6898,#6900,#6902,#6903,#6904));
#6906=FACE_OUTER_BOUND('',#6905,.F.);
#6907=ADVANCED_FACE('',(#6906),#6893,.F.);
#6908=CARTESIAN_POINT('',(-1.4E-1,-1.095E0,4.23E0));
#6909=DIRECTION('',(1.E0,0.E0,0.E0));
#6910=DIRECTION('',(0.E0,1.E0,0.E0));
#6911=AXIS2_PLACEMENT_3D('',#6908,#6909,#6910);
#6912=PLANE('',#6911);
#6913=ORIENTED_EDGE('',*,*,#3950,.F.);
#6915=ORIENTED_EDGE('',*,*,#6914,.T.);
#6917=ORIENTED_EDGE('',*,*,#6916,.T.);
#6918=ORIENTED_EDGE('',*,*,#6897,.F.);
#6919=EDGE_LOOP('',(#6913,#6915,#6917,#6918));
#6920=FACE_OUTER_BOUND('',#6919,.F.);
#6921=ADVANCED_FACE('',(#6920),#6912,.F.);
#6922=CARTESIAN_POINT('',(-2.36E0,-1.095E0,4.23E0));
#6923=DIRECTION('',(0.E0,-1.E0,0.E0));
#6924=DIRECTION('',(1.E0,0.E0,0.E0));
#6925=AXIS2_PLACEMENT_3D('',#6922,#6923,#6924);
#6926=PLANE('',#6925);
#6927=ORIENTED_EDGE('',*,*,#3948,.F.);
#6929=ORIENTED_EDGE('',*,*,#6928,.T.);
#6931=ORIENTED_EDGE('',*,*,#6930,.T.);
#6932=ORIENTED_EDGE('',*,*,#6914,.F.);
#6933=EDGE_LOOP('',(#6927,#6929,#6931,#6932));
#6934=FACE_OUTER_BOUND('',#6933,.F.);
#6935=ADVANCED_FACE('',(#6934),#6926,.F.);
#6936=CARTESIAN_POINT('',(-2.36E0,1.095E0,4.23E0));
#6937=DIRECTION('',(-1.E0,0.E0,0.E0));
#6938=DIRECTION('',(0.E0,-1.E0,0.E0));
#6939=AXIS2_PLACEMENT_3D('',#6936,#6937,#6938);
#6940=PLANE('',#6939);
#6941=ORIENTED_EDGE('',*,*,#3946,.F.);
#6942=ORIENTED_EDGE('',*,*,#6901,.T.);
#6944=ORIENTED_EDGE('',*,*,#6943,.T.);
#6945=ORIENTED_EDGE('',*,*,#6928,.F.);
#6946=EDGE_LOOP('',(#6941,#6942,#6944,#6945));
#6947=FACE_OUTER_BOUND('',#6946,.F.);
#6948=ADVANCED_FACE('',(#6947),#6940,.F.);
#6949=CARTESIAN_POINT('',(0.E0,-1.74E0,-1.77E0));
#6950=DIRECTION('',(0.E0,0.E0,1.E0));
#6951=DIRECTION('',(1.E0,0.E0,0.E0));
#6952=AXIS2_PLACEMENT_3D('',#6949,#6950,#6951);
#6953=PLANE('',#6952);
#6954=ORIENTED_EDGE('',*,*,#6943,.F.);
#6955=ORIENTED_EDGE('',*,*,#6899,.F.);
#6956=ORIENTED_EDGE('',*,*,#6916,.F.);
#6957=ORIENTED_EDGE('',*,*,#6930,.F.);
#6958=EDGE_LOOP('',(#6954,#6955,#6956,#6957));
#6959=FACE_OUTER_BOUND('',#6958,.F.);
#6961=ORIENTED_EDGE('',*,*,#6960,.F.);
#6963=ORIENTED_EDGE('',*,*,#6962,.T.);
#6965=ORIENTED_EDGE('',*,*,#6964,.T.);
#6967=ORIENTED_EDGE('',*,*,#6966,.F.);
#6968=EDGE_LOOP('',(#6961,#6963,#6965,#6967));
#6969=FACE_BOUND('',#6968,.F.);
#6970=ADVANCED_FACE('',(#6959,#6969),#6953,.T.);
#6971=CARTESIAN_POINT('',(-1.5675E0,-1.74E0,0.E0));
#6972=DIRECTION('',(1.E0,0.E0,0.E0));
#6973=DIRECTION('',(0.E0,0.E0,-1.E0));
#6974=AXIS2_PLACEMENT_3D('',#6971,#6972,#6973);
#6975=PLANE('',#6974);
#6977=ORIENTED_EDGE('',*,*,#6976,.F.);
#6979=ORIENTED_EDGE('',*,*,#6978,.T.);
#6980=ORIENTED_EDGE('',*,*,#6960,.T.);
#6982=ORIENTED_EDGE('',*,*,#6981,.T.);
#6983=EDGE_LOOP('',(#6977,#6979,#6980,#6982));
#6984=FACE_OUTER_BOUND('',#6983,.F.);
#6985=ADVANCED_FACE('',(#6984),#6975,.F.);
#6986=CARTESIAN_POINT('',(-1.5675E0,-1.74E0,0.E0));
#6987=DIRECTION('',(1.E0,0.E0,0.E0));
#6988=DIRECTION('',(0.E0,0.E0,-1.E0));
#6989=AXIS2_PLACEMENT_3D('',#6986,#6987,#6988);
#6990=PLANE('',#6989);
#6992=ORIENTED_EDGE('',*,*,#6991,.F.);
#6994=ORIENTED_EDGE('',*,*,#6993,.T.);
#6995=ORIENTED_EDGE('',*,*,#3671,.F.);
#6997=ORIENTED_EDGE('',*,*,#6996,.T.);
#6998=EDGE_LOOP('',(#6992,#6994,#6995,#6997));
#6999=FACE_OUTER_BOUND('',#6998,.F.);
#7000=ADVANCED_FACE('',(#6999),#6990,.F.);
#7001=CARTESIAN_POINT('',(-1.4925E0,0.E0,2.495E0));
#7002=DIRECTION('',(-9.647638212377E-1,0.E0,2.631174057921E-1));
#7003=DIRECTION('',(2.631174057921E-1,0.E0,9.647638212377E-1));
#7004=AXIS2_PLACEMENT_3D('',#7001,#7002,#7003);
#7005=PLANE('',#7004);
#7007=ORIENTED_EDGE('',*,*,#7006,.F.);
#7009=ORIENTED_EDGE('',*,*,#7008,.T.);
#7010=ORIENTED_EDGE('',*,*,#6976,.T.);
#7012=ORIENTED_EDGE('',*,*,#7011,.T.);
#7013=EDGE_LOOP('',(#7007,#7009,#7010,#7012));
#7014=FACE_OUTER_BOUND('',#7013,.F.);
#7015=ADVANCED_FACE('',(#7014),#7005,.T.);
#7016=CARTESIAN_POINT('',(-1.5675E0,3.175E-1,2.77E0));
#7017=DIRECTION('',(0.E0,0.E0,1.E0));
#7018=DIRECTION('',(0.E0,-1.E0,0.E0));
#7019=AXIS2_PLACEMENT_3D('',#7016,#7017,#7018);
#7020=PLANE('',#7019);
#7022=ORIENTED_EDGE('',*,*,#7021,.F.);
#7024=ORIENTED_EDGE('',*,*,#7023,.T.);
#7026=ORIENTED_EDGE('',*,*,#7025,.T.);
#7027=ORIENTED_EDGE('',*,*,#7006,.T.);
#7028=EDGE_LOOP('',(#7022,#7024,#7026,#7027));
#7029=FACE_OUTER_BOUND('',#7028,.F.);
#7030=ADVANCED_FACE('',(#7029),#7020,.T.);
#7031=CARTESIAN_POINT('',(-1.25E0,2.425E-1,2.495E0));
#7032=DIRECTION('',(0.E0,9.647638212377E-1,2.631174057921E-1));
#7033=DIRECTION('',(0.E0,2.631174057921E-1,-9.647638212377E-1));
#7034=AXIS2_PLACEMENT_3D('',#7031,#7032,#7033);
#7035=PLANE('',#7034);
#7036=ORIENTED_EDGE('',*,*,#7021,.T.);
#7037=ORIENTED_EDGE('',*,*,#7011,.F.);
#7039=ORIENTED_EDGE('',*,*,#7038,.F.);
#7041=ORIENTED_EDGE('',*,*,#7040,.F.);
#7042=EDGE_LOOP('',(#7036,#7037,#7039,#7041));
#7043=FACE_OUTER_BOUND('',#7042,.F.);
#7044=ADVANCED_FACE('',(#7043),#7035,.T.);
#7045=CARTESIAN_POINT('',(-1.5675E0,3.175E-1,-8.03E0));
#7046=DIRECTION('',(0.E0,1.E0,0.E0));
#7047=DIRECTION('',(0.E0,0.E0,1.E0));
#7048=AXIS2_PLACEMENT_3D('',#7045,#7046,#7047);
#7049=PLANE('',#7048);
#7050=ORIENTED_EDGE('',*,*,#7038,.T.);
#7051=ORIENTED_EDGE('',*,*,#6981,.F.);
#7052=ORIENTED_EDGE('',*,*,#6966,.T.);
#7054=ORIENTED_EDGE('',*,*,#7053,.T.);
#7055=EDGE_LOOP('',(#7050,#7051,#7052,#7054));
#7056=FACE_OUTER_BOUND('',#7055,.F.);
#7057=ADVANCED_FACE('',(#7056),#7049,.T.);
#7058=CARTESIAN_POINT('',(-1.5675E0,3.175E-1,-8.03E0));
#7059=DIRECTION('',(0.E0,1.E0,0.E0));
#7060=DIRECTION('',(0.E0,0.E0,1.E0));
#7061=AXIS2_PLACEMENT_3D('',#7058,#7059,#7060);
#7062=PLANE('',#7061);
#7064=ORIENTED_EDGE('',*,*,#7063,.F.);
#7066=ORIENTED_EDGE('',*,*,#7065,.T.);
#7067=ORIENTED_EDGE('',*,*,#3673,.F.);
#7068=ORIENTED_EDGE('',*,*,#6993,.F.);
#7069=EDGE_LOOP('',(#7064,#7066,#7067,#7068));
#7070=FACE_OUTER_BOUND('',#7069,.F.);
#7071=ADVANCED_FACE('',(#7070),#7062,.T.);
#7072=CARTESIAN_POINT('',(-9.325E-1,-1.74E0,0.E0));
#7073=DIRECTION('',(1.E0,0.E0,0.E0));
#7074=DIRECTION('',(0.E0,0.E0,-1.E0));
#7075=AXIS2_PLACEMENT_3D('',#7072,#7073,#7074);
#7076=PLANE('',#7075);
#7078=ORIENTED_EDGE('',*,*,#7077,.F.);
#7079=ORIENTED_EDGE('',*,*,#7053,.F.);
#7080=ORIENTED_EDGE('',*,*,#6964,.F.);
#7082=ORIENTED_EDGE('',*,*,#7081,.F.);
#7083=EDGE_LOOP('',(#7078,#7079,#7080,#7082));
#7084=FACE_OUTER_BOUND('',#7083,.F.);
#7085=ADVANCED_FACE('',(#7084),#7076,.T.);
#7086=CARTESIAN_POINT('',(-9.325E-1,-1.74E0,0.E0));
#7087=DIRECTION('',(1.E0,0.E0,0.E0));
#7088=DIRECTION('',(0.E0,0.E0,-1.E0));
#7089=AXIS2_PLACEMENT_3D('',#7086,#7087,#7088);
#7090=PLANE('',#7089);
#7092=ORIENTED_EDGE('',*,*,#7091,.F.);
#7094=ORIENTED_EDGE('',*,*,#7093,.F.);
#7095=ORIENTED_EDGE('',*,*,#3675,.T.);
#7096=ORIENTED_EDGE('',*,*,#7065,.F.);
#7097=EDGE_LOOP('',(#7092,#7094,#7095,#7096));
#7098=FACE_OUTER_BOUND('',#7097,.F.);
#7099=ADVANCED_FACE('',(#7098),#7090,.T.);
#7100=CARTESIAN_POINT('',(-1.0075E0,0.E0,2.495E0));
#7101=DIRECTION('',(9.647638212377E-1,0.E0,2.631174057921E-1));
#7102=DIRECTION('',(-2.631174057921E-1,0.E0,9.647638212377E-1));
#7103=AXIS2_PLACEMENT_3D('',#7100,#7101,#7102);
#7104=PLANE('',#7103);
#7105=ORIENTED_EDGE('',*,*,#7023,.F.);
#7106=ORIENTED_EDGE('',*,*,#7040,.T.);
#7107=ORIENTED_EDGE('',*,*,#7077,.T.);
#7109=ORIENTED_EDGE('',*,*,#7108,.T.);
#7110=EDGE_LOOP('',(#7105,#7106,#7107,#7109));
#7111=FACE_OUTER_BOUND('',#7110,.F.);
#7112=ADVANCED_FACE('',(#7111),#7104,.T.);
#7113=CARTESIAN_POINT('',(-1.25E0,-2.425E-1,2.495E0));
#7114=DIRECTION('',(0.E0,-9.647638212377E-1,2.631174057921E-1));
#7115=DIRECTION('',(0.E0,2.631174057921E-1,9.647638212377E-1));
#7116=AXIS2_PLACEMENT_3D('',#7113,#7114,#7115);
#7117=PLANE('',#7116);
#7119=ORIENTED_EDGE('',*,*,#7118,.T.);
#7120=ORIENTED_EDGE('',*,*,#7008,.F.);
#7121=ORIENTED_EDGE('',*,*,#7025,.F.);
#7122=ORIENTED_EDGE('',*,*,#7108,.F.);
#7123=EDGE_LOOP('',(#7119,#7120,#7121,#7122));
#7124=FACE_OUTER_BOUND('',#7123,.F.);
#7125=ADVANCED_FACE('',(#7124),#7117,.T.);
#7126=CARTESIAN_POINT('',(-1.5675E0,-3.175E-1,2.77E0));
#7127=DIRECTION('',(0.E0,-1.E0,0.E0));
#7128=DIRECTION('',(0.E0,0.E0,-1.E0));
#7129=AXIS2_PLACEMENT_3D('',#7126,#7127,#7128);
#7130=PLANE('',#7129);
#7131=ORIENTED_EDGE('',*,*,#7118,.F.);
#7132=ORIENTED_EDGE('',*,*,#7081,.T.);
#7133=ORIENTED_EDGE('',*,*,#6962,.F.);
#7134=ORIENTED_EDGE('',*,*,#6978,.F.);
#7135=EDGE_LOOP('',(#7131,#7132,#7133,#7134));
#7136=FACE_OUTER_BOUND('',#7135,.F.);
#7137=ADVANCED_FACE('',(#7136),#7130,.T.);
#7138=CARTESIAN_POINT('',(-1.5675E0,-3.175E-1,2.77E0));
#7139=DIRECTION('',(0.E0,-1.E0,0.E0));
#7140=DIRECTION('',(0.E0,0.E0,-1.E0));
#7141=AXIS2_PLACEMENT_3D('',#7138,#7139,#7140);
#7142=PLANE('',#7141);
#7144=ORIENTED_EDGE('',*,*,#7143,.T.);
#7145=ORIENTED_EDGE('',*,*,#6996,.F.);
#7146=ORIENTED_EDGE('',*,*,#3677,.T.);
#7147=ORIENTED_EDGE('',*,*,#7093,.T.);
#7148=EDGE_LOOP('',(#7144,#7145,#7146,#7147));
#7149=FACE_OUTER_BOUND('',#7148,.F.);
#7150=ADVANCED_FACE('',(#7149),#7142,.T.);
#7151=CARTESIAN_POINT('',(-1.25E0,-2.425E-1,-7.755E0));
#7152=DIRECTION('',(0.E0,-9.647638212377E-1,-2.631174057921E-1));
#7153=DIRECTION('',(0.E0,-2.631174057921E-1,9.647638212377E-1));
#7154=AXIS2_PLACEMENT_3D('',#7151,#7152,#7153);
#7155=PLANE('',#7154);
#7156=ORIENTED_EDGE('',*,*,#7143,.F.);
#7158=ORIENTED_EDGE('',*,*,#7157,.F.);
#7160=ORIENTED_EDGE('',*,*,#7159,.T.);
#7162=ORIENTED_EDGE('',*,*,#7161,.T.);
#7163=EDGE_LOOP('',(#7156,#7158,#7160,#7162));
#7164=FACE_OUTER_BOUND('',#7163,.F.);
#7165=ADVANCED_FACE('',(#7164),#7155,.T.);
#7166=CARTESIAN_POINT('',(-1.0075E0,0.E0,-7.755E0));
#7167=DIRECTION('',(9.647638212377E-1,0.E0,-2.631174057921E-1));
#7168=DIRECTION('',(-2.631174057921E-1,0.E0,-9.647638212377E-1));
#7169=AXIS2_PLACEMENT_3D('',#7166,#7167,#7168);
#7170=PLANE('',#7169);
#7172=ORIENTED_EDGE('',*,*,#7171,.F.);
#7173=ORIENTED_EDGE('',*,*,#7157,.T.);
#7174=ORIENTED_EDGE('',*,*,#7091,.T.);
#7176=ORIENTED_EDGE('',*,*,#7175,.T.);
#7177=EDGE_LOOP('',(#7172,#7173,#7174,#7176));
#7178=FACE_OUTER_BOUND('',#7177,.F.);
#7179=ADVANCED_FACE('',(#7178),#7170,.T.);
#7180=CARTESIAN_POINT('',(-1.5675E0,-3.175E-1,-8.03E0));
#7181=DIRECTION('',(0.E0,0.E0,-1.E0));
#7182=DIRECTION('',(0.E0,1.E0,0.E0));
#7183=AXIS2_PLACEMENT_3D('',#7180,#7181,#7182);
#7184=PLANE('',#7183);
#7186=ORIENTED_EDGE('',*,*,#7185,.T.);
#7188=ORIENTED_EDGE('',*,*,#7187,.T.);
#7189=ORIENTED_EDGE('',*,*,#7159,.F.);
#7190=ORIENTED_EDGE('',*,*,#7171,.T.);
#7191=EDGE_LOOP('',(#7186,#7188,#7189,#7190));
#7192=FACE_OUTER_BOUND('',#7191,.F.);
#7193=ADVANCED_FACE('',(#7192),#7184,.T.);
#7194=CARTESIAN_POINT('',(-1.25E0,2.425E-1,-7.755E0));
#7195=DIRECTION('',(0.E0,9.647638212377E-1,-2.631174057921E-1));
#7196=DIRECTION('',(0.E0,-2.631174057921E-1,-9.647638212377E-1));
#7197=AXIS2_PLACEMENT_3D('',#7194,#7195,#7196);
#7198=PLANE('',#7197);
#7199=ORIENTED_EDGE('',*,*,#7063,.T.);
#7201=ORIENTED_EDGE('',*,*,#7200,.F.);
#7202=ORIENTED_EDGE('',*,*,#7185,.F.);
#7203=ORIENTED_EDGE('',*,*,#7175,.F.);
#7204=EDGE_LOOP('',(#7199,#7201,#7202,#7203));
#7205=FACE_OUTER_BOUND('',#7204,.F.);
#7206=ADVANCED_FACE('',(#7205),#7198,.T.);
#7207=CARTESIAN_POINT('',(-1.4925E0,0.E0,-7.755E0));
#7208=DIRECTION('',(-9.647638212377E-1,0.E0,-2.631174057921E-1));
#7209=DIRECTION('',(2.631174057921E-1,0.E0,-9.647638212377E-1));
#7210=AXIS2_PLACEMENT_3D('',#7207,#7208,#7209);
#7211=PLANE('',#7210);
#7212=ORIENTED_EDGE('',*,*,#6991,.T.);
#7213=ORIENTED_EDGE('',*,*,#7161,.F.);
#7214=ORIENTED_EDGE('',*,*,#7187,.F.);
#7215=ORIENTED_EDGE('',*,*,#7200,.T.);
#7216=EDGE_LOOP('',(#7212,#7213,#7214,#7215));
#7217=FACE_OUTER_BOUND('',#7216,.F.);
#7218=ADVANCED_FACE('',(#7217),#7211,.T.);
#7219=CARTESIAN_POINT('',(0.E0,1.74E0,0.E0));
#7220=DIRECTION('',(0.E0,1.E0,0.E0));
#7221=DIRECTION('',(1.E0,0.E0,0.E0));
#7222=AXIS2_PLACEMENT_3D('',#7219,#7220,#7221);
#7223=PLANE('',#7222);
#7225=ORIENTED_EDGE('',*,*,#7224,.F.);
#7227=ORIENTED_EDGE('',*,*,#7226,.F.);
#7229=ORIENTED_EDGE('',*,*,#7228,.F.);
#7230=ORIENTED_EDGE('',*,*,#3637,.F.);
#7232=ORIENTED_EDGE('',*,*,#7231,.T.);
#7234=ORIENTED_EDGE('',*,*,#7233,.T.);
#7236=ORIENTED_EDGE('',*,*,#7235,.T.);
#7237=ORIENTED_EDGE('',*,*,#3976,.F.);
#7238=ORIENTED_EDGE('',*,*,#6243,.T.);
#7239=ORIENTED_EDGE('',*,*,#6230,.F.);
#7240=ORIENTED_EDGE('',*,*,#6215,.F.);
#7241=ORIENTED_EDGE('',*,*,#6192,.F.);
#7242=ORIENTED_EDGE('',*,*,#6177,.F.);
#7243=ORIENTED_EDGE('',*,*,#3983,.F.);
#7245=ORIENTED_EDGE('',*,*,#7244,.F.);
#7247=ORIENTED_EDGE('',*,*,#7246,.T.);
#7249=ORIENTED_EDGE('',*,*,#7248,.F.);
#7250=ORIENTED_EDGE('',*,*,#3614,.F.);
#7252=ORIENTED_EDGE('',*,*,#7251,.T.);
#7253=EDGE_LOOP('',(#7225,#7227,#7229,#7230,#7232,#7234,#7236,#7237,#7238,#7239,
#7240,#7241,#7242,#7243,#7245,#7247,#7249,#7250,#7252));
#7254=FACE_OUTER_BOUND('',#7253,.F.);
#7255=ADVANCED_FACE('',(#7254),#7223,.T.);
#7256=CARTESIAN_POINT('',(-3.856957207747E-7,1.340000247743E0,
-5.529999633056E0));
#7257=DIRECTION('',(0.E0,0.E0,1.E0));
#7258=DIRECTION('',(0.E0,-1.E0,0.E0));
#7259=AXIS2_PLACEMENT_3D('',#7256,#7257,#7258);
#7260=CONICAL_SURFACE('',#7259,4.999999675176E-1,1.843495782428E1);
#7261=ORIENTED_EDGE('',*,*,#7224,.T.);
#7263=ORIENTED_EDGE('',*,*,#7262,.F.);
#7265=ORIENTED_EDGE('',*,*,#7264,.F.);
#7267=ORIENTED_EDGE('',*,*,#7266,.T.);
#7268=EDGE_LOOP('',(#7261,#7263,#7265,#7267));
#7269=FACE_OUTER_BOUND('',#7268,.F.);
#7270=ADVANCED_FACE('',(#7269),#7260,.T.);
#7271=CARTESIAN_POINT('',(0.E0,1.34E0,-4.23E0));
#7272=DIRECTION('',(0.E0,0.E0,-1.E0));
#7273=DIRECTION('',(-1.E0,0.E0,0.E0));
#7274=AXIS2_PLACEMENT_3D('',#7271,#7272,#7273);
#7275=CYLINDRICAL_SURFACE('',#7274,6.E-1);
#7276=ORIENTED_EDGE('',*,*,#7262,.T.);
#7277=ORIENTED_EDGE('',*,*,#7251,.F.);
#7278=ORIENTED_EDGE('',*,*,#3612,.F.);
#7279=ORIENTED_EDGE('',*,*,#7228,.T.);
#7281=ORIENTED_EDGE('',*,*,#7280,.T.);
#7282=EDGE_LOOP('',(#7276,#7277,#7278,#7279,#7281));
#7283=FACE_OUTER_BOUND('',#7282,.F.);
#7284=ADVANCED_FACE('',(#7283),#7275,.T.);
#7285=CARTESIAN_POINT('',(-1.557795177014E-7,1.340000266367E0,
-5.529999700588E0));
#7286=DIRECTION('',(0.E0,0.E0,1.E0));
#7287=DIRECTION('',(0.E0,-1.E0,0.E0));
#7288=AXIS2_PLACEMENT_3D('',#7285,#7286,#7287);
#7289=CONICAL_SURFACE('',#7288,5.000001498946E-1,1.843495782428E1);
#7290=ORIENTED_EDGE('',*,*,#7226,.T.);
#7292=ORIENTED_EDGE('',*,*,#7291,.T.);
#7293=ORIENTED_EDGE('',*,*,#7264,.T.);
#7294=ORIENTED_EDGE('',*,*,#7280,.F.);
#7295=EDGE_LOOP('',(#7290,#7292,#7293,#7294));
#7296=FACE_OUTER_BOUND('',#7295,.F.);
#7297=ADVANCED_FACE('',(#7296),#7289,.T.);
#7298=CARTESIAN_POINT('',(0.E0,-1.74E0,-5.83E0));
#7299=DIRECTION('',(0.E0,0.E0,-1.E0));
#7300=DIRECTION('',(-1.E0,0.E0,0.E0));
#7301=AXIS2_PLACEMENT_3D('',#7298,#7299,#7300);
#7302=PLANE('',#7301);
#7303=ORIENTED_EDGE('',*,*,#7266,.F.);
#7304=ORIENTED_EDGE('',*,*,#7291,.F.);
#7305=EDGE_LOOP('',(#7303,#7304));
#7306=FACE_OUTER_BOUND('',#7305,.F.);
#7307=ADVANCED_FACE('',(#7306),#7302,.T.);
#7308=CARTESIAN_POINT('',(9.67E0,1.14E0,-4.23E0));
#7309=DIRECTION('',(-1.E0,0.E0,0.E0));
#7310=DIRECTION('',(0.E0,1.E0,0.E0));
#7311=AXIS2_PLACEMENT_3D('',#7308,#7309,#7310);
#7312=PLANE('',#7311);
#7313=ORIENTED_EDGE('',*,*,#3635,.T.);
#7315=ORIENTED_EDGE('',*,*,#7314,.T.);
#7317=ORIENTED_EDGE('',*,*,#7316,.T.);
#7318=ORIENTED_EDGE('',*,*,#7231,.F.);
#7319=EDGE_LOOP('',(#7313,#7315,#7317,#7318));
#7320=FACE_OUTER_BOUND('',#7319,.F.);
#7321=ADVANCED_FACE('',(#7320),#7312,.T.);
#7322=CARTESIAN_POINT('',(1.047E1,1.14E0,-4.23E0));
#7323=DIRECTION('',(0.E0,-1.E0,0.E0));
#7324=DIRECTION('',(-1.E0,0.E0,0.E0));
#7325=AXIS2_PLACEMENT_3D('',#7322,#7323,#7324);
#7326=PLANE('',#7325);
#7327=ORIENTED_EDGE('',*,*,#3633,.F.);
#7329=ORIENTED_EDGE('',*,*,#7328,.T.);
#7331=ORIENTED_EDGE('',*,*,#7330,.T.);
#7332=ORIENTED_EDGE('',*,*,#7314,.F.);
#7333=EDGE_LOOP('',(#7327,#7329,#7331,#7332));
#7334=FACE_OUTER_BOUND('',#7333,.F.);
#7335=ADVANCED_FACE('',(#7334),#7326,.T.);
#7336=CARTESIAN_POINT('',(1.047E1,-1.74E0,4.23E0));
#7337=DIRECTION('',(1.E0,0.E0,0.E0));
#7338=DIRECTION('',(0.E0,0.E0,-1.E0));
#7339=AXIS2_PLACEMENT_3D('',#7336,#7337,#7338);
#7340=PLANE('',#7339);
#7341=ORIENTED_EDGE('',*,*,#3631,.F.);
#7343=ORIENTED_EDGE('',*,*,#7342,.T.);
#7345=ORIENTED_EDGE('',*,*,#7344,.T.);
#7346=ORIENTED_EDGE('',*,*,#3598,.F.);
#7347=ORIENTED_EDGE('',*,*,#3978,.T.);
#7348=ORIENTED_EDGE('',*,*,#7235,.F.);
#7350=ORIENTED_EDGE('',*,*,#7349,.T.);
#7351=ORIENTED_EDGE('',*,*,#7328,.F.);
#7352=EDGE_LOOP('',(#7341,#7343,#7345,#7346,#7347,#7348,#7350,#7351));
#7353=FACE_OUTER_BOUND('',#7352,.F.);
#7354=ADVANCED_FACE('',(#7353),#7340,.T.);
#7355=CARTESIAN_POINT('',(9.67E0,-1.14E0,-4.23E0));
#7356=DIRECTION('',(0.E0,1.E0,0.E0));
#7357=DIRECTION('',(1.E0,0.E0,0.E0));
#7358=AXIS2_PLACEMENT_3D('',#7355,#7356,#7357);
#7359=PLANE('',#7358);
#7360=ORIENTED_EDGE('',*,*,#3629,.T.);
#7362=ORIENTED_EDGE('',*,*,#7361,.T.);
#7364=ORIENTED_EDGE('',*,*,#7363,.T.);
#7365=ORIENTED_EDGE('',*,*,#7342,.F.);
#7366=EDGE_LOOP('',(#7360,#7362,#7364,#7365));
#7367=FACE_OUTER_BOUND('',#7366,.F.);
#7368=ADVANCED_FACE('',(#7367),#7359,.T.);
#7369=CARTESIAN_POINT('',(9.67E0,-1.74E0,-4.23E0));
#7370=DIRECTION('',(-1.E0,0.E0,0.E0));
#7371=DIRECTION('',(0.E0,1.E0,0.E0));
#7372=AXIS2_PLACEMENT_3D('',#7369,#7370,#7371);
#7373=PLANE('',#7372);
#7374=ORIENTED_EDGE('',*,*,#3627,.F.);
#7375=ORIENTED_EDGE('',*,*,#3602,.T.);
#7377=ORIENTED_EDGE('',*,*,#7376,.T.);
#7378=ORIENTED_EDGE('',*,*,#7361,.F.);
#7379=EDGE_LOOP('',(#7374,#7375,#7377,#7378));
#7380=FACE_OUTER_BOUND('',#7379,.F.);
#7381=ADVANCED_FACE('',(#7380),#7373,.T.);
#7382=CARTESIAN_POINT('',(0.E0,-1.74E0,-4.83E0));
#7383=DIRECTION('',(0.E0,0.E0,-1.E0));
#7384=DIRECTION('',(-1.E0,0.E0,0.E0));
#7385=AXIS2_PLACEMENT_3D('',#7382,#7383,#7384);
#7386=PLANE('',#7385);
#7387=ORIENTED_EDGE('',*,*,#7349,.F.);
#7388=ORIENTED_EDGE('',*,*,#7233,.F.);
#7389=ORIENTED_EDGE('',*,*,#7316,.F.);
#7390=ORIENTED_EDGE('',*,*,#7330,.F.);
#7391=EDGE_LOOP('',(#7387,#7388,#7389,#7390));
#7392=FACE_OUTER_BOUND('',#7391,.F.);
#7393=ADVANCED_FACE('',(#7392),#7386,.T.);
#7394=CARTESIAN_POINT('',(0.E0,-1.74E0,-4.83E0));
#7395=DIRECTION('',(0.E0,0.E0,-1.E0));
#7396=DIRECTION('',(-1.E0,0.E0,0.E0));
#7397=AXIS2_PLACEMENT_3D('',#7394,#7395,#7396);
#7398=PLANE('',#7397);
#7399=ORIENTED_EDGE('',*,*,#3600,.F.);
#7400=ORIENTED_EDGE('',*,*,#7344,.F.);
#7401=ORIENTED_EDGE('',*,*,#7363,.F.);
#7402=ORIENTED_EDGE('',*,*,#7376,.F.);
#7403=EDGE_LOOP('',(#7399,#7400,#7401,#7402));
#7404=FACE_OUTER_BOUND('',#7403,.F.);
#7405=ADVANCED_FACE('',(#7404),#7398,.T.);
#7406=CARTESIAN_POINT('',(0.E0,-1.74E0,-4.83E0));
#7407=DIRECTION('',(0.E0,0.E0,-1.E0));
#7408=DIRECTION('',(-1.E0,0.E0,0.E0));
#7409=AXIS2_PLACEMENT_3D('',#7406,#7407,#7408);
#7410=PLANE('',#7409);
#7411=ORIENTED_EDGE('',*,*,#7246,.F.);
#7413=ORIENTED_EDGE('',*,*,#7412,.F.);
#7415=ORIENTED_EDGE('',*,*,#7414,.F.);
#7417=ORIENTED_EDGE('',*,*,#7416,.F.);
#7418=EDGE_LOOP('',(#7411,#7413,#7415,#7417));
#7419=FACE_OUTER_BOUND('',#7418,.F.);
#7420=ADVANCED_FACE('',(#7419),#7410,.T.);
#7421=CARTESIAN_POINT('',(0.E0,-1.74E0,-4.83E0));
#7422=DIRECTION('',(0.E0,0.E0,-1.E0));
#7423=DIRECTION('',(-1.E0,0.E0,0.E0));
#7424=AXIS2_PLACEMENT_3D('',#7421,#7422,#7423);
#7425=PLANE('',#7424);
#7427=ORIENTED_EDGE('',*,*,#7426,.F.);
#7428=ORIENTED_EDGE('',*,*,#3592,.F.);
#7430=ORIENTED_EDGE('',*,*,#7429,.F.);
#7432=ORIENTED_EDGE('',*,*,#7431,.F.);
#7433=EDGE_LOOP('',(#7427,#7428,#7430,#7432));
#7434=FACE_OUTER_BOUND('',#7433,.F.);
#7435=ADVANCED_FACE('',(#7434),#7425,.T.);
#7436=CARTESIAN_POINT('',(-1.047E1,-1.74E0,-4.23E0));
#7437=DIRECTION('',(-1.E0,0.E0,0.E0));
#7438=DIRECTION('',(0.E0,0.E0,1.E0));
#7439=AXIS2_PLACEMENT_3D('',#7436,#7437,#7438);
#7440=PLANE('',#7439);
#7441=ORIENTED_EDGE('',*,*,#3594,.T.);
#7442=ORIENTED_EDGE('',*,*,#7426,.T.);
#7444=ORIENTED_EDGE('',*,*,#7443,.F.);
#7445=ORIENTED_EDGE('',*,*,#3620,.T.);
#7447=ORIENTED_EDGE('',*,*,#7446,.T.);
#7448=ORIENTED_EDGE('',*,*,#7412,.T.);
#7449=ORIENTED_EDGE('',*,*,#7244,.T.);
#7450=ORIENTED_EDGE('',*,*,#3981,.F.);
#7451=EDGE_LOOP('',(#7441,#7442,#7444,#7445,#7447,#7448,#7449,#7450));
#7452=FACE_OUTER_BOUND('',#7451,.F.);
#7453=ADVANCED_FACE('',(#7452),#7440,.T.);
#7454=CARTESIAN_POINT('',(-1.047E1,-1.14E0,-4.23E0));
#7455=DIRECTION('',(0.E0,1.E0,0.E0));
#7456=DIRECTION('',(1.E0,0.E0,0.E0));
#7457=AXIS2_PLACEMENT_3D('',#7454,#7455,#7456);
#7458=PLANE('',#7457);
#7459=ORIENTED_EDGE('',*,*,#3622,.F.);
#7460=ORIENTED_EDGE('',*,*,#7443,.T.);
#7461=ORIENTED_EDGE('',*,*,#7431,.T.);
#7463=ORIENTED_EDGE('',*,*,#7462,.F.);
#7464=EDGE_LOOP('',(#7459,#7460,#7461,#7463));
#7465=FACE_OUTER_BOUND('',#7464,.F.);
#7466=ADVANCED_FACE('',(#7465),#7458,.T.);
#7467=CARTESIAN_POINT('',(-9.67E0,-1.14E0,-4.23E0));
#7468=DIRECTION('',(1.E0,0.E0,0.E0));
#7469=DIRECTION('',(0.E0,-1.E0,0.E0));
#7470=AXIS2_PLACEMENT_3D('',#7467,#7468,#7469);
#7471=PLANE('',#7470);
#7472=ORIENTED_EDGE('',*,*,#3624,.T.);
#7473=ORIENTED_EDGE('',*,*,#7462,.T.);
#7474=ORIENTED_EDGE('',*,*,#7429,.T.);
#7475=ORIENTED_EDGE('',*,*,#3590,.F.);
#7476=EDGE_LOOP('',(#7472,#7473,#7474,#7475));
#7477=FACE_OUTER_BOUND('',#7476,.F.);
#7478=ADVANCED_FACE('',(#7477),#7471,.T.);
#7479=CARTESIAN_POINT('',(-9.67E0,1.14E0,-4.23E0));
#7480=DIRECTION('',(0.E0,-1.E0,0.E0));
#7481=DIRECTION('',(-1.E0,0.E0,0.E0));
#7482=AXIS2_PLACEMENT_3D('',#7479,#7480,#7481);
#7483=PLANE('',#7482);
#7484=ORIENTED_EDGE('',*,*,#3618,.T.);
#7486=ORIENTED_EDGE('',*,*,#7485,.T.);
#7487=ORIENTED_EDGE('',*,*,#7414,.T.);
#7488=ORIENTED_EDGE('',*,*,#7446,.F.);
#7489=EDGE_LOOP('',(#7484,#7486,#7487,#7488));
#7490=FACE_OUTER_BOUND('',#7489,.F.);
#7491=ADVANCED_FACE('',(#7490),#7483,.T.);
#7492=CARTESIAN_POINT('',(-9.67E0,1.74E0,-4.23E0));
#7493=DIRECTION('',(1.E0,0.E0,0.E0));
#7494=DIRECTION('',(0.E0,-1.E0,0.E0));
#7495=AXIS2_PLACEMENT_3D('',#7492,#7493,#7494);
#7496=PLANE('',#7495);
#7497=ORIENTED_EDGE('',*,*,#3616,.F.);
#7498=ORIENTED_EDGE('',*,*,#7248,.T.);
#7499=ORIENTED_EDGE('',*,*,#7416,.T.);
#7500=ORIENTED_EDGE('',*,*,#7485,.F.);
#7501=EDGE_LOOP('',(#7497,#7498,#7499,#7500));
#7502=FACE_OUTER_BOUND('',#7501,.F.);
#7503=ADVANCED_FACE('',(#7502),#7496,.T.);
#7504=CARTESIAN_POINT('',(8.4325E0,-3.175E-1,2.77E0));
#7505=DIRECTION('',(0.E0,-1.E0,0.E0));
#7506=DIRECTION('',(0.E0,0.E0,-1.E0));
#7507=AXIS2_PLACEMENT_3D('',#7504,#7505,#7506);
#7508=PLANE('',#7507);
#7510=ORIENTED_EDGE('',*,*,#7509,.F.);
#7512=ORIENTED_EDGE('',*,*,#7511,.T.);
#7513=ORIENTED_EDGE('',*,*,#3872,.F.);
#7514=ORIENTED_EDGE('',*,*,#3729,.F.);
#7515=EDGE_LOOP('',(#7510,#7512,#7513,#7514));
#7516=FACE_OUTER_BOUND('',#7515,.F.);
#7517=ADVANCED_FACE('',(#7516),#7508,.T.);
#7518=CARTESIAN_POINT('',(8.4325E0,-3.175E-1,2.77E0));
#7519=DIRECTION('',(0.E0,-1.E0,0.E0));
#7520=DIRECTION('',(0.E0,0.E0,-1.E0));
#7521=AXIS2_PLACEMENT_3D('',#7518,#7519,#7520);
#7522=PLANE('',#7521);
#7524=ORIENTED_EDGE('',*,*,#7523,.T.);
#7526=ORIENTED_EDGE('',*,*,#7525,.F.);
#7527=ORIENTED_EDGE('',*,*,#3743,.T.);
#7528=ORIENTED_EDGE('',*,*,#3717,.T.);
#7529=EDGE_LOOP('',(#7524,#7526,#7527,#7528));
#7530=FACE_OUTER_BOUND('',#7529,.F.);
#7531=ADVANCED_FACE('',(#7530),#7522,.T.);
#7532=CARTESIAN_POINT('',(8.4325E0,-3.175E-1,2.77E0));
#7533=DIRECTION('',(0.E0,-1.E0,0.E0));
#7534=DIRECTION('',(0.E0,0.E0,-1.E0));
#7535=AXIS2_PLACEMENT_3D('',#7532,#7533,#7534);
#7536=PLANE('',#7535);
#7537=ORIENTED_EDGE('',*,*,#3751,.T.);
#7539=ORIENTED_EDGE('',*,*,#7538,.T.);
#7541=ORIENTED_EDGE('',*,*,#7540,.T.);
#7543=ORIENTED_EDGE('',*,*,#7542,.T.);
#7544=EDGE_LOOP('',(#7537,#7539,#7541,#7543));
#7545=FACE_OUTER_BOUND('',#7544,.F.);
#7546=ADVANCED_FACE('',(#7545),#7536,.T.);
#7547=CARTESIAN_POINT('',(8.75E0,-2.425E-1,2.495E0));
#7548=DIRECTION('',(0.E0,-9.647638212377E-1,2.631174057921E-1));
#7549=DIRECTION('',(0.E0,2.631174057921E-1,9.647638212377E-1));
#7550=AXIS2_PLACEMENT_3D('',#7547,#7548,#7549);
#7551=PLANE('',#7550);
#7552=ORIENTED_EDGE('',*,*,#7509,.T.);
#7553=ORIENTED_EDGE('',*,*,#3776,.F.);
#7554=ORIENTED_EDGE('',*,*,#3793,.F.);
#7556=ORIENTED_EDGE('',*,*,#7555,.F.);
#7557=EDGE_LOOP('',(#7552,#7553,#7554,#7556));
#7558=FACE_OUTER_BOUND('',#7557,.F.);
#7559=ADVANCED_FACE('',(#7558),#7551,.T.);
#7560=CARTESIAN_POINT('',(8.9925E0,0.E0,2.495E0));
#7561=DIRECTION('',(9.647638212377E-1,0.E0,2.631174057921E-1));
#7562=DIRECTION('',(-2.631174057921E-1,0.E0,9.647638212377E-1));
#7563=AXIS2_PLACEMENT_3D('',#7560,#7561,#7562);
#7564=PLANE('',#7563);
#7565=ORIENTED_EDGE('',*,*,#3791,.F.);
#7566=ORIENTED_EDGE('',*,*,#3808,.T.);
#7568=ORIENTED_EDGE('',*,*,#7567,.T.);
#7569=ORIENTED_EDGE('',*,*,#7555,.T.);
#7570=EDGE_LOOP('',(#7565,#7566,#7568,#7569));
#7571=FACE_OUTER_BOUND('',#7570,.F.);
#7572=ADVANCED_FACE('',(#7571),#7564,.T.);
#7573=CARTESIAN_POINT('',(9.0675E0,-1.74E0,0.E0));
#7574=DIRECTION('',(1.E0,0.E0,0.E0));
#7575=DIRECTION('',(0.E0,0.E0,-1.E0));
#7576=AXIS2_PLACEMENT_3D('',#7573,#7574,#7575);
#7577=PLANE('',#7576);
#7578=ORIENTED_EDGE('',*,*,#7567,.F.);
#7579=ORIENTED_EDGE('',*,*,#3822,.F.);
#7580=ORIENTED_EDGE('',*,*,#3874,.F.);
#7581=ORIENTED_EDGE('',*,*,#7511,.F.);
#7582=EDGE_LOOP('',(#7578,#7579,#7580,#7581));
#7583=FACE_OUTER_BOUND('',#7582,.F.);
#7584=ADVANCED_FACE('',(#7583),#7577,.T.);
#7585=CARTESIAN_POINT('',(9.0675E0,-1.74E0,0.E0));
#7586=DIRECTION('',(1.E0,0.E0,0.E0));
#7587=DIRECTION('',(0.E0,0.E0,-1.E0));
#7588=AXIS2_PLACEMENT_3D('',#7585,#7586,#7587);
#7589=PLANE('',#7588);
#7590=ORIENTED_EDGE('',*,*,#3835,.F.);
#7592=ORIENTED_EDGE('',*,*,#7591,.F.);
#7594=ORIENTED_EDGE('',*,*,#7593,.F.);
#7596=ORIENTED_EDGE('',*,*,#7595,.F.);
#7597=ORIENTED_EDGE('',*,*,#3846,.F.);
#7599=ORIENTED_EDGE('',*,*,#7598,.F.);
#7600=ORIENTED_EDGE('',*,*,#7540,.F.);
#7602=ORIENTED_EDGE('',*,*,#7601,.F.);
#7604=ORIENTED_EDGE('',*,*,#7603,.F.);
#7606=ORIENTED_EDGE('',*,*,#7605,.F.);
#7607=ORIENTED_EDGE('',*,*,#7523,.F.);
#7608=ORIENTED_EDGE('',*,*,#3715,.T.);
#7609=EDGE_LOOP('',(#7590,#7592,#7594,#7596,#7597,#7599,#7600,#7602,#7604,#7606,
#7607,#7608));
#7610=FACE_OUTER_BOUND('',#7609,.F.);
#7611=ADVANCED_FACE('',(#7610),#7589,.T.);
#7612=CARTESIAN_POINT('',(8.4325E0,-1.3225E0,-4.786409164080E0));
#7613=DIRECTION('',(1.E0,0.E0,0.E0));
#7614=DIRECTION('',(0.E0,0.E0,-1.E0));
#7615=AXIS2_PLACEMENT_3D('',#7612,#7613,#7614);
#7616=CYLINDRICAL_SURFACE('',#7615,1.64E0);
#7617=ORIENTED_EDGE('',*,*,#3761,.F.);
#7619=ORIENTED_EDGE('',*,*,#7618,.T.);
#7620=ORIENTED_EDGE('',*,*,#7591,.T.);
#7621=ORIENTED_EDGE('',*,*,#3833,.F.);
#7622=EDGE_LOOP('',(#7617,#7619,#7620,#7621));
#7623=FACE_OUTER_BOUND('',#7622,.F.);
#7624=ADVANCED_FACE('',(#7623),#7616,.T.);
#7625=CARTESIAN_POINT('',(8.4325E0,1.0625E0,-5.93E0));
#7626=DIRECTION('',(1.E0,0.E0,0.E0));
#7627=DIRECTION('',(0.E0,0.E0,-1.E0));
#7628=AXIS2_PLACEMENT_3D('',#7625,#7626,#7627);
#7629=CYLINDRICAL_SURFACE('',#7628,1.005E0);
#7630=ORIENTED_EDGE('',*,*,#3759,.F.);
#7632=ORIENTED_EDGE('',*,*,#7631,.T.);
#7633=ORIENTED_EDGE('',*,*,#7593,.T.);
#7634=ORIENTED_EDGE('',*,*,#7618,.F.);
#7635=EDGE_LOOP('',(#7630,#7632,#7633,#7634));
#7636=FACE_OUTER_BOUND('',#7635,.F.);
#7637=ADVANCED_FACE('',(#7636),#7629,.F.);
#7638=CARTESIAN_POINT('',(8.4325E0,-1.3225E0,-7.073590835920E0));
#7639=DIRECTION('',(1.E0,0.E0,0.E0));
#7640=DIRECTION('',(0.E0,0.E0,-1.E0));
#7641=AXIS2_PLACEMENT_3D('',#7638,#7639,#7640);
#7642=CYLINDRICAL_SURFACE('',#7641,1.64E0);
#7643=ORIENTED_EDGE('',*,*,#3757,.F.);
#7644=ORIENTED_EDGE('',*,*,#3848,.T.);
#7645=ORIENTED_EDGE('',*,*,#7595,.T.);
#7646=ORIENTED_EDGE('',*,*,#7631,.F.);
#7647=EDGE_LOOP('',(#7643,#7644,#7645,#7646));
#7648=FACE_OUTER_BOUND('',#7647,.F.);
#7649=ADVANCED_FACE('',(#7648),#7642,.T.);
#7650=CARTESIAN_POINT('',(8.9925E0,0.E0,-7.755E0));
#7651=DIRECTION('',(9.647638212377E-1,0.E0,-2.631174057921E-1));
#7652=DIRECTION('',(-2.631174057921E-1,0.E0,-9.647638212377E-1));
#7653=AXIS2_PLACEMENT_3D('',#7650,#7651,#7652);
#7654=PLANE('',#7653);
#7656=ORIENTED_EDGE('',*,*,#7655,.F.);
#7658=ORIENTED_EDGE('',*,*,#7657,.T.);
#7659=ORIENTED_EDGE('',*,*,#7598,.T.);
#7661=ORIENTED_EDGE('',*,*,#7660,.T.);
#7662=EDGE_LOOP('',(#7656,#7658,#7659,#7661));
#7663=FACE_OUTER_BOUND('',#7662,.F.);
#7664=ADVANCED_FACE('',(#7663),#7654,.T.);
#7665=CARTESIAN_POINT('',(8.4325E0,-3.175E-1,-8.03E0));
#7666=DIRECTION('',(0.E0,0.E0,-1.E0));
#7667=DIRECTION('',(0.E0,1.E0,0.E0));
#7668=AXIS2_PLACEMENT_3D('',#7665,#7666,#7667);
#7669=PLANE('',#7668);
#7671=ORIENTED_EDGE('',*,*,#7670,.T.);
#7673=ORIENTED_EDGE('',*,*,#7672,.T.);
#7675=ORIENTED_EDGE('',*,*,#7674,.F.);
#7676=ORIENTED_EDGE('',*,*,#7655,.T.);
#7677=EDGE_LOOP('',(#7671,#7673,#7675,#7676));
#7678=FACE_OUTER_BOUND('',#7677,.F.);
#7679=ADVANCED_FACE('',(#7678),#7669,.T.);
#7680=CARTESIAN_POINT('',(8.75E0,2.425E-1,-7.755E0));
#7681=DIRECTION('',(0.E0,9.647638212377E-1,-2.631174057921E-1));
#7682=DIRECTION('',(0.E0,-2.631174057921E-1,-9.647638212377E-1));
#7683=AXIS2_PLACEMENT_3D('',#7680,#7681,#7682);
#7684=PLANE('',#7683);
#7685=ORIENTED_EDGE('',*,*,#3851,.T.);
#7687=ORIENTED_EDGE('',*,*,#7686,.F.);
#7688=ORIENTED_EDGE('',*,*,#7670,.F.);
#7689=ORIENTED_EDGE('',*,*,#7660,.F.);
#7690=EDGE_LOOP('',(#7685,#7687,#7688,#7689));
#7691=FACE_OUTER_BOUND('',#7690,.F.);
#7692=ADVANCED_FACE('',(#7691),#7684,.T.);
#7693=CARTESIAN_POINT('',(8.5075E0,0.E0,-7.755E0));
#7694=DIRECTION('',(-9.647638212377E-1,0.E0,-2.631174057921E-1));
#7695=DIRECTION('',(2.631174057921E-1,0.E0,-9.647638212377E-1));
#7696=AXIS2_PLACEMENT_3D('',#7693,#7694,#7695);
#7697=PLANE('',#7696);
#7698=ORIENTED_EDGE('',*,*,#3753,.T.);
#7700=ORIENTED_EDGE('',*,*,#7699,.F.);
#7701=ORIENTED_EDGE('',*,*,#7672,.F.);
#7702=ORIENTED_EDGE('',*,*,#7686,.T.);
#7703=EDGE_LOOP('',(#7698,#7700,#7701,#7702));
#7704=FACE_OUTER_BOUND('',#7703,.F.);
#7705=ADVANCED_FACE('',(#7704),#7697,.T.);
#7706=CARTESIAN_POINT('',(8.75E0,-2.425E-1,-7.755E0));
#7707=DIRECTION('',(0.E0,-9.647638212377E-1,-2.631174057921E-1));
#7708=DIRECTION('',(0.E0,-2.631174057921E-1,9.647638212377E-1));
#7709=AXIS2_PLACEMENT_3D('',#7706,#7707,#7708);
#7710=PLANE('',#7709);
#7711=ORIENTED_EDGE('',*,*,#7542,.F.);
#7712=ORIENTED_EDGE('',*,*,#7657,.F.);
#7713=ORIENTED_EDGE('',*,*,#7674,.T.);
#7714=ORIENTED_EDGE('',*,*,#7699,.T.);
#7715=EDGE_LOOP('',(#7711,#7712,#7713,#7714));
#7716=FACE_OUTER_BOUND('',#7715,.F.);
#7717=ADVANCED_FACE('',(#7716),#7710,.T.);
#7718=CARTESIAN_POINT('',(8.4325E0,-1.3225E0,-7.073590835920E0));
#7719=DIRECTION('',(1.E0,0.E0,0.E0));
#7720=DIRECTION('',(0.E0,0.E0,-1.E0));
#7721=AXIS2_PLACEMENT_3D('',#7718,#7719,#7720);
#7722=CYLINDRICAL_SURFACE('',#7721,1.005E0);
#7723=ORIENTED_EDGE('',*,*,#3749,.F.);
#7725=ORIENTED_EDGE('',*,*,#7724,.T.);
#7726=ORIENTED_EDGE('',*,*,#7601,.T.);
#7727=ORIENTED_EDGE('',*,*,#7538,.F.);
#7728=EDGE_LOOP('',(#7723,#7725,#7726,#7727));
#7729=FACE_OUTER_BOUND('',#7728,.F.);
#7730=ADVANCED_FACE('',(#7729),#7722,.F.);
#7731=CARTESIAN_POINT('',(8.4325E0,1.0625E0,-5.93E0));
#7732=DIRECTION('',(1.E0,0.E0,0.E0));
#7733=DIRECTION('',(0.E0,0.E0,-1.E0));
#7734=AXIS2_PLACEMENT_3D('',#7731,#7732,#7733);
#7735=CYLINDRICAL_SURFACE('',#7734,1.64E0);
#7736=ORIENTED_EDGE('',*,*,#3747,.F.);
#7738=ORIENTED_EDGE('',*,*,#7737,.T.);
#7739=ORIENTED_EDGE('',*,*,#7603,.T.);
#7740=ORIENTED_EDGE('',*,*,#7724,.F.);
#7741=EDGE_LOOP('',(#7736,#7738,#7739,#7740));
#7742=FACE_OUTER_BOUND('',#7741,.F.);
#7743=ADVANCED_FACE('',(#7742),#7735,.T.);
#7744=CARTESIAN_POINT('',(8.4325E0,-1.3225E0,-4.786409164080E0));
#7745=DIRECTION('',(1.E0,0.E0,0.E0));
#7746=DIRECTION('',(0.E0,0.E0,-1.E0));
#7747=AXIS2_PLACEMENT_3D('',#7744,#7745,#7746);
#7748=CYLINDRICAL_SURFACE('',#7747,1.005E0);
#7749=ORIENTED_EDGE('',*,*,#3745,.F.);
#7750=ORIENTED_EDGE('',*,*,#7525,.T.);
#7751=ORIENTED_EDGE('',*,*,#7605,.T.);
#7752=ORIENTED_EDGE('',*,*,#7737,.F.);
#7753=EDGE_LOOP('',(#7749,#7750,#7751,#7752));
#7754=FACE_OUTER_BOUND('',#7753,.F.);
#7755=ADVANCED_FACE('',(#7754),#7748,.F.);
#7756=CLOSED_SHELL('',(#3606,#3721,#3737,#3768,#3783,#3798,#3812,#3826,#3840,
#3855,#3879,#3900,#3915,#3936,#4047,#4062,#4076,#4090,#4103,#4125,#4140,#4155,
#4170,#4185,#4199,#4212,#4226,#4240,#4254,#4267,#4280,#4292,#4305,#4320,#4334,
#4348,#4361,#4373,#4388,#4402,#4416,#4429,#4451,#4466,#4481,#4496,#4511,#4525,
#4538,#4552,#4566,#4580,#4593,#4606,#4618,#4631,#4646,#4660,#4674,#4687,#4699,
#4714,#4728,#4742,#4755,#4777,#4792,#4823,#4838,#4853,#4867,#4880,#4894,#4909,
#4923,#4952,#4965,#4978,#4990,#5004,#5017,#5032,#5046,#5060,#5073,#5085,#5098,
#5111,#5123,#5136,#5149,#5161,#5176,#5190,#5204,#5217,#5239,#5254,#5285,#5300,
#5315,#5329,#5342,#5356,#5371,#5385,#5414,#5427,#5440,#5452,#5466,#5479,#5494,
#5508,#5522,#5535,#5547,#5560,#5573,#5585,#5598,#5611,#5623,#5636,#5648,#5662,
#5675,#5692,#5716,#5729,#5741,#5756,#5787,#5802,#5817,#5831,#5844,#5858,#5873,
#5887,#5916,#5929,#5942,#5954,#5968,#5981,#5996,#6010,#6024,#6037,#6049,#6062,
#6075,#6087,#6100,#6113,#6125,#6142,#6163,#6181,#6196,#6219,#6234,#6251,#6266,
#6282,#6296,#6308,#6323,#6337,#6348,#6371,#6388,#6402,#6418,#6432,#6446,#6459,
#6480,#6504,#6518,#6538,#6552,#6566,#6579,#6601,#6616,#6631,#6646,#6661,#6675,
#6688,#6702,#6716,#6730,#6743,#6756,#6768,#6781,#6796,#6810,#6824,#6837,#6849,
#6862,#6875,#6888,#6907,#6921,#6935,#6948,#6970,#6985,#7000,#7015,#7030,#7044,
#7057,#7071,#7085,#7099,#7112,#7125,#7137,#7150,#7165,#7179,#7193,#7206,#7218,
#7255,#7270,#7284,#7297,#7307,#7321,#7335,#7354,#7368,#7381,#7393,#7405,#7420,
#7435,#7453,#7466,#7478,#7491,#7503,#7517,#7531,#7546,#7559,#7572,#7584,#7611,
#7624,#7637,#7649,#7664,#7679,#7692,#7705,#7717,#7730,#7743,#7755));
#7757=MANIFOLD_SOLID_BREP('',#7756);
#7758=CARTESIAN_POINT('',(0.E0,0.E0,0.E0));
#7759=DIRECTION('',(0.E0,0.E0,1.E0));
#7760=DIRECTION('',(1.E0,0.E0,0.E0));
#7761=AXIS2_PLACEMENT_3D('CSYS',#7758,#7759,#7760);
#7762=CARTESIAN_POINT('',(0.E0,1.34E0,-4.83E0));
#7763=DIRECTION('',(0.E0,0.E0,-1.E0));
#7764=DIRECTION('',(-1.E0,0.E0,0.E0));
#7765=AXIS2_PLACEMENT_3D('',#7762,#7763,#7764);
#7769=CARTESIAN_POINT('',(0.E0,1.34E0,-4.83E0));
#7770=DIRECTION('',(0.E0,0.E0,-1.E0));
#7771=DIRECTION('',(1.E0,0.E0,0.E0));
#7772=AXIS2_PLACEMENT_3D('',#7769,#7770,#7771);
#7778=CARTESIAN_POINT('',(8.75E0,0.E0,-4.83E0));
#7779=DIRECTION('',(0.E0,0.E0,-1.E0));
#7780=DIRECTION('',(-1.E0,0.E0,0.E0));
#7781=AXIS2_PLACEMENT_3D('',#7778,#7779,#7780);
#7785=CARTESIAN_POINT('',(8.75E0,0.E0,-4.83E0));
#7786=DIRECTION('',(0.E0,0.E0,-1.E0));
#7787=DIRECTION('',(1.E0,0.E0,0.E0));
#7788=AXIS2_PLACEMENT_3D('',#7785,#7786,#7787);
#7793=CARTESIAN_POINT('',(6.25E0,0.E0,-4.83E0));
#7794=DIRECTION('',(0.E0,0.E0,-1.E0));
#7795=DIRECTION('',(-1.E0,0.E0,0.E0));
#7796=AXIS2_PLACEMENT_3D('',#7793,#7794,#7795);
#7800=CARTESIAN_POINT('',(6.25E0,0.E0,-4.83E0));
#7801=DIRECTION('',(0.E0,0.E0,-1.E0));
#7802=DIRECTION('',(1.E0,0.E0,0.E0));
#7803=AXIS2_PLACEMENT_3D('',#7800,#7801,#7802);
#7808=CARTESIAN_POINT('',(3.75E0,0.E0,-4.83E0));
#7809=DIRECTION('',(0.E0,0.E0,-1.E0));
#7810=DIRECTION('',(-1.E0,0.E0,0.E0));
#7811=AXIS2_PLACEMENT_3D('',#7808,#7809,#7810);
#7815=CARTESIAN_POINT('',(3.75E0,0.E0,-4.83E0));
#7816=DIRECTION('',(0.E0,0.E0,-1.E0));
#7817=DIRECTION('',(1.E0,0.E0,0.E0));
#7818=AXIS2_PLACEMENT_3D('',#7815,#7816,#7817);
#7823=CARTESIAN_POINT('',(1.25E0,0.E0,-4.83E0));
#7824=DIRECTION('',(0.E0,0.E0,-1.E0));
#7825=DIRECTION('',(-1.E0,0.E0,0.E0));
#7826=AXIS2_PLACEMENT_3D('',#7823,#7824,#7825);
#7830=CARTESIAN_POINT('',(1.25E0,0.E0,-4.83E0));
#7831=DIRECTION('',(0.E0,0.E0,-1.E0));
#7832=DIRECTION('',(1.E0,0.E0,0.E0));
#7833=AXIS2_PLACEMENT_3D('',#7830,#7831,#7832);
#7838=CARTESIAN_POINT('',(-1.25E0,0.E0,-4.83E0));
#7839=DIRECTION('',(0.E0,0.E0,-1.E0));
#7840=DIRECTION('',(-1.E0,0.E0,0.E0));
#7841=AXIS2_PLACEMENT_3D('',#7838,#7839,#7840);
#7845=CARTESIAN_POINT('',(-1.25E0,0.E0,-4.83E0));
#7846=DIRECTION('',(0.E0,0.E0,-1.E0));
#7847=DIRECTION('',(1.E0,0.E0,0.E0));
#7848=AXIS2_PLACEMENT_3D('',#7845,#7846,#7847);
#7853=CARTESIAN_POINT('',(-3.75E0,0.E0,-4.83E0));
#7854=DIRECTION('',(0.E0,0.E0,-1.E0));
#7855=DIRECTION('',(-1.E0,0.E0,0.E0));
#7856=AXIS2_PLACEMENT_3D('',#7853,#7854,#7855);
#7860=CARTESIAN_POINT('',(-3.75E0,0.E0,-4.83E0));
#7861=DIRECTION('',(0.E0,0.E0,-1.E0));
#7862=DIRECTION('',(1.E0,0.E0,0.E0));
#7863=AXIS2_PLACEMENT_3D('',#7860,#7861,#7862);
#7868=CARTESIAN_POINT('',(-6.25E0,0.E0,-4.83E0));
#7869=DIRECTION('',(0.E0,0.E0,-1.E0));
#7870=DIRECTION('',(-1.E0,0.E0,0.E0));
#7871=AXIS2_PLACEMENT_3D('',#7868,#7869,#7870);
#7875=CARTESIAN_POINT('',(-6.25E0,0.E0,-4.83E0));
#7876=DIRECTION('',(0.E0,0.E0,-1.E0));
#7877=DIRECTION('',(1.E0,0.E0,0.E0));
#7878=AXIS2_PLACEMENT_3D('',#7875,#7876,#7877);
#7883=CARTESIAN_POINT('',(-8.75E0,0.E0,-4.83E0));
#7884=DIRECTION('',(0.E0,0.E0,-1.E0));
#7885=DIRECTION('',(-1.E0,0.E0,0.E0));
#7886=AXIS2_PLACEMENT_3D('',#7883,#7884,#7885);
#7890=CARTESIAN_POINT('',(-8.75E0,0.E0,-4.83E0));
#7891=DIRECTION('',(0.E0,0.E0,-1.E0));
#7892=DIRECTION('',(1.E0,0.E0,0.E0));
#7893=AXIS2_PLACEMENT_3D('',#7890,#7891,#7892);
#7899=DIMENSIONAL_EXPONENTS(0.E0,0.E0,0.E0,0.E0,0.E0,0.E0,0.E0);
#7901=PLANE_ANGLE_MEASURE_WITH_UNIT(PLANE_ANGLE_MEASURE(1.745329251994E-2),
#7900);
#7902=(CONVERSION_BASED_UNIT('DEGREE',#7901)NAMED_UNIT(*)PLANE_ANGLE_UNIT());
#7904=UNCERTAINTY_MEASURE_WITH_UNIT(LENGTH_MEASURE(2.581840369974E-3),#7898,
'closure',
'Maximum model space distance between geometric entities at asserted connectivities');
#7905=(GEOMETRIC_REPRESENTATION_CONTEXT(3)GLOBAL_UNCERTAINTY_ASSIGNED_CONTEXT((
#7904))GLOBAL_UNIT_ASSIGNED_CONTEXT((#7898,#7902,#7903))REPRESENTATION_CONTEXT(
'ID1','3'));
#7777=GEOMETRIC_SET('',(#7776,#7792,#7807,#7822,#7837,#7852,#7867,#7882,#7897));
#7909=SHAPE_REPRESENTATION_RELATIONSHIP('','',#7908,#7906);
#7910=SHAPE_REPRESENTATION_RELATIONSHIP('','',#7908,#7907);
#7911=APPLICATION_CONTEXT(
'CONFIGURATION CONTROLLED 3D DESIGNS OF MECHANICAL PARTS AND ASSEMBLIES');
#7912=APPLICATION_PROTOCOL_DEFINITION('international standard',
'config_control_design',1994,#7911);
#7913=DESIGN_CONTEXT('',#7911,'design');
#7914=MECHANICAL_CONTEXT('',#7911,'mechanical');
#7915=PRODUCT('1053091108','1053091108','NOT SPECIFIED',(#7914));
#7916=PRODUCT_DEFINITION_FORMATION_WITH_SPECIFIED_SOURCE('6','LAST_VERSION',
#7915,.MADE.);
#7920=PRODUCT_CATEGORY('part','');
#7921=PRODUCT_RELATED_PRODUCT_CATEGORY('detail','',(#7915));
#7922=PRODUCT_CATEGORY_RELATIONSHIP('','',#7920,#7921);
#7923=SECURITY_CLASSIFICATION_LEVEL('unclassified');
#7924=SECURITY_CLASSIFICATION('','',#7923);
#7925=CC_DESIGN_SECURITY_CLASSIFICATION(#7924,(#7916));
#7926=APPROVAL_STATUS('approved');
#7927=APPROVAL(#7926,'');
#7928=CC_DESIGN_APPROVAL(#7927,(#7924,#7916,#7917));
#7929=CALENDAR_DATE(120,23,11);
#7930=COORDINATED_UNIVERSAL_TIME_OFFSET(5,30,.AHEAD.);
#7931=LOCAL_TIME(13,31,3.6E1,#7930);
#7932=DATE_AND_TIME(#7929,#7931);
#7933=APPROVAL_DATE_TIME(#7932,#7927);
#7934=DATE_TIME_ROLE('creation_date');
#7935=CC_DESIGN_DATE_AND_TIME_ASSIGNMENT(#7932,#7934,(#7917));
#7936=DATE_TIME_ROLE('classification_date');
#7937=CC_DESIGN_DATE_AND_TIME_ASSIGNMENT(#7932,#7936,(#7924));
#7938=PERSON('UNSPECIFIED','UNSPECIFIED',$,$,$,$);
#7939=ORGANIZATION('UNSPECIFIED','UNSPECIFIED','UNSPECIFIED');
#7940=PERSON_AND_ORGANIZATION(#7938,#7939);
#7941=APPROVAL_ROLE('approver');
#7942=APPROVAL_PERSON_ORGANIZATION(#7940,#7927,#7941);
#7943=PERSON_AND_ORGANIZATION_ROLE('creator');
#7944=CC_DESIGN_PERSON_AND_ORGANIZATION_ASSIGNMENT(#7940,#7943,(#7916,#7917));
#7945=PERSON_AND_ORGANIZATION_ROLE('design_supplier');
#7946=CC_DESIGN_PERSON_AND_ORGANIZATION_ASSIGNMENT(#7940,#7945,(#7916));
#7947=PERSON_AND_ORGANIZATION_ROLE('classification_officer');
#7948=CC_DESIGN_PERSON_AND_ORGANIZATION_ASSIGNMENT(#7940,#7947,(#7924));
#7949=PERSON_AND_ORGANIZATION_ROLE('design_owner');
#7950=CC_DESIGN_PERSON_AND_ORGANIZATION_ASSIGNMENT(#7940,#7949,(#7915));
#149=CIRCLE('',#148,6.E-1);
#202=CIRCLE('',#201,1.005E0);
#207=CIRCLE('',#206,1.64E0);
#212=CIRCLE('',#211,1.005E0);
#221=CIRCLE('',#220,1.64E0);
#226=CIRCLE('',#225,1.005E0);
#231=CIRCLE('',#230,1.64E0);
#932=CIRCLE('',#931,1.005E0);
#937=CIRCLE('',#936,1.64E0);
#942=CIRCLE('',#941,1.005E0);
#947=CIRCLE('',#946,1.64E0);
#952=CIRCLE('',#951,1.005E0);
#957=CIRCLE('',#956,1.64E0);
#1030=CIRCLE('',#1029,1.64E0);
#1035=CIRCLE('',#1034,1.005E0);
#1040=CIRCLE('',#1039,1.64E0);
#1045=CIRCLE('',#1044,1.005E0);
#1050=CIRCLE('',#1049,1.64E0);
#1055=CIRCLE('',#1054,1.005E0);
#1216=CIRCLE('',#1215,1.64E0);
#1221=CIRCLE('',#1220,1.005E0);
#1226=CIRCLE('',#1225,1.64E0);
#1231=CIRCLE('',#1230,1.005E0);
#1236=CIRCLE('',#1235,1.64E0);
#1241=CIRCLE('',#1240,1.005E0);
#1314=CIRCLE('',#1313,1.005E0);
#1319=CIRCLE('',#1318,1.64E0);
#1324=CIRCLE('',#1323,1.005E0);
#1329=CIRCLE('',#1328,1.64E0);
#1334=CIRCLE('',#1333,1.005E0);
#1339=CIRCLE('',#1338,1.64E0);
#1524=CIRCLE('',#1523,1.005E0);
#1529=CIRCLE('',#1528,1.64E0);
#1534=CIRCLE('',#1533,1.005E0);
#1539=CIRCLE('',#1538,1.64E0);
#1544=CIRCLE('',#1543,1.005E0);
#1549=CIRCLE('',#1548,1.64E0);
#1622=CIRCLE('',#1621,1.64E0);
#1627=CIRCLE('',#1626,1.005E0);
#1632=CIRCLE('',#1631,1.64E0);
#1637=CIRCLE('',#1636,1.005E0);
#1642=CIRCLE('',#1641,1.64E0);
#1647=CIRCLE('',#1646,1.005E0);
#1784=CIRCLE('',#1783,2.5E-1);
#1789=CIRCLE('',#1788,2.5E-1);
#1814=CIRCLE('',#1813,2.5E-1);
#1839=CIRCLE('',#1838,2.5E-1);
#1844=CIRCLE('',#1843,2.5E-1);
#1849=CIRCLE('',#1848,2.5E-1);
#1858=CIRCLE('',#1857,2.5E-1);
#1863=CIRCLE('',#1862,2.5E-1);
#1868=CIRCLE('',#1867,2.5E-1);
#1877=CIRCLE('',#1876,2.5E-1);
#1886=CIRCLE('',#1885,2.5E-1);
#1891=CIRCLE('',#1890,2.5E-1);
#1912=CIRCLE('',#1911,2.5E-1);
#1921=CIRCLE('',#1920,2.5E-1);
#1970=CIRCLE('',#1969,2.5E-1);
#1979=CIRCLE('',#1978,2.5E-1);
#2408=B_SPLINE_CURVE_WITH_KNOTS('',3,(#2396,#2397,#2398,#2399,#2400,#2401,#2402,
#2403,#2404,#2405,#2406,#2407),.UNSPECIFIED.,.F.,.F.,(4,1,1,1,1,1,1,1,1,4),
(0.E0,1.111111111111E-1,2.222222222222E-1,3.333333333333E-1,4.444444444444E-1,
5.555555555556E-1,6.666666666667E-1,7.777777777778E-1,8.888888888889E-1,1.E0),
.UNSPECIFIED.);
#2421=B_SPLINE_CURVE_WITH_KNOTS('',3,(#2409,#2410,#2411,#2412,#2413,#2414,#2415,
#2416,#2417,#2418,#2419,#2420),.UNSPECIFIED.,.F.,.F.,(4,1,1,1,1,1,1,1,1,4),
(0.E0,1.111111111111E-1,2.222222222222E-1,3.333333333333E-1,4.444444444444E-1,
5.555555555556E-1,6.666666666667E-1,7.777777777778E-1,8.888888888889E-1,1.E0),
.UNSPECIFIED.);
#2466=CIRCLE('',#2465,6.E-1);
#2475=CIRCLE('',#2474,6.E-1);
#2484=CIRCLE('',#2483,3.999997928352E-1);
#2489=CIRCLE('',#2488,3.999999977228E-1);
#2662=CIRCLE('',#2661,1.64E0);
#2667=CIRCLE('',#2666,1.005E0);
#2672=CIRCLE('',#2671,1.64E0);
#2681=CIRCLE('',#2680,1.005E0);
#2686=CIRCLE('',#2685,1.64E0);
#2691=CIRCLE('',#2690,1.005E0);
#3588=EDGE_CURVE('',#2808,#2823,#4,.T.);
#3590=EDGE_CURVE('',#2823,#2799,#8,.T.);
#3592=EDGE_CURVE('',#2799,#2794,#2569,.T.);
#3594=EDGE_CURVE('',#2750,#2794,#2581,.T.);
#3596=EDGE_CURVE('',#2750,#2751,#12,.T.);
#3598=EDGE_CURVE('',#2751,#2778,#16,.T.);
#3600=EDGE_CURVE('',#2778,#2779,#2533,.T.);
#3602=EDGE_CURVE('',#2808,#2779,#2513,.T.);
#3612=EDGE_CURVE('',#3128,#3129,#149,.T.);
#3614=EDGE_CURVE('',#3129,#2814,#2457,.T.);
#3616=EDGE_CURVE('',#2814,#2815,#153,.T.);
#3618=EDGE_CURVE('',#2817,#2815,#157,.T.);
#3620=EDGE_CURVE('',#2820,#2817,#2585,.T.);
#3622=EDGE_CURVE('',#2820,#2821,#161,.T.);
#3624=EDGE_CURVE('',#2823,#2821,#165,.T.);
#3627=EDGE_CURVE('',#2808,#2809,#169,.T.);
#3629=EDGE_CURVE('',#2811,#2809,#173,.T.);
#3631=EDGE_CURVE('',#2811,#2802,#177,.T.);
#3633=EDGE_CURVE('',#2802,#2803,#181,.T.);
#3635=EDGE_CURVE('',#2805,#2803,#185,.T.);
#3637=EDGE_CURVE('',#2805,#3128,#2425,.T.);
#3641=EDGE_CURVE('',#3201,#3202,#36,.T.);
#3643=EDGE_CURVE('',#3202,#3206,#40,.T.);
#3645=EDGE_CURVE('',#3205,#3206,#44,.T.);
#3647=EDGE_CURVE('',#3201,#3205,#48,.T.);
#3651=EDGE_CURVE('',#3217,#3218,#52,.T.);
#3653=EDGE_CURVE('',#3218,#3222,#56,.T.);
#3655=EDGE_CURVE('',#3221,#3222,#60,.T.);
#3657=EDGE_CURVE('',#3217,#3221,#64,.T.);
#3661=EDGE_CURVE('',#3233,#3234,#68,.T.);
#3663=EDGE_CURVE('',#3234,#3238,#72,.T.);
#3665=EDGE_CURVE('',#3237,#3238,#76,.T.);
#3667=EDGE_CURVE('',#3233,#3237,#80,.T.);
#3671=EDGE_CURVE('',#3249,#3250,#84,.T.);
#3673=EDGE_CURVE('',#3250,#3254,#88,.T.);
#3675=EDGE_CURVE('',#3253,#3254,#92,.T.);
#3677=EDGE_CURVE('',#3249,#3253,#96,.T.);
#3681=EDGE_CURVE('',#3425,#3426,#100,.T.);
#3683=EDGE_CURVE('',#3426,#3430,#104,.T.);
#3685=EDGE_CURVE('',#3429,#3430,#108,.T.);
#3687=EDGE_CURVE('',#3425,#3429,#112,.T.);
#3691=EDGE_CURVE('',#3441,#3442,#116,.T.);
#3693=EDGE_CURVE('',#3442,#3446,#120,.T.);
#3695=EDGE_CURVE('',#3445,#3446,#124,.T.);
#3697=EDGE_CURVE('',#3441,#3445,#128,.T.);
#3701=EDGE_CURVE('',#3537,#3538,#132,.T.);
#3703=EDGE_CURVE('',#3538,#3542,#136,.T.);
#3705=EDGE_CURVE('',#3541,#3542,#140,.T.);
#3707=EDGE_CURVE('',#3537,#3541,#144,.T.);
#3711=EDGE_CURVE('',#2840,#2841,#20,.T.);
#3713=EDGE_CURVE('',#2841,#2845,#24,.T.);
#3715=EDGE_CURVE('',#2844,#2845,#28,.T.);
#3717=EDGE_CURVE('',#2840,#2844,#32,.T.);
#3727=EDGE_CURVE('',#2867,#2861,#189,.T.);
#3729=EDGE_CURVE('',#2867,#2848,#193,.T.);
#3731=EDGE_CURVE('',#2848,#2849,#303,.T.);
#3733=EDGE_CURVE('',#2849,#2861,#197,.T.);
#3743=EDGE_CURVE('',#2888,#2840,#2621,.T.);
#3745=EDGE_CURVE('',#2888,#2889,#202,.T.);
#3747=EDGE_CURVE('',#2889,#2891,#207,.T.);
#3749=EDGE_CURVE('',#2891,#2893,#212,.T.);
#3751=EDGE_CURVE('',#2883,#2893,#2625,.T.);
#3753=EDGE_CURVE('',#2873,#2883,#216,.T.);
#3755=EDGE_CURVE('',#2896,#2873,#279,.T.);
#3757=EDGE_CURVE('',#2896,#2897,#221,.T.);
#3759=EDGE_CURVE('',#2897,#2899,#226,.T.);
#3761=EDGE_CURVE('',#2899,#2901,#231,.T.);
#3763=EDGE_CURVE('',#2841,#2901,#263,.T.);
#3774=EDGE_CURVE('',#2869,#2857,#247,.T.);
#3776=EDGE_CURVE('',#2869,#2867,#2641,.T.);
#3779=EDGE_CURVE('',#2861,#2857,#251,.T.);
#3789=EDGE_CURVE('',#2856,#2857,#235,.T.);
#3791=EDGE_CURVE('',#2856,#2863,#239,.T.);
#3793=EDGE_CURVE('',#2863,#2869,#243,.T.);
#3806=EDGE_CURVE('',#2860,#2861,#259,.T.);
#3808=EDGE_CURVE('',#2856,#2860,#255,.T.);
#3820=EDGE_CURVE('',#2849,#2853,#315,.T.);
#3822=EDGE_CURVE('',#2853,#2860,#2653,.T.);
#3833=EDGE_CURVE('',#2901,#2917,#267,.T.);
#3835=EDGE_CURVE('',#2917,#2845,#271,.T.);
#3846=EDGE_CURVE('',#2872,#2912,#275,.T.);
#3848=EDGE_CURVE('',#2896,#2912,#2703,.T.);
#3851=EDGE_CURVE('',#2872,#2873,#283,.T.);
#3861=EDGE_CURVE('',#2826,#2827,#287,.T.);
#3863=EDGE_CURVE('',#2831,#2826,#291,.T.);
#3865=EDGE_CURVE('',#2829,#2831,#295,.T.);
#3867=EDGE_CURVE('',#2827,#2829,#299,.T.);
#3872=EDGE_CURVE('',#2848,#2852,#307,.T.);
#3874=EDGE_CURVE('',#2852,#2853,#311,.T.);
#3885=EDGE_CURVE('',#3056,#3057,#319,.T.);
#3887=EDGE_CURVE('',#3057,#3059,#323,.T.);
#3889=EDGE_CURVE('',#3059,#3053,#327,.T.);
#3891=EDGE_CURVE('',#2837,#3053,#423,.T.);
#3893=EDGE_CURVE('',#2837,#2826,#331,.T.);
#3896=EDGE_CURVE('',#3056,#2827,#347,.T.);
#3907=EDGE_CURVE('',#3056,#3061,#335,.T.);
#3909=EDGE_CURVE('',#3061,#3063,#1451,.T.);
#3911=EDGE_CURVE('',#3057,#3063,#1447,.T.);
#3921=EDGE_CURVE('',#2834,#3148,#339,.T.);
#3923=EDGE_CURVE('',#3148,#3140,#343,.T.);
#3925=EDGE_CURVE('',#3140,#3142,#1479,.T.);
#3927=EDGE_CURVE('',#3061,#3142,#1455,.T.);
#3932=EDGE_CURVE('',#2834,#2829,#1435,.T.);
#3942=EDGE_CURVE('',#3016,#3017,#443,.T.);
#3944=EDGE_CURVE('',#3017,#3193,#447,.T.);
#3946=EDGE_CURVE('',#3193,#3194,#451,.T.);
#3948=EDGE_CURVE('',#3194,#3196,#455,.T.);
#3950=EDGE_CURVE('',#3196,#3198,#459,.T.);
#3952=EDGE_CURVE('',#3198,#3040,#463,.T.);
#3954=EDGE_CURVE('',#3040,#3041,#467,.T.);
#3956=EDGE_CURVE('',#3041,#3043,#471,.T.);
#3958=EDGE_CURVE('',#3043,#3045,#475,.T.);
#3960=EDGE_CURVE('',#3045,#3177,#479,.T.);
#3962=EDGE_CURVE('',#3177,#3178,#483,.T.);
#3964=EDGE_CURVE('',#3178,#3180,#487,.T.);
#3966=EDGE_CURVE('',#3180,#3182,#491,.T.);
#3968=EDGE_CURVE('',#3182,#3021,#495,.T.);
#3970=EDGE_CURVE('',#3020,#3021,#499,.T.);
#3972=EDGE_CURVE('',#3020,#2763,#503,.T.);
#3974=EDGE_CURVE('',#2763,#2767,#1826,.T.);
#3976=EDGE_CURVE('',#2767,#2755,#2437,.T.);
#3978=EDGE_CURVE('',#2751,#2755,#2505,.T.);
#3981=EDGE_CURVE('',#2750,#2753,#507,.T.);
#3983=EDGE_CURVE('',#2753,#2765,#2453,.T.);
#3985=EDGE_CURVE('',#2759,#2765,#1779,.T.);
#3987=EDGE_CURVE('',#2759,#3016,#511,.T.);
#3991=EDGE_CURVE('',#3401,#3402,#367,.T.);
#3993=EDGE_CURVE('',#3402,#3404,#371,.T.);
#3995=EDGE_CURVE('',#3404,#3406,#375,.T.);
#3997=EDGE_CURVE('',#3406,#3401,#379,.T.);
#4001=EDGE_CURVE('',#3417,#3418,#383,.T.);
#4003=EDGE_CURVE('',#3418,#3420,#387,.T.);
#4005=EDGE_CURVE('',#3420,#3422,#391,.T.);
#4007=EDGE_CURVE('',#3422,#3417,#395,.T.);
#4011=EDGE_CURVE('',#3529,#3530,#399,.T.);
#4013=EDGE_CURVE('',#3530,#3532,#403,.T.);
#4015=EDGE_CURVE('',#3532,#3534,#407,.T.);
#4017=EDGE_CURVE('',#3534,#3529,#411,.T.);
#4022=EDGE_CURVE('',#2834,#2835,#415,.T.);
#4024=EDGE_CURVE('',#2835,#2837,#419,.T.);
#4027=EDGE_CURVE('',#3052,#3053,#427,.T.);
#4029=EDGE_CURVE('',#3052,#3150,#431,.T.);
#4031=EDGE_CURVE('',#3150,#3147,#435,.T.);
#4033=EDGE_CURVE('',#3147,#3148,#439,.T.);
#4037=EDGE_CURVE('',#3161,#3162,#351,.T.);
#4039=EDGE_CURVE('',#3162,#3164,#355,.T.);
#4041=EDGE_CURVE('',#3164,#3166,#359,.T.);
#4043=EDGE_CURVE('',#3166,#3161,#363,.T.);
#4054=EDGE_CURVE('',#3161,#3153,#515,.T.);
#4056=EDGE_CURVE('',#3153,#3154,#531,.T.);
#4058=EDGE_CURVE('',#3162,#3154,#527,.T.);
#4069=EDGE_CURVE('',#3166,#3158,#519,.T.);
#4071=EDGE_CURVE('',#3158,#3153,#535,.T.);
#4083=EDGE_CURVE('',#3164,#3156,#523,.T.);
#4085=EDGE_CURVE('',#3156,#3158,#539,.T.);
#4098=EDGE_CURVE('',#3154,#3156,#543,.T.);
#4115=EDGE_CURVE('',#3225,#3226,#547,.T.);
#4117=EDGE_CURVE('',#3225,#3229,#551,.T.);
#4119=EDGE_CURVE('',#3229,#3230,#555,.T.);
#4121=EDGE_CURVE('',#3226,#3230,#559,.T.);
#4131=EDGE_CURVE('',#3308,#3302,#563,.T.);
#4133=EDGE_CURVE('',#3308,#3225,#567,.T.);
#4136=EDGE_CURVE('',#3226,#3302,#571,.T.);
#4146=EDGE_CURVE('',#3314,#3324,#575,.T.);
#4148=EDGE_CURVE('',#3314,#3218,#579,.T.);
#4151=EDGE_CURVE('',#3217,#3324,#583,.T.);
#4161=EDGE_CURVE('',#3310,#3298,#599,.T.);
#4163=EDGE_CURVE('',#3310,#3308,#643,.T.);
#4166=EDGE_CURVE('',#3302,#3298,#603,.T.);
#4176=EDGE_CURVE('',#3297,#3298,#587,.T.);
#4178=EDGE_CURVE('',#3297,#3304,#591,.T.);
#4180=EDGE_CURVE('',#3304,#3310,#595,.T.);
#4193=EDGE_CURVE('',#3301,#3302,#611,.T.);
#4195=EDGE_CURVE('',#3297,#3301,#607,.T.);
#4208=EDGE_CURVE('',#3230,#3301,#623,.T.);
#4218=EDGE_CURVE('',#3313,#3314,#615,.T.);
#4220=EDGE_CURVE('',#3313,#3222,#639,.T.);
#4232=EDGE_CURVE('',#3301,#3306,#619,.T.);
#4236=EDGE_CURVE('',#3306,#3229,#627,.T.);
#4246=EDGE_CURVE('',#3322,#3313,#631,.T.);
#4248=EDGE_CURVE('',#3221,#3322,#635,.T.);
#4263=EDGE_CURVE('',#3306,#3304,#647,.T.);
#4273=EDGE_CURVE('',#3306,#3308,#651,.T.);
#4298=EDGE_CURVE('',#3322,#3324,#655,.T.);
#4312=EDGE_CURVE('',#3320,#3322,#659,.T.);
#4314=EDGE_CURVE('',#3320,#3326,#671,.T.);
#4316=EDGE_CURVE('',#3326,#3324,#687,.T.);
#4326=EDGE_CURVE('',#3320,#3317,#675,.T.);
#4330=EDGE_CURVE('',#3313,#3317,#683,.T.);
#4340=EDGE_CURVE('',#3317,#3318,#663,.T.);
#4342=EDGE_CURVE('',#3318,#3326,#667,.T.);
#4355=EDGE_CURVE('',#3318,#3314,#679,.T.);
#4380=EDGE_CURVE('',#3401,#3393,#691,.T.);
#4382=EDGE_CURVE('',#3393,#3394,#707,.T.);
#4384=EDGE_CURVE('',#3402,#3394,#703,.T.);
#4395=EDGE_CURVE('',#3406,#3398,#695,.T.);
#4397=EDGE_CURVE('',#3398,#3393,#711,.T.);
#4409=EDGE_CURVE('',#3404,#3396,#699,.T.);
#4411=EDGE_CURVE('',#3396,#3398,#715,.T.);
#4424=EDGE_CURVE('',#3394,#3396,#719,.T.);
#4441=EDGE_CURVE('',#3433,#3434,#723,.T.);
#4443=EDGE_CURVE('',#3433,#3437,#727,.T.);
#4445=EDGE_CURVE('',#3437,#3438,#731,.T.);
#4447=EDGE_CURVE('',#3434,#3438,#735,.T.);
#4457=EDGE_CURVE('',#3468,#3462,#739,.T.);
#4459=EDGE_CURVE('',#3468,#3433,#743,.T.);
#4462=EDGE_CURVE('',#3434,#3462,#747,.T.);
#4472=EDGE_CURVE('',#3474,#3484,#751,.T.);
#4474=EDGE_CURVE('',#3474,#3426,#755,.T.);
#4477=EDGE_CURVE('',#3425,#3484,#759,.T.);
#4487=EDGE_CURVE('',#3470,#3458,#775,.T.);
#4489=EDGE_CURVE('',#3470,#3468,#819,.T.);
#4492=EDGE_CURVE('',#3462,#3458,#779,.T.);
#4502=EDGE_CURVE('',#3457,#3458,#763,.T.);
#4504=EDGE_CURVE('',#3457,#3464,#767,.T.);
#4506=EDGE_CURVE('',#3464,#3470,#771,.T.);
#4519=EDGE_CURVE('',#3461,#3462,#787,.T.);
#4521=EDGE_CURVE('',#3457,#3461,#783,.T.);
#4534=EDGE_CURVE('',#3438,#3461,#799,.T.);
#4544=EDGE_CURVE('',#3473,#3474,#791,.T.);
#4546=EDGE_CURVE('',#3473,#3430,#815,.T.);
#4558=EDGE_CURVE('',#3461,#3466,#795,.T.);
#4562=EDGE_CURVE('',#3466,#3437,#803,.T.);
#4572=EDGE_CURVE('',#3482,#3473,#807,.T.);
#4574=EDGE_CURVE('',#3429,#3482,#811,.T.);
#4589=EDGE_CURVE('',#3466,#3464,#823,.T.);
#4599=EDGE_CURVE('',#3466,#3468,#827,.T.);
#4624=EDGE_CURVE('',#3482,#3484,#831,.T.);
#4638=EDGE_CURVE('',#3480,#3482,#835,.T.);
#4640=EDGE_CURVE('',#3480,#3486,#847,.T.);
#4642=EDGE_CURVE('',#3486,#3484,#863,.T.);
#4652=EDGE_CURVE('',#3480,#3477,#851,.T.);
#4656=EDGE_CURVE('',#3473,#3477,#859,.T.);
#4666=EDGE_CURVE('',#3477,#3478,#839,.T.);
#4668=EDGE_CURVE('',#3478,#3486,#843,.T.);
#4681=EDGE_CURVE('',#3478,#3474,#855,.T.);
#4706=EDGE_CURVE('',#3417,#3409,#867,.T.);
#4708=EDGE_CURVE('',#3409,#3410,#883,.T.);
#4710=EDGE_CURVE('',#3418,#3410,#879,.T.);
#4721=EDGE_CURVE('',#3422,#3414,#871,.T.);
#4723=EDGE_CURVE('',#3414,#3409,#887,.T.);
#4735=EDGE_CURVE('',#3420,#3412,#875,.T.);
#4737=EDGE_CURVE('',#3412,#3414,#891,.T.);
#4750=EDGE_CURVE('',#3410,#3412,#895,.T.);
#4767=EDGE_CURVE('',#3449,#3450,#899,.T.);
#4769=EDGE_CURVE('',#3449,#3453,#903,.T.);
#4771=EDGE_CURVE('',#3453,#3454,#907,.T.);
#4773=EDGE_CURVE('',#3450,#3454,#911,.T.);
#4783=EDGE_CURVE('',#3500,#3494,#915,.T.);
#4785=EDGE_CURVE('',#3500,#3449,#919,.T.);
#4788=EDGE_CURVE('',#3450,#3494,#923,.T.);
#4798=EDGE_CURVE('',#3516,#3005,#1079,.T.);
#4800=EDGE_CURVE('',#3506,#3516,#927,.T.);
#4802=EDGE_CURVE('',#3008,#3506,#1001,.T.);
#4804=EDGE_CURVE('',#3008,#3009,#932,.T.);
#4806=EDGE_CURVE('',#3009,#3011,#937,.T.);
#4808=EDGE_CURVE('',#3011,#3013,#942,.T.);
#4810=EDGE_CURVE('',#3442,#3013,#993,.T.);
#4813=EDGE_CURVE('',#3000,#3441,#1087,.T.);
#4815=EDGE_CURVE('',#3000,#3001,#947,.T.);
#4817=EDGE_CURVE('',#3001,#3003,#952,.T.);
#4819=EDGE_CURVE('',#3003,#3005,#957,.T.);
#4829=EDGE_CURVE('',#3502,#3490,#973,.T.);
#4831=EDGE_CURVE('',#3502,#3500,#1059,.T.);
#4834=EDGE_CURVE('',#3494,#3490,#977,.T.);
#4844=EDGE_CURVE('',#3489,#3490,#961,.T.);
#4846=EDGE_CURVE('',#3489,#3496,#965,.T.);
#4848=EDGE_CURVE('',#3496,#3502,#969,.T.);
#4861=EDGE_CURVE('',#3493,#3494,#985,.T.);
#4863=EDGE_CURVE('',#3489,#3493,#981,.T.);
#4876=EDGE_CURVE('',#3454,#3493,#1017,.T.);
#4886=EDGE_CURVE('',#2997,#3446,#989,.T.);
#4890=EDGE_CURVE('',#2997,#3013,#997,.T.);
#4901=EDGE_CURVE('',#3505,#3506,#1005,.T.);
#4903=EDGE_CURVE('',#3505,#2992,#1009,.T.);
#4905=EDGE_CURVE('',#2992,#3008,#1147,.T.);
#4915=EDGE_CURVE('',#3493,#3498,#1013,.T.);
#4919=EDGE_CURVE('',#3498,#3453,#1021,.T.);
#4930=EDGE_CURVE('',#3514,#3505,#1025,.T.);
#4932=EDGE_CURVE('',#2989,#3514,#1071,.T.);
#4934=EDGE_CURVE('',#2987,#2989,#1030,.T.);
#4936=EDGE_CURVE('',#2985,#2987,#1035,.T.);
#4938=EDGE_CURVE('',#2984,#2985,#1040,.T.);
#4940=EDGE_CURVE('',#3445,#2984,#1091,.T.);
#4944=EDGE_CURVE('',#2995,#2997,#1045,.T.);
#4946=EDGE_CURVE('',#2993,#2995,#1050,.T.);
#4948=EDGE_CURVE('',#2992,#2993,#1055,.T.);
#4961=EDGE_CURVE('',#3498,#3496,#1063,.T.);
#4971=EDGE_CURVE('',#3498,#3500,#1067,.T.);
#4997=EDGE_CURVE('',#3514,#3516,#1075,.T.);
#5000=EDGE_CURVE('',#2989,#3005,#1083,.T.);
#5013=EDGE_CURVE('',#2984,#3000,#1135,.T.);
#5024=EDGE_CURVE('',#3512,#3514,#1095,.T.);
#5026=EDGE_CURVE('',#3512,#3518,#1107,.T.);
#5028=EDGE_CURVE('',#3518,#3516,#1123,.T.);
#5038=EDGE_CURVE('',#3512,#3509,#1111,.T.);
#5042=EDGE_CURVE('',#3505,#3509,#1119,.T.);
#5052=EDGE_CURVE('',#3509,#3510,#1099,.T.);
#5054=EDGE_CURVE('',#3510,#3518,#1103,.T.);
#5067=EDGE_CURVE('',#3510,#3506,#1115,.T.);
#5094=EDGE_CURVE('',#2987,#3003,#1127,.T.);
#5107=EDGE_CURVE('',#2985,#3001,#1131,.T.);
#5132=EDGE_CURVE('',#2995,#3011,#1139,.T.);
#5145=EDGE_CURVE('',#2993,#3009,#1143,.T.);
#5168=EDGE_CURVE('',#3529,#3521,#1151,.T.);
#5170=EDGE_CURVE('',#3521,#3522,#1167,.T.);
#5172=EDGE_CURVE('',#3530,#3522,#1163,.T.);
#5183=EDGE_CURVE('',#3534,#3526,#1155,.T.);
#5185=EDGE_CURVE('',#3526,#3521,#1171,.T.);
#5197=EDGE_CURVE('',#3532,#3524,#1159,.T.);
#5199=EDGE_CURVE('',#3524,#3526,#1175,.T.);
#5212=EDGE_CURVE('',#3522,#3524,#1179,.T.);
#5229=EDGE_CURVE('',#3545,#3546,#1183,.T.);
#5231=EDGE_CURVE('',#3545,#3549,#1187,.T.);
#5233=EDGE_CURVE('',#3549,#3550,#1191,.T.);
#5235=EDGE_CURVE('',#3546,#3550,#1195,.T.);
#5245=EDGE_CURVE('',#3564,#3558,#1199,.T.);
#5247=EDGE_CURVE('',#3564,#3545,#1203,.T.);
#5250=EDGE_CURVE('',#3546,#3558,#1207,.T.);
#5260=EDGE_CURVE('',#3580,#2973,#1363,.T.);
#5262=EDGE_CURVE('',#3570,#3580,#1211,.T.);
#5264=EDGE_CURVE('',#2976,#3570,#1285,.T.);
#5266=EDGE_CURVE('',#2976,#2977,#1216,.T.);
#5268=EDGE_CURVE('',#2977,#2979,#1221,.T.);
#5270=EDGE_CURVE('',#2979,#2981,#1226,.T.);
#5272=EDGE_CURVE('',#3538,#2981,#1277,.T.);
#5275=EDGE_CURVE('',#2968,#3537,#1371,.T.);
#5277=EDGE_CURVE('',#2968,#2969,#1231,.T.);
#5279=EDGE_CURVE('',#2969,#2971,#1236,.T.);
#5281=EDGE_CURVE('',#2971,#2973,#1241,.T.);
#5291=EDGE_CURVE('',#3566,#3554,#1257,.T.);
#5293=EDGE_CURVE('',#3566,#3564,#1343,.T.);
#5296=EDGE_CURVE('',#3558,#3554,#1261,.T.);
#5306=EDGE_CURVE('',#3553,#3554,#1245,.T.);
#5308=EDGE_CURVE('',#3553,#3560,#1249,.T.);
#5310=EDGE_CURVE('',#3560,#3566,#1253,.T.);
#5323=EDGE_CURVE('',#3557,#3558,#1269,.T.);
#5325=EDGE_CURVE('',#3553,#3557,#1265,.T.);
#5338=EDGE_CURVE('',#3550,#3557,#1301,.T.);
#5348=EDGE_CURVE('',#2965,#3542,#1273,.T.);
#5352=EDGE_CURVE('',#2965,#2981,#1281,.T.);
#5363=EDGE_CURVE('',#3569,#3570,#1289,.T.);
#5365=EDGE_CURVE('',#3569,#2960,#1293,.T.);
#5367=EDGE_CURVE('',#2960,#2976,#1431,.T.);
#5377=EDGE_CURVE('',#3557,#3562,#1297,.T.);
#5381=EDGE_CURVE('',#3562,#3549,#1305,.T.);
#5392=EDGE_CURVE('',#3578,#3569,#1309,.T.);
#5394=EDGE_CURVE('',#2957,#3578,#1355,.T.);
#5396=EDGE_CURVE('',#2955,#2957,#1314,.T.);
#5398=EDGE_CURVE('',#2953,#2955,#1319,.T.);
#5400=EDGE_CURVE('',#2952,#2953,#1324,.T.);
#5402=EDGE_CURVE('',#3541,#2952,#1375,.T.);
#5406=EDGE_CURVE('',#2963,#2965,#1329,.T.);
#5408=EDGE_CURVE('',#2961,#2963,#1334,.T.);
#5410=EDGE_CURVE('',#2960,#2961,#1339,.T.);
#5423=EDGE_CURVE('',#3562,#3560,#1347,.T.);
#5433=EDGE_CURVE('',#3562,#3564,#1351,.T.);
#5459=EDGE_CURVE('',#3578,#3580,#1359,.T.);
#5462=EDGE_CURVE('',#2957,#2973,#1367,.T.);
#5475=EDGE_CURVE('',#2952,#2968,#1419,.T.);
#5486=EDGE_CURVE('',#3576,#3578,#1379,.T.);
#5488=EDGE_CURVE('',#3576,#3582,#1391,.T.);
#5490=EDGE_CURVE('',#3582,#3580,#1407,.T.);
#5500=EDGE_CURVE('',#3576,#3573,#1395,.T.);
#5504=EDGE_CURVE('',#3569,#3573,#1403,.T.);
#5514=EDGE_CURVE('',#3573,#3574,#1383,.T.);
#5516=EDGE_CURVE('',#3574,#3582,#1387,.T.);
#5529=EDGE_CURVE('',#3574,#3570,#1399,.T.);
#5556=EDGE_CURVE('',#2955,#2971,#1411,.T.);
#5569=EDGE_CURVE('',#2953,#2969,#1415,.T.);
#5594=EDGE_CURVE('',#2963,#2979,#1423,.T.);
#5607=EDGE_CURVE('',#2961,#2977,#1427,.T.);
#5632=EDGE_CURVE('',#2835,#2831,#1439,.T.);
#5656=EDGE_CURVE('',#3059,#3065,#1443,.T.);
#5658=EDGE_CURVE('',#3065,#3052,#1459,.T.);
#5670=EDGE_CURVE('',#3063,#3065,#1463,.T.);
#5683=EDGE_CURVE('',#3142,#3144,#1475,.T.);
#5685=EDGE_CURVE('',#3150,#3144,#1503,.T.);
#5698=EDGE_CURVE('',#3139,#3140,#1467,.T.);
#5700=EDGE_CURVE('',#3144,#3139,#1471,.T.);
#5706=EDGE_CURVE('',#3209,#3210,#1483,.T.);
#5708=EDGE_CURVE('',#3209,#3213,#1487,.T.);
#5710=EDGE_CURVE('',#3213,#3214,#1491,.T.);
#5712=EDGE_CURVE('',#3210,#3214,#1495,.T.);
#5723=EDGE_CURVE('',#3147,#3139,#1499,.T.);
#5747=EDGE_CURVE('',#3276,#3270,#1507,.T.);
#5749=EDGE_CURVE('',#3276,#3209,#1511,.T.);
#5752=EDGE_CURVE('',#3210,#3270,#1515,.T.);
#5762=EDGE_CURVE('',#3292,#2925,#1671,.T.);
#5764=EDGE_CURVE('',#3282,#3292,#1519,.T.);
#5766=EDGE_CURVE('',#2928,#3282,#1593,.T.);
#5768=EDGE_CURVE('',#2928,#2929,#1524,.T.);
#5770=EDGE_CURVE('',#2929,#2931,#1529,.T.);
#5772=EDGE_CURVE('',#2931,#2933,#1534,.T.);
#5774=EDGE_CURVE('',#3202,#2933,#1585,.T.);
#5777=EDGE_CURVE('',#2920,#3201,#1679,.T.);
#5779=EDGE_CURVE('',#2920,#2921,#1539,.T.);
#5781=EDGE_CURVE('',#2921,#2923,#1544,.T.);
#5783=EDGE_CURVE('',#2923,#2925,#1549,.T.);
#5793=EDGE_CURVE('',#3278,#3266,#1565,.T.);
#5795=EDGE_CURVE('',#3278,#3276,#1651,.T.);
#5798=EDGE_CURVE('',#3270,#3266,#1569,.T.);
#5808=EDGE_CURVE('',#3265,#3266,#1553,.T.);
#5810=EDGE_CURVE('',#3265,#3272,#1557,.T.);
#5812=EDGE_CURVE('',#3272,#3278,#1561,.T.);
#5825=EDGE_CURVE('',#3269,#3270,#1577,.T.);
#5827=EDGE_CURVE('',#3265,#3269,#1573,.T.);
#5840=EDGE_CURVE('',#3214,#3269,#1609,.T.);
#5850=EDGE_CURVE('',#2949,#3206,#1581,.T.);
#5854=EDGE_CURVE('',#2933,#2949,#1589,.T.);
#5865=EDGE_CURVE('',#3281,#3282,#1597,.T.);
#5867=EDGE_CURVE('',#3281,#2944,#1601,.T.);
#5869=EDGE_CURVE('',#2928,#2944,#1739,.T.);
#5879=EDGE_CURVE('',#3269,#3274,#1605,.T.);
#5883=EDGE_CURVE('',#3274,#3213,#1613,.T.);
#5894=EDGE_CURVE('',#3290,#3281,#1617,.T.);
#5896=EDGE_CURVE('',#2941,#3290,#1663,.T.);
#5898=EDGE_CURVE('',#2939,#2941,#1622,.T.);
#5900=EDGE_CURVE('',#2937,#2939,#1627,.T.);
#5902=EDGE_CURVE('',#2936,#2937,#1632,.T.);
#5904=EDGE_CURVE('',#3205,#2936,#1683,.T.);
#5908=EDGE_CURVE('',#2947,#2949,#1637,.T.);
#5910=EDGE_CURVE('',#2945,#2947,#1642,.T.);
#5912=EDGE_CURVE('',#2944,#2945,#1647,.T.);
#5925=EDGE_CURVE('',#3274,#3272,#1655,.T.);
#5935=EDGE_CURVE('',#3274,#3276,#1659,.T.);
#5961=EDGE_CURVE('',#3290,#3292,#1667,.T.);
#5964=EDGE_CURVE('',#2925,#2941,#1675,.T.);
#5977=EDGE_CURVE('',#2920,#2936,#1727,.T.);
#5988=EDGE_CURVE('',#3288,#3290,#1687,.T.);
#5990=EDGE_CURVE('',#3288,#3294,#1699,.T.);
#5992=EDGE_CURVE('',#3294,#3292,#1715,.T.);
#6002=EDGE_CURVE('',#3288,#3285,#1703,.T.);
#6006=EDGE_CURVE('',#3281,#3285,#1711,.T.);
#6016=EDGE_CURVE('',#3285,#3286,#1691,.T.);
#6018=EDGE_CURVE('',#3286,#3294,#1695,.T.);
#6031=EDGE_CURVE('',#3286,#3282,#1707,.T.);
#6056=EDGE_CURVE('',#2923,#2939,#1719,.T.);
#6069=EDGE_CURVE('',#2921,#2937,#1723,.T.);
#6094=EDGE_CURVE('',#2931,#2947,#1731,.T.);
#6107=EDGE_CURVE('',#2929,#2945,#1735,.T.);
#6132=EDGE_CURVE('',#3016,#3023,#1747,.T.);
#6134=EDGE_CURVE('',#3023,#3028,#1743,.T.);
#6136=EDGE_CURVE('',#3028,#3029,#2007,.T.);
#6138=EDGE_CURVE('',#3017,#3029,#2223,.T.);
#6150=EDGE_CURVE('',#2758,#2759,#1775,.T.);
#6152=EDGE_CURVE('',#2758,#2762,#1751,.T.);
#6154=EDGE_CURVE('',#2762,#2763,#1830,.T.);
#6157=EDGE_CURVE('',#3020,#3025,#1755,.T.);
#6159=EDGE_CURVE('',#3025,#3023,#1759,.T.);
#6169=EDGE_CURVE('',#3118,#3119,#1763,.T.);
#6171=EDGE_CURVE('',#3125,#3118,#1767,.T.);
#6173=EDGE_CURVE('',#3125,#2758,#1771,.T.);
#6177=EDGE_CURVE('',#2765,#3119,#2449,.T.);
#6187=EDGE_CURVE('',#3114,#3115,#1809,.T.);
#6189=EDGE_CURVE('',#3118,#3114,#1784,.T.);
#6192=EDGE_CURVE('',#3119,#3115,#1789,.T.);
#6202=EDGE_CURVE('',#3111,#3107,#1793,.T.);
#6204=EDGE_CURVE('',#3073,#3107,#1872,.T.);
#6206=EDGE_CURVE('',#3073,#3069,#1797,.T.);
#6208=EDGE_CURVE('',#3068,#3069,#1801,.T.);
#6210=EDGE_CURVE('',#3071,#3068,#1805,.T.);
#6212=EDGE_CURVE('',#3114,#3071,#1881,.T.);
#6215=EDGE_CURVE('',#3115,#3111,#2445,.T.);
#6225=EDGE_CURVE('',#3109,#3105,#1822,.T.);
#6227=EDGE_CURVE('',#3105,#3107,#1891,.T.);
#6230=EDGE_CURVE('',#3111,#3109,#1814,.T.);
#6240=EDGE_CURVE('',#3105,#3100,#1818,.T.);
#6243=EDGE_CURVE('',#2767,#3109,#2441,.T.);
#6247=EDGE_CURVE('',#3100,#2762,#1834,.T.);
#6257=EDGE_CURVE('',#3100,#3101,#1844,.T.);
#6259=EDGE_CURVE('',#3103,#3101,#1895,.T.);
#6261=EDGE_CURVE('',#3105,#3103,#1839,.T.);
#6276=EDGE_CURVE('',#3124,#3125,#1849,.T.);
#6278=EDGE_CURVE('',#3124,#3101,#1853,.T.);
#6290=EDGE_CURVE('',#3118,#3121,#1858,.T.);
#6292=EDGE_CURVE('',#3124,#3121,#1899,.T.);
#6302=EDGE_CURVE('',#3121,#3114,#1877,.T.);
#6314=EDGE_CURVE('',#3107,#3103,#1863,.T.);
#6316=EDGE_CURVE('',#3085,#3103,#1929,.T.);
#6318=EDGE_CURVE('',#3073,#3085,#1868,.T.);
#6331=EDGE_CURVE('',#3071,#3076,#1886,.T.);
#6333=EDGE_CURVE('',#3121,#3076,#1903,.T.);
#6358=EDGE_CURVE('',#3076,#3077,#1907,.T.);
#6360=EDGE_CURVE('',#3077,#3079,#1912,.T.);
#6362=EDGE_CURVE('',#3079,#3081,#1916,.T.);
#6364=EDGE_CURVE('',#3081,#3083,#1921,.T.);
#6366=EDGE_CURVE('',#3085,#3083,#1925,.T.);
#6378=EDGE_CURVE('',#3068,#3088,#1937,.T.);
#6380=EDGE_CURVE('',#3088,#3091,#1957,.T.);
#6382=EDGE_CURVE('',#3077,#3091,#1953,.T.);
#6395=EDGE_CURVE('',#3089,#3069,#1933,.T.);
#6397=EDGE_CURVE('',#3088,#3089,#1983,.T.);
#6411=EDGE_CURVE('',#3083,#3097,#1941,.T.);
#6413=EDGE_CURVE('',#3089,#3097,#1965,.T.);
#6425=EDGE_CURVE('',#3081,#3095,#1945,.T.);
#6427=EDGE_CURVE('',#3095,#3097,#1970,.T.);
#6439=EDGE_CURVE('',#3079,#3093,#1949,.T.);
#6441=EDGE_CURVE('',#3093,#3095,#1974,.T.);
#6454=EDGE_CURVE('',#3091,#3093,#1979,.T.);
#6466=EDGE_CURVE('',#3088,#3028,#2011,.T.);
#6470=EDGE_CURVE('',#3025,#3033,#1961,.T.);
#6472=EDGE_CURVE('',#3033,#3089,#1987,.T.);
#6488=EDGE_CURVE('',#3032,#3033,#1991,.T.);
#6490=EDGE_CURVE('',#3049,#3032,#2015,.T.);
#6492=EDGE_CURVE('',#3037,#3049,#1995,.T.);
#6494=EDGE_CURVE('',#3036,#3037,#1999,.T.);
#6496=EDGE_CURVE('',#3047,#3036,#2003,.T.);
#6498=EDGE_CURVE('',#3047,#3029,#2211,.T.);
#6511=EDGE_CURVE('',#3021,#3032,#2019,.T.);
#6527=EDGE_CURVE('',#3182,#3174,#2023,.T.);
#6529=EDGE_CURVE('',#3174,#3169,#2047,.T.);
#6531=EDGE_CURVE('',#3177,#3169,#2039,.T.);
#6534=EDGE_CURVE('',#3045,#3049,#2027,.T.);
#6545=EDGE_CURVE('',#3180,#3172,#2031,.T.);
#6547=EDGE_CURVE('',#3172,#3174,#2051,.T.);
#6559=EDGE_CURVE('',#3178,#3170,#2035,.T.);
#6561=EDGE_CURVE('',#3170,#3172,#2055,.T.);
#6574=EDGE_CURVE('',#3169,#3170,#2043,.T.);
#6591=EDGE_CURVE('',#3241,#3242,#2059,.T.);
#6593=EDGE_CURVE('',#3241,#3245,#2063,.T.);
#6595=EDGE_CURVE('',#3245,#3246,#2067,.T.);
#6597=EDGE_CURVE('',#3242,#3246,#2071,.T.);
#6607=EDGE_CURVE('',#3340,#3334,#2075,.T.);
#6609=EDGE_CURVE('',#3340,#3241,#2079,.T.);
#6612=EDGE_CURVE('',#3242,#3334,#2083,.T.);
#6622=EDGE_CURVE('',#3346,#3356,#2087,.T.);
#6624=EDGE_CURVE('',#3346,#3234,#2091,.T.);
#6627=EDGE_CURVE('',#3233,#3356,#2095,.T.);
#6637=EDGE_CURVE('',#3342,#3330,#2111,.T.);
#6639=EDGE_CURVE('',#3342,#3340,#2155,.T.);
#6642=EDGE_CURVE('',#3334,#3330,#2115,.T.);
#6652=EDGE_CURVE('',#3329,#3330,#2099,.T.);
#6654=EDGE_CURVE('',#3329,#3336,#2103,.T.);
#6656=EDGE_CURVE('',#3336,#3342,#2107,.T.);
#6669=EDGE_CURVE('',#3333,#3334,#2123,.T.);
#6671=EDGE_CURVE('',#3329,#3333,#2119,.T.);
#6684=EDGE_CURVE('',#3246,#3333,#2135,.T.);
#6694=EDGE_CURVE('',#3345,#3346,#2127,.T.);
#6696=EDGE_CURVE('',#3345,#3238,#2151,.T.);
#6708=EDGE_CURVE('',#3333,#3338,#2131,.T.);
#6712=EDGE_CURVE('',#3338,#3245,#2139,.T.);
#6722=EDGE_CURVE('',#3354,#3345,#2143,.T.);
#6724=EDGE_CURVE('',#3237,#3354,#2147,.T.);
#6739=EDGE_CURVE('',#3338,#3336,#2159,.T.);
#6749=EDGE_CURVE('',#3338,#3340,#2163,.T.);
#6774=EDGE_CURVE('',#3354,#3356,#2167,.T.);
#6788=EDGE_CURVE('',#3352,#3354,#2171,.T.);
#6790=EDGE_CURVE('',#3352,#3358,#2183,.T.);
#6792=EDGE_CURVE('',#3358,#3356,#2199,.T.);
#6802=EDGE_CURVE('',#3352,#3349,#2187,.T.);
#6806=EDGE_CURVE('',#3345,#3349,#2195,.T.);
#6816=EDGE_CURVE('',#3349,#3350,#2175,.T.);
#6818=EDGE_CURVE('',#3350,#3358,#2179,.T.);
#6831=EDGE_CURVE('',#3350,#3346,#2191,.T.);
#6856=EDGE_CURVE('',#3043,#3037,#2203,.T.);
#6869=EDGE_CURVE('',#3041,#3036,#2207,.T.);
#6882=EDGE_CURVE('',#3040,#3047,#2215,.T.);
#6897=EDGE_CURVE('',#3198,#3190,#2219,.T.);
#6899=EDGE_CURVE('',#3190,#3185,#2243,.T.);
#6901=EDGE_CURVE('',#3193,#3185,#2235,.T.);
#6914=EDGE_CURVE('',#3196,#3188,#2227,.T.);
#6916=EDGE_CURVE('',#3188,#3190,#2247,.T.);
#6928=EDGE_CURVE('',#3194,#3186,#2231,.T.);
#6930=EDGE_CURVE('',#3186,#3188,#2251,.T.);
#6943=EDGE_CURVE('',#3185,#3186,#2239,.T.);
#6960=EDGE_CURVE('',#3257,#3258,#2255,.T.);
#6962=EDGE_CURVE('',#3257,#3261,#2259,.T.);
#6964=EDGE_CURVE('',#3261,#3262,#2263,.T.);
#6966=EDGE_CURVE('',#3258,#3262,#2267,.T.);
#6976=EDGE_CURVE('',#3372,#3366,#2271,.T.);
#6978=EDGE_CURVE('',#3372,#3257,#2275,.T.);
#6981=EDGE_CURVE('',#3258,#3366,#2279,.T.);
#6991=EDGE_CURVE('',#3378,#3388,#2283,.T.);
#6993=EDGE_CURVE('',#3378,#3250,#2287,.T.);
#6996=EDGE_CURVE('',#3249,#3388,#2291,.T.);
#7006=EDGE_CURVE('',#3374,#3362,#2307,.T.);
#7008=EDGE_CURVE('',#3374,#3372,#2351,.T.);
#7011=EDGE_CURVE('',#3366,#3362,#2311,.T.);
#7021=EDGE_CURVE('',#3361,#3362,#2295,.T.);
#7023=EDGE_CURVE('',#3361,#3368,#2299,.T.);
#7025=EDGE_CURVE('',#3368,#3374,#2303,.T.);
#7038=EDGE_CURVE('',#3365,#3366,#2319,.T.);
#7040=EDGE_CURVE('',#3361,#3365,#2315,.T.);
#7053=EDGE_CURVE('',#3262,#3365,#2331,.T.);
#7063=EDGE_CURVE('',#3377,#3378,#2323,.T.);
#7065=EDGE_CURVE('',#3377,#3254,#2347,.T.);
#7077=EDGE_CURVE('',#3365,#3370,#2327,.T.);
#7081=EDGE_CURVE('',#3370,#3261,#2335,.T.);
#7091=EDGE_CURVE('',#3386,#3377,#2339,.T.);
#7093=EDGE_CURVE('',#3253,#3386,#2343,.T.);
#7108=EDGE_CURVE('',#3370,#3368,#2355,.T.);
#7118=EDGE_CURVE('',#3370,#3372,#2359,.T.);
#7143=EDGE_CURVE('',#3386,#3388,#2363,.T.);
#7157=EDGE_CURVE('',#3384,#3386,#2367,.T.);
#7159=EDGE_CURVE('',#3384,#3390,#2379,.T.);
#7161=EDGE_CURVE('',#3390,#3388,#2395,.T.);
#7171=EDGE_CURVE('',#3384,#3381,#2383,.T.);
#7175=EDGE_CURVE('',#3377,#3381,#2391,.T.);
#7185=EDGE_CURVE('',#3381,#3382,#2371,.T.);
#7187=EDGE_CURVE('',#3382,#3390,#2375,.T.);
#7200=EDGE_CURVE('',#3382,#3378,#2387,.T.);
#7224=EDGE_CURVE('',#3130,#3131,#2408,.T.);
#7226=EDGE_CURVE('',#3136,#3130,#2421,.T.);
#7228=EDGE_CURVE('',#3128,#3136,#2470,.T.);
#7231=EDGE_CURVE('',#2805,#2775,#2429,.T.);
#7233=EDGE_CURVE('',#2775,#2770,#2521,.T.);
#7235=EDGE_CURVE('',#2770,#2755,#2433,.T.);
#7244=EDGE_CURVE('',#2786,#2753,#2593,.T.);
#7246=EDGE_CURVE('',#2786,#2787,#2549,.T.);
#7248=EDGE_CURVE('',#2814,#2787,#2609,.T.);
#7251=EDGE_CURVE('',#3129,#3131,#2461,.T.);
#7262=EDGE_CURVE('',#3133,#3131,#2466,.T.);
#7264=EDGE_CURVE('',#3135,#3133,#2479,.T.);
#7266=EDGE_CURVE('',#3135,#3130,#2484,.T.);
#7280=EDGE_CURVE('',#3136,#3133,#2475,.T.);
#7291=EDGE_CURVE('',#3130,#3135,#2489,.T.);
#7314=EDGE_CURVE('',#2803,#2773,#2493,.T.);
#7316=EDGE_CURVE('',#2773,#2775,#2525,.T.);
#7328=EDGE_CURVE('',#2802,#2771,#2497,.T.);
#7330=EDGE_CURVE('',#2771,#2773,#2529,.T.);
#7342=EDGE_CURVE('',#2811,#2783,#2501,.T.);
#7344=EDGE_CURVE('',#2783,#2778,#2537,.T.);
#7349=EDGE_CURVE('',#2770,#2771,#2517,.T.);
#7361=EDGE_CURVE('',#2809,#2781,#2509,.T.);
#7363=EDGE_CURVE('',#2781,#2783,#2541,.T.);
#7376=EDGE_CURVE('',#2779,#2781,#2545,.T.);
#7412=EDGE_CURVE('',#2791,#2786,#2553,.T.);
#7414=EDGE_CURVE('',#2789,#2791,#2557,.T.);
#7416=EDGE_CURVE('',#2787,#2789,#2561,.T.);
#7426=EDGE_CURVE('',#2794,#2795,#2565,.T.);
#7429=EDGE_CURVE('',#2797,#2799,#2573,.T.);
#7431=EDGE_CURVE('',#2795,#2797,#2577,.T.);
#7443=EDGE_CURVE('',#2820,#2795,#2597,.T.);
#7446=EDGE_CURVE('',#2817,#2791,#2589,.T.);
#7462=EDGE_CURVE('',#2821,#2797,#2601,.T.);
#7485=EDGE_CURVE('',#2815,#2789,#2605,.T.);
#7509=EDGE_CURVE('',#2865,#2867,#2613,.T.);
#7511=EDGE_CURVE('',#2865,#2852,#2657,.T.);
#7523=EDGE_CURVE('',#2844,#2904,#2617,.T.);
#7525=EDGE_CURVE('',#2888,#2904,#2747,.T.);
#7538=EDGE_CURVE('',#2893,#2909,#2629,.T.);
#7540=EDGE_CURVE('',#2909,#2881,#2633,.T.);
#7542=EDGE_CURVE('',#2881,#2883,#2637,.T.);
#7555=EDGE_CURVE('',#2865,#2863,#2645,.T.);
#7567=EDGE_CURVE('',#2860,#2865,#2649,.T.);
#7591=EDGE_CURVE('',#2915,#2917,#2662,.T.);
#7593=EDGE_CURVE('',#2913,#2915,#2667,.T.);
#7595=EDGE_CURVE('',#2912,#2913,#2672,.T.);
#7598=EDGE_CURVE('',#2881,#2872,#2676,.T.);
#7601=EDGE_CURVE('',#2907,#2909,#2681,.T.);
#7603=EDGE_CURVE('',#2905,#2907,#2686,.T.);
#7605=EDGE_CURVE('',#2904,#2905,#2691,.T.);
#7618=EDGE_CURVE('',#2899,#2915,#2695,.T.);
#7631=EDGE_CURVE('',#2897,#2913,#2699,.T.);
#7655=EDGE_CURVE('',#2879,#2876,#2719,.T.);
#7657=EDGE_CURVE('',#2879,#2881,#2735,.T.);
#7660=EDGE_CURVE('',#2872,#2876,#2727,.T.);
#7670=EDGE_CURVE('',#2876,#2877,#2707,.T.);
#7672=EDGE_CURVE('',#2877,#2885,#2711,.T.);
#7674=EDGE_CURVE('',#2879,#2885,#2715,.T.);
#7686=EDGE_CURVE('',#2877,#2873,#2723,.T.);
#7699=EDGE_CURVE('',#2885,#2883,#2731,.T.);
#7724=EDGE_CURVE('',#2891,#2907,#2739,.T.);
#7737=EDGE_CURVE('',#2889,#2905,#2743,.T.);
#7766=CIRCLE('',#7765,6.5E-1);
#7767=TRIMMED_CURVE('',#7766,(PARAMETER_VALUE(0.E0)),(PARAMETER_VALUE(1.8E2)),
.T.,.UNSPECIFIED.);
#7768=COMPOSITE_CURVE_SEGMENT(.CONTINUOUS.,.T.,#7767);
#7773=CIRCLE('',#7772,6.5E-1);
#7774=TRIMMED_CURVE('',#7773,(PARAMETER_VALUE(0.E0)),(PARAMETER_VALUE(1.8E2)),
.T.,.UNSPECIFIED.);
#7775=COMPOSITE_CURVE_SEGMENT(.CONTINUOUS.,.T.,#7774);
#7776=COMPOSITE_CURVE('',(#7768,#7775),.F.);
#7782=CIRCLE('',#7781,6.E-1);
#7783=TRIMMED_CURVE('',#7782,(PARAMETER_VALUE(0.E0)),(PARAMETER_VALUE(1.8E2)),
.T.,.UNSPECIFIED.);
#7784=COMPOSITE_CURVE_SEGMENT(.CONTINUOUS.,.T.,#7783);
#7789=CIRCLE('',#7788,6.E-1);
#7790=TRIMMED_CURVE('',#7789,(PARAMETER_VALUE(0.E0)),(PARAMETER_VALUE(1.8E2)),
.T.,.UNSPECIFIED.);
#7791=COMPOSITE_CURVE_SEGMENT(.CONTINUOUS.,.T.,#7790);
#7792=COMPOSITE_CURVE('',(#7784,#7791),.F.);
#7797=CIRCLE('',#7796,6.E-1);
#7798=TRIMMED_CURVE('',#7797,(PARAMETER_VALUE(0.E0)),(PARAMETER_VALUE(1.8E2)),
.T.,.UNSPECIFIED.);
#7799=COMPOSITE_CURVE_SEGMENT(.CONTINUOUS.,.T.,#7798);
#7804=CIRCLE('',#7803,6.E-1);
#7805=TRIMMED_CURVE('',#7804,(PARAMETER_VALUE(0.E0)),(PARAMETER_VALUE(1.8E2)),
.T.,.UNSPECIFIED.);
#7806=COMPOSITE_CURVE_SEGMENT(.CONTINUOUS.,.T.,#7805);
#7807=COMPOSITE_CURVE('',(#7799,#7806),.F.);
#7812=CIRCLE('',#7811,6.E-1);
#7813=TRIMMED_CURVE('',#7812,(PARAMETER_VALUE(0.E0)),(PARAMETER_VALUE(1.8E2)),
.T.,.UNSPECIFIED.);
#7814=COMPOSITE_CURVE_SEGMENT(.CONTINUOUS.,.T.,#7813);
#7819=CIRCLE('',#7818,6.E-1);
#7820=TRIMMED_CURVE('',#7819,(PARAMETER_VALUE(0.E0)),(PARAMETER_VALUE(1.8E2)),
.T.,.UNSPECIFIED.);
#7821=COMPOSITE_CURVE_SEGMENT(.CONTINUOUS.,.T.,#7820);
#7822=COMPOSITE_CURVE('',(#7814,#7821),.F.);
#7827=CIRCLE('',#7826,6.E-1);
#7828=TRIMMED_CURVE('',#7827,(PARAMETER_VALUE(0.E0)),(PARAMETER_VALUE(1.8E2)),
.T.,.UNSPECIFIED.);
#7829=COMPOSITE_CURVE_SEGMENT(.CONTINUOUS.,.T.,#7828);
#7834=CIRCLE('',#7833,6.E-1);
#7835=TRIMMED_CURVE('',#7834,(PARAMETER_VALUE(0.E0)),(PARAMETER_VALUE(1.8E2)),
.T.,.UNSPECIFIED.);
#7836=COMPOSITE_CURVE_SEGMENT(.CONTINUOUS.,.T.,#7835);
#7837=COMPOSITE_CURVE('',(#7829,#7836),.F.);
#7842=CIRCLE('',#7841,6.E-1);
#7843=TRIMMED_CURVE('',#7842,(PARAMETER_VALUE(0.E0)),(PARAMETER_VALUE(1.8E2)),
.T.,.UNSPECIFIED.);
#7844=COMPOSITE_CURVE_SEGMENT(.CONTINUOUS.,.T.,#7843);
#7849=CIRCLE('',#7848,6.E-1);
#7850=TRIMMED_CURVE('',#7849,(PARAMETER_VALUE(0.E0)),(PARAMETER_VALUE(1.8E2)),
.T.,.UNSPECIFIED.);
#7851=COMPOSITE_CURVE_SEGMENT(.CONTINUOUS.,.T.,#7850);
#7852=COMPOSITE_CURVE('',(#7844,#7851),.F.);
#7857=CIRCLE('',#7856,6.E-1);
#7858=TRIMMED_CURVE('',#7857,(PARAMETER_VALUE(0.E0)),(PARAMETER_VALUE(1.8E2)),
.T.,.UNSPECIFIED.);
#7859=COMPOSITE_CURVE_SEGMENT(.CONTINUOUS.,.T.,#7858);
#7864=CIRCLE('',#7863,6.E-1);
#7865=TRIMMED_CURVE('',#7864,(PARAMETER_VALUE(0.E0)),(PARAMETER_VALUE(1.8E2)),
.T.,.UNSPECIFIED.);
#7866=COMPOSITE_CURVE_SEGMENT(.CONTINUOUS.,.T.,#7865);
#7867=COMPOSITE_CURVE('',(#7859,#7866),.F.);
#7872=CIRCLE('',#7871,6.E-1);
#7873=TRIMMED_CURVE('',#7872,(PARAMETER_VALUE(0.E0)),(PARAMETER_VALUE(1.8E2)),
.T.,.UNSPECIFIED.);
#7874=COMPOSITE_CURVE_SEGMENT(.CONTINUOUS.,.T.,#7873);
#7879=CIRCLE('',#7878,6.E-1);
#7880=TRIMMED_CURVE('',#7879,(PARAMETER_VALUE(0.E0)),(PARAMETER_VALUE(1.8E2)),
.T.,.UNSPECIFIED.);
#7881=COMPOSITE_CURVE_SEGMENT(.CONTINUOUS.,.T.,#7880);
#7882=COMPOSITE_CURVE('',(#7874,#7881),.F.);
#7887=CIRCLE('',#7886,6.E-1);
#7888=TRIMMED_CURVE('',#7887,(PARAMETER_VALUE(0.E0)),(PARAMETER_VALUE(1.8E2)),
.T.,.UNSPECIFIED.);
#7889=COMPOSITE_CURVE_SEGMENT(.CONTINUOUS.,.T.,#7888);
#7894=CIRCLE('',#7893,6.E-1);
#7895=TRIMMED_CURVE('',#7894,(PARAMETER_VALUE(0.E0)),(PARAMETER_VALUE(1.8E2)),
.T.,.UNSPECIFIED.);
#7896=COMPOSITE_CURVE_SEGMENT(.CONTINUOUS.,.T.,#7895);
#7897=COMPOSITE_CURVE('',(#7889,#7896),.F.);
#7898=(LENGTH_UNIT()NAMED_UNIT(*)SI_UNIT(.MILLI.,.METRE.));
#7900=(NAMED_UNIT(*)PLANE_ANGLE_UNIT()SI_UNIT($,.RADIAN.));
#7903=(NAMED_UNIT(*)SI_UNIT($,.STERADIAN.)SOLID_ANGLE_UNIT());
#7906=ADVANCED_BREP_SHAPE_REPRESENTATION('',(#7757),#7905);
#7907=GEOMETRICALLY_BOUNDED_SURFACE_SHAPE_REPRESENTATION('',(#7777),#7905);
#7908=SHAPE_REPRESENTATION('',(#7761),#7905);
#7917=PRODUCT_DEFINITION('design','',#7916,#7913);
#7918=PRODUCT_DEFINITION_SHAPE('','SHAPE FOR 1053091108.',#7917);
#7919=SHAPE_DEFINITION_REPRESENTATION(#7918,#7908);
ENDSEC;
END-ISO-10303-21;
